timestamp,endpoint,symbol,resolution,range_from,range_to,date_format,cont_flag,oi_flag,status_code,message
2026-09-17 11:20:35,/history,BSE:SENSEX-INDEX,5S,2026-06-09,2026-07-09,1,1,1,200,no_data
2026-09-17 11:20:36,/history,BSE:SENSEX-INDEX,5S,2026-07-10,2026-08-09,1,1,1,200,no_data
2026-09-17 11:20:38,/history,BSE:SENSEX-INDEX,5S,2026-08-10,2026-09-09,1,1,1,200,ok
2026-09-17 11:20:39,/history,BSE:SENSEX-INDEX,5S,2026-09-10,2026-09-17,1,1,1,200,ok
2026-09-17 11:20:42,/history,BSE:SENSEX-INDEX,1,2026-06-09,2026-09-17,1,1,1,200,ok
2026-09-17 11:20:43,/history,BSE:SENSEX-INDEX,5,2026-06-09,2026-09-17,1,1,1,200,ok
2026-09-17 11:20:43,/history,BSE:SENSEX-INDEX,60,2026-06-09,2026-09-17,1,1,1,200,ok
2026-09-17 11:20:44,/history,BSE:SENSEX-INDEX,D,2026-06-09,2026-09-17,1,1,1,200,ok
2026-09-17 11:20:46,/history,BSE:SENSEX26SEPFUT,5S,2026-06-09,2026-07-09,1,1,1,200,ok
2026-09-17 11:20:48,/history,BSE:SENSEX26SEPFUT,5S,2026-07-10,2026-08-09,1,1,1,200,ok
2026-09-17 11:20:50,/history,BSE:SENSEX26SEPFUT,5S,2026-08-10,2026-09-09,1,1,1,200,ok
2026-09-17 11:20:51,/history,BSE:SENSEX26SEPFUT,5S,2026-09-10,2026-09-17,1,1,1,200,ok
2026-09-17 11:20:56,/history,BSE:SENSEX26SEPFUT,1,2026-06-09,2026-09-17,1,1,1,200,ok
2026-09-17 11:20:57,/history,BSE:SENSEX26SEPFUT,5,2026-06-09,2026-09-17,1,1,1,200,ok
2026-09-17 11:20:58,/history,BSE:SENSEX26SEPFUT,60,2026-06-09,2026-09-17,1,1,1,200,ok
2026-09-17 11:20:58,/history,BSE:SENSEX26SEPFUT,D,2026-06-09,2026-09-17,1,1,1,200,ok
2026-09-17 11:20:58,/history,BSE:SENSEX2691769300PE,5S,2026-06-09,2026-07-09,1,1,1,200,no_data
2026-09-17 11:20:58,/history,BSE:SENSEX2691769300CE,5,2026-06-09,2026-09-17,1,1,1,200,no_data
2026-09-17 11:20:58,/history,BSE:SENSEX2691769300CE,5S,2026-06-09,2026-07-09,1,1,1,200,no_data
2026-09-17 11:20:58,/history,BSE:SENSEX2691769300PE,1,2026-06-09,2026-09-17,1,1,1,200,ok
2026-09-17 11:20:58,/history,BSE:SENSEX2691769300CE,1,2026-06-09,2026-09-17,1,1,1,200,no_data
2026-09-17 11:20:58,/history,BSE:SENSEX2691769300PE,5S,2026-07-10,2026-08-09,1,1,1,200,no_data
2026-09-17 11:20:59,/history,BSE:SENSEX2691769300PE,5,2026-06-09,2026-09-17,1,1,1,200,ok
2026-09-17 11:20:59,/history,BSE:SENSEX2691769300CE,5S,2026-07-10,2026-08-09,1,1,1,200,no_data
2026-09-17 11:20:59,/history,BSE:SENSEX2691769300PE,5S,2026-08-10,2026-09-09,1,1,1,200,no_data
2026-09-17 11:20:59,/history,BSE:SENSEX2691769300CE,D,2026-06-09,2026-09-17,1,1,1,200,no_data
2026-09-17 11:20:59,/history,BSE:SENSEX2691769300PE,60,2026-06-09,2026-09-17,1,1,1,200,ok
2026-09-17 11:20:59,/history,BSE:SENSEX2691769300CE,5S,2026-08-10,2026-09-09,1,1,1,200,no_data
2026-09-17 11:20:59,/history,BSE:SENSEX2691769300PE,5S,2026-09-10,2026-09-17,1,1,1,200,ok
2026-09-17 11:20:59,/history,BSE:SENSEX2691769400CE,5S,2026-06-09,2026-07-09,1,1,1,200,no_data
2026-09-17 11:21:00,/history,BSE:SENSEX2691769300PE,D,2026-06-09,2026-09-17,1,1,1,200,ok
2026-09-17 11:21:00,/history,BSE:SENSEX2691769300CE,60,2026-06-09,2026-09-17,1,1,1,200,no_data
2026-09-17 11:21:00,/history,BSE:SENSEX2691769400PE,1,2026-06-09,2026-09-17,1,1,1,200,ok
2026-09-17 11:21:00,/history,BSE:SENSEX2691769300CE,5S,2026-09-10,2026-09-17,1,1,1,200,no_data
2026-09-17 11:21:00,/history,BSE:SENSEX2691769400CE,5S,2026-07-10,2026-08-09,1,1,1,200,no_data
2026-09-17 11:21:00,/history,BSE:SENSEX2691769400CE,1,2026-06-09,2026-09-17,1,1,1,200,no_data
2026-09-17 11:21:00,/history,BSE:SENSEX2691769400PE,5S,2026-06-09,2026-07-09,1,1,1,200,no_data
2026-09-17 11:21:00,/history,BSE:SENSEX2691769400CE,5,2026-06-09,2026-09-17,1,1,1,200,no_data
2026-09-17 11:21:00,/history,BSE:SENSEX2691769400PE,5,2026-06-09,2026-09-17,1,1,1,200,ok
2026-09-17 11:21:00,/history,BSE:SENSEX2691769400CE,5S,2026-08-10,2026-09-09,1,1,1,200,no_data
2026-09-17 11:21:01,/history,BSE:SENSEX2691769400CE,D,2026-06-09,2026-09-17,1,1,1,200,no_data
2026-09-17 11:21:01,/history,BSE:SENSEX2691769400CE,60,2026-06-09,2026-09-17,1,1,1,200,no_data
2026-09-17 11:21:01,/history,BSE:SENSEX2691769400PE,D,2026-06-09,2026-09-17,1,1,1,200,ok
2026-09-17 11:21:01,/history,BSE:SENSEX2691769400PE,60,2026-06-09,2026-09-17,1,1,1,200,ok
2026-09-17 11:21:01,/history,BSE:SENSEX2691769500PE,5S,2026-06-09,2026-07-09,1,1,1,200,no_data
2026-09-17 11:21:01,/history,BSE:SENSEX2691769500CE,5S,2026-06-09,2026-07-09,1,1,1,200,no_data
2026-09-17 11:21:01,/history,BSE:SENSEX2691769400CE,5S,2026-09-10,2026-09-17,1,1,1,200,no_data
2026-09-17 11:21:01,/history,BSE:SENSEX2691769400PE,5S,2026-07-10,2026-08-09,1,1,1,200,no_data
2026-09-17 11:21:01,/history,BSE:SENSEX2691769500PE,5S,2026-07-10,2026-08-09,1,1,1,200,no_data
2026-09-17 11:21:02,/history,BSE:SENSEX2691769400PE,5S,2026-08-10,2026-09-09,1,1,1,200,no_data
2026-09-17 11:21:02,/history,BSE:SENSEX2691769500CE,5S,2026-07-10,2026-08-09,1,1,1,200,no_data
2026-09-17 11:21:02,/history,BSE:SENSEX2691769400PE,5S,2026-09-10,2026-09-17,1,1,1,200,ok
2026-09-17 11:21:02,/history,BSE:SENSEX2691769500PE,5S,2026-08-10,2026-09-09,1,1,1,200,no_data
2026-09-17 11:21:02,/history,BSE:SENSEX2691769500CE,1,2026-06-09,2026-09-17,1,1,1,200,no_data
2026-09-17 11:21:02,/history,BSE:SENSEX2691769500PE,1,2026-06-09,2026-09-17,1,1,1,200,ok
2026-09-17 11:21:02,/history,BSE:SENSEX2691769500CE,5S,2026-08-10,2026-09-09,1,1,1,200,no_data
2026-09-17 11:21:03,/history,BSE:SENSEX2691769500CE,5,2026-06-09,2026-09-17,1,1,1,200,no_data
2026-09-17 11:21:03,/history,BSE:SENSEX2691769500CE,60,2026-06-09,2026-09-17,1,1,1,200,no_data
2026-09-17 11:21:03,/history,BSE:SENSEX2691769500PE,5,2026-06-09,2026-09-17,1,1,1,200,ok
2026-09-17 11:21:03,/history,BSE:SENSEX2691769500PE,5S,2026-09-10,2026-09-17,1,1,1,200,ok
2026-09-17 11:21:03,/history,BSE:SENSEX2691769500PE,60,2026-06-09,2026-09-17,1,1,1,200,ok
2026-09-17 11:21:03,/history,BSE:SENSEX2691769500CE,D,2026-06-09,2026-09-17,1,1,1,200,no_data
2026-09-17 11:21:03,/history,BSE:SENSEX2691769600CE,5S,2026-06-09,2026-07-09,1,1,1,200,no_data
2026-09-17 11:21:03,/history,BSE:SENSEX2691769500PE,D,2026-06-09,2026-09-17,1,1,1,200,ok
2026-09-17 11:21:03,/history,BSE:SENSEX2691769500CE,5S,2026-09-10,2026-09-17,1,1,1,200,no_data
2026-09-17 11:21:04,/history,BSE:SENSEX2691769600CE,5,2026-06-09,2026-09-17,1,1,1,200,no_data
2026-09-17 11:21:04,/history,BSE:SENSEX2691769600PE,5S,2026-06-09,2026-07-09,1,1,1,200,no_data
2026-09-17 11:21:04,/history,BSE:SENSEX2691769600CE,5S,2026-07-10,2026-08-09,1,1,1,200,no_data
2026-09-17 11:21:04,/history,BSE:SENSEX2691769600CE,1,2026-06-09,2026-09-17,1,1,1,200,no_data
2026-09-17 11:21:04,/history,BSE:SENSEX2691769600PE,1,2026-06-09,2026-09-17,1,1,1,200,ok
2026-09-17 11:21:04,/history,BSE:SENSEX2691769600CE,60,2026-06-09,2026-09-17,1,1,1,200,no_data
2026-09-17 11:21:04,/history,BSE:SENSEX2691769600PE,5S,2026-07-10,2026-08-09,1,1,1,200,no_data
2026-09-17 11:21:04,/history,BSE:SENSEX2691769600CE,5S,2026-08-10,2026-09-09,1,1,1,200,no_data
2026-09-17 11:21:04,/history,BSE:SENSEX2691769600PE,60,2026-06-09,2026-09-17,1,1,1,200,ok
2026-09-17 11:21:05,/history,BSE:SENSEX2691769600PE,D,2026-06-09,2026-09-17,1,1,1,200,ok
2026-09-17 11:21:05,/history,BSE:SENSEX2691769600PE,5,2026-06-09,2026-09-17,1,1,1,200,ok
2026-09-17 11:21:05,/history,BSE:SENSEX2691769600CE,D,2026-06-09,2026-09-17,1,1,1,200,no_data
2026-09-17 11:21:05,/history,BSE:SENSEX2691769600PE,5S,2026-08-10,2026-09-09,1,1,1,200,no_data
2026-09-17 11:21:05,/history,BSE:SENSEX2691769700CE,5S,2026-06-09,2026-07-09,1,1,1,200,no_data
2026-09-17 11:21:05,/history,BSE:SENSEX2691769700PE,5S,2026-06-09,2026-07-09,1,1,1,200,no_data
2026-09-17 11:21:05,/history,BSE:SENSEX2691769700CE,1,2026-06-09,2026-09-17,1,1,1,200,no_data
2026-09-17 11:21:05,/history,BSE:SENSEX2691769700CE,5S,2026-07-10,2026-08-09,1,1,1,200,no_data
2026-09-17 11:21:05,/history,BSE:SENSEX2691769600CE,5S,2026-09-10,2026-09-17,1,1,1,200,no_data
2026-09-17 11:21:06,/history,BSE:SENSEX2691769700PE,5S,2026-07-10,2026-08-09,1,1,1,200,no_data
2026-09-17 11:21:06,/history,BSE:SENSEX2691769700CE,5S,2026-08-10,2026-09-09,1,1,1,200,no_data
2026-09-17 11:21:06,/history,BSE:SENSEX2691769600PE,5S,2026-09-10,2026-09-17,1,1,1,200,ok
2026-09-17 11:21:06,/history,BSE:SENSEX2691769700PE,1,2026-06-09,2026-09-17,1,1,1,200,ok
2026-09-17 11:21:06,/history,BSE:SENSEX2691769700PE,5,2026-06-09,2026-09-17,1,1,1,200,ok
2026-09-17 11:21:06,/history,BSE:SENSEX2691769700PE,5S,2026-08-10,2026-09-09,1,1,1,200,no_data
2026-09-17 11:21:06,/history,BSE:SENSEX2691769700CE,5,2026-06-09,2026-09-17,1,1,1,200,no_data
2026-09-17 11:21:06,/history,BSE:SENSEX2691769700CE,60,2026-06-09,2026-09-17,1,1,1,200,no_data
2026-09-17 11:21:06,/history,BSE:SENSEX2691769700CE,5S,2026-09-10,2026-09-17,1,1,1,200,no_data
2026-09-17 11:21:07,/history,BSE:SENSEX2691769700PE,60,2026-06-09,2026-09-17,1,1,1,200,ok
2026-09-17 11:21:07,/history,BSE:SENSEX2691769700CE,D,2026-06-09,2026-09-17,1,1,1,200,no_data
2026-09-17 11:21:07,/history,BSE:SENSEX2691769700PE,D,2026-06-09,2026-09-17,1,1,1,200,ok
2026-09-17 11:21:07,/history,BSE:SENSEX2691769700PE,5S,2026-09-10,2026-09-17,1,1,1,200,ok
2026-09-17 11:21:07,/history,BSE:SENSEX2691769800CE,1,2026-06-09,2026-09-17,1,1,1,200,no_data
2026-09-17 11:21:07,/history,BSE:SENSEX2691769800CE,5,2026-06-09,2026-09-17,1,1,1,200,no_data
2026-09-17 11:21:07,/history,BSE:SENSEX2691769800PE,5,2026-06-09,2026-09-17,1,1,1,200,ok
2026-09-17 11:21:07,/history,BSE:SENSEX2691769800PE,1,2026-06-09,2026-09-17,1,1,1,200,ok
2026-09-17 11:21:07,/history,BSE:SENSEX2691769800PE,5S,2026-06-09,2026-07-09,1,1,1,200,no_data
2026-09-17 11:21:08,/history,BSE:SENSEX2691769800PE,60,2026-06-09,2026-09-17,1,1,1,200,ok
2026-09-17 11:21:08,/history,BSE:SENSEX2691769800CE,5S,2026-06-09,2026-07-09,1,1,1,200,no_data
2026-09-17 11:21:08,/history,BSE:SENSEX2691769800CE,60,2026-06-09,2026-09-17,1,1,1,200,no_data
2026-09-17 11:21:08,/history,BSE:SENSEX2691769800CE,D,2026-06-09,2026-09-17,1,1,1,200,no_data
2026-09-17 11:21:08,/history,BSE:SENSEX2691769800CE,5S,2026-07-10,2026-08-09,1,1,1,200,no_data
2026-09-17 11:21:08,/history,BSE:SENSEX2691769800PE,5S,2026-07-10,2026-08-09,1,1,1,200,no_data
2026-09-17 11:21:08,/history,BSE:SENSEX2691769900CE,5S,2026-06-09,2026-07-09,1,1,1,200,no_data
2026-09-17 11:21:08,/history,BSE:SENSEX2691769800CE,5S,2026-08-10,2026-09-09,1,1,1,200,no_data
2026-09-17 11:21:09,/history,BSE:SENSEX2691769800PE,D,2026-06-09,2026-09-17,1,1,1,200,ok
2026-09-17 11:21:09,/history,BSE:SENSEX2691769900CE,5S,2026-07-10,2026-08-09,1,1,1,200,no_data
2026-09-17 11:21:09,/history,BSE:SENSEX2691769800PE,5S,2026-08-10,2026-09-09,1,1,1,200,no_data
2026-09-17 11:21:09,/history,BSE:SENSEX2691769800CE,5S,2026-09-10,2026-09-17,1,1,1,200,no_data
2026-09-17 11:21:09,/history,BSE:SENSEX2691769900CE,1,2026-06-09,2026-09-17,1,1,1,200,no_data
2026-09-17 11:21:09,/history,BSE:SENSEX2691769900CE,5S,2026-08-10,2026-09-09,1,1,1,200,no_data
2026-09-17 11:21:09,/history,BSE:SENSEX2691769900PE,5S,2026-06-09,2026-07-09,1,1,1,200,no_data
2026-09-17 11:21:10,/history,BSE:SENSEX2691769900PE,1,2026-06-09,2026-09-17,1,1,1,200,ok
2026-09-17 11:21:10,/history,BSE:SENSEX2691769900CE,5,2026-06-09,2026-09-17,1,1,1,200,no_data
2026-09-17 11:21:10,/history,BSE:SENSEX2691769900PE,5S,2026-07-10,2026-08-09,1,1,1,200,no_data
2026-09-17 11:21:10,/history,BSE:SENSEX2691769900CE,5S,2026-09-10,2026-09-17,1,1,1,200,no_data
2026-09-17 11:21:10,/history,BSE:SENSEX2691769900PE,5,2026-06-09,2026-09-17,1,1,1,200,ok
2026-09-17 11:21:10,/history,BSE:SENSEX2691769900PE,5S,2026-08-10,2026-09-09,1,1,1,200,no_data
2026-09-17 11:21:10,/history,BSE:SENSEX2691769900PE,60,2026-06-09,2026-09-17,1,1,1,200,ok
2026-09-17 11:21:10,/history,BSE:SENSEX2691769900CE,60,2026-06-09,2026-09-17,1,1,1,200,no_data
2026-09-17 11:21:10,/history,BSE:SENSEX2691769900CE,D,2026-06-09,2026-09-17,1,1,1,200,no_data
2026-09-17 11:21:10,/history,BSE:SENSEX2691769800PE,5S,2026-09-10,2026-09-17,1,1,1,200,ok
2026-09-17 11:21:11,/history,BSE:SENSEX2691769900PE,D,2026-06-09,2026-09-17,1,1,1,200,ok
2026-09-17 11:21:11,/history,BSE:SENSEX2691770000PE,5S,2026-06-09,2026-07-09,1,1,1,200,no_data
2026-09-17 11:21:11,/history,BSE:SENSEX2691770000CE,5S,2026-06-09,2026-07-09,1,1,1,200,no_data
2026-09-17 11:21:11,/history,BSE:SENSEX2691770000CE,1,2026-06-09,2026-09-17,1,1,1,200,ok
2026-09-17 11:21:11,/history,BSE:SENSEX2691769900PE,5S,2026-09-10,2026-09-17,1,1,1,200,ok
2026-09-17 11:21:11,/history,BSE:SENSEX2691770000PE,5S,2026-07-10,2026-08-09,1,1,1,200,no_data
2026-09-17 11:21:11,/history,BSE:SENSEX2691770000CE,5S,2026-07-10,2026-08-09,1,1,1,200,no_data
2026-09-17 11:21:12,/history,BSE:SENSEX2691770000PE,1,2026-06-09,2026-09-17,1,1,1,200,ok
2026-09-17 11:21:12,/history,BSE:SENSEX2691770000PE,5S,2026-08-10,2026-09-09,1,1,1,200,no_data
2026-09-17 11:21:12,/history,BSE:SENSEX2691770000CE,5S,2026-08-10,2026-09-09,1,1,1,200,no_data
2026-09-17 11:21:12,/history,BSE:SENSEX2691770000CE,5,2026-06-09,2026-09-17,1,1,1,200,ok
2026-09-17 11:21:12,/history,BSE:SENSEX2691770000CE,60,2026-06-09,2026-09-17,1,1,1,200,ok
2026-09-17 11:21:12,/history,BSE:SENSEX2691770000PE,5,2026-06-09,2026-09-17,1,1,1,200,ok
2026-09-17 11:21:12,/history,BSE:SENSEX2691770000PE,5S,2026-09-10,2026-09-17,1,1,1,200,ok
2026-09-17 11:21:12,/history,BSE:SENSEX2691770000CE,D,2026-06-09,2026-09-17,1,1,1,200,ok
2026-09-17 11:21:12,/history,BSE:SENSEX2691770000PE,60,2026-06-09,2026-09-17,1,1,1,200,ok
2026-09-17 11:21:13,/history,BSE:SENSEX2691770000PE,D,2026-06-09,2026-09-17,1,1,1,200,ok
2026-09-17 11:21:13,/history,BSE:SENSEX2691770100CE,5S,2026-06-09,2026-07-09,1,1,1,200,no_data
2026-09-17 11:21:13,/history,BSE:SENSEX2691770000CE,5S,2026-09-10,2026-09-17,1,1,1,200,ok
2026-09-17 11:21:13,/history,BSE:SENSEX2691770100PE,5S,2026-06-09,2026-07-09,1,1,1,200,no_data
2026-09-17 11:21:13,/history,BSE:SENSEX2691770100PE,1,2026-06-09,2026-09-17,1,1,1,200,ok
2026-09-17 11:21:13,/history,BSE:SENSEX2691770100CE,5S,2026-07-10,2026-08-09,1,1,1,200,no_data
2026-09-17 11:21:13,/history,BSE:SENSEX2691770100PE,5S,2026-07-10,2026-08-09,1,1,1,200,no_data
2026-09-17 11:21:13,/history,BSE:SENSEX2691770100CE,5,2026-06-09,2026-09-17,1,1,1,200,no_data
2026-09-17 11:21:13,/history,BSE:SENSEX2691770100PE,5,2026-06-09,2026-09-17,1,1,1,200,ok
2026-09-17 11:21:14,/history,BSE:SENSEX2691770100CE,60,2026-06-09,2026-09-17,1,1,1,200,no_data
2026-09-17 11:21:14,/history,BSE:SENSEX2691770100CE,1,2026-06-09,2026-09-17,1,1,1,200,no_data
2026-09-17 11:21:14,/history,BSE:SENSEX2691770100CE,5S,2026-08-10,2026-09-09,1,1,1,200,no_data
2026-09-17 11:21:14,/history,BSE:SENSEX2691770100PE,60,2026-06-09,2026-09-17,1,1,1,200,ok
2026-09-17 11:21:14,/history,BSE:SENSEX2691770100CE,D,2026-06-09,2026-09-17,1,1,1,200,no_data
2026-09-17 11:21:14,/history,BSE:SENSEX2691770100CE,5S,2026-09-10,2026-09-17,1,1,1,200,no_data
2026-09-17 11:21:14,/history,BSE:SENSEX2691770200CE,5S,2026-06-09,2026-07-09,1,1,1,200,no_data
2026-09-17 11:21:14,/history,BSE:SENSEX2691770200CE,5S,2026-07-10,2026-08-09,1,1,1,200,no_data
2026-09-17 11:21:14,/history,BSE:SENSEX2691770200PE,5S,2026-06-09,2026-07-09,1,1,1,200,no_data
2026-09-17 11:21:15,/history,BSE:SENSEX2691770200CE,1,2026-06-09,2026-09-17,1,1,1,200,no_data
2026-09-17 11:21:15,/history,BSE:SENSEX2691770200PE,5S,2026-07-10,2026-08-09,1,1,1,200,no_data
2026-09-17 11:21:15,/history,BSE:SENSEX2691770100PE,D,2026-06-09,2026-09-17,1,1,1,200,ok
2026-09-17 11:21:15,/history,BSE:SENSEX2691770100PE,5S,2026-08-10,2026-09-09,1,1,1,200,no_data
2026-09-17 11:21:15,/history,BSE:SENSEX2691770200CE,5S,2026-08-10,2026-09-09,1,1,1,200,no_data
2026-09-17 11:21:15,/history,BSE:SENSEX2691770200PE,1,2026-06-09,2026-09-17,1,1,1,200,ok
2026-09-17 11:21:15,/history,BSE:SENSEX2691770200CE,5,2026-06-09,2026-09-17,1,1,1,200,no_data
2026-09-17 11:21:15,/history,BSE:SENSEX2691770200CE,5S,2026-09-10,2026-09-17,1,1,1,200,no_data
2026-09-17 11:21:15,/history,BSE:SENSEX2691770200PE,5,2026-06-09,2026-09-17,1,1,1,200,ok
2026-09-17 11:21:16,/history,BSE:SENSEX2691770200CE,D,2026-06-09,2026-09-17,1,1,1,200,no_data
2026-09-17 11:21:16,/history,BSE:SENSEX2691770200PE,5S,2026-08-10,2026-09-09,1,1,1,200,no_data
2026-09-17 11:21:16,/history,BSE:SENSEX2691770200CE,60,2026-06-09,2026-09-17,1,1,1,200,no_data
2026-09-17 11:21:16,/history,BSE:SENSEX2691770200PE,60,2026-06-09,2026-09-17,1,1,1,200,ok
2026-09-17 11:21:16,/history,BSE:SENSEX2691770200PE,D,2026-06-09,2026-09-17,1,1,1,200,ok
2026-09-17 11:21:16,/history,BSE:SENSEX2691770300CE,5S,2026-06-09,2026-07-09,1,1,1,200,no_data
2026-09-17 11:21:16,/history,BSE:SENSEX2691770300CE,5S,2026-07-10,2026-08-09,1,1,1,200,no_data
2026-09-17 11:21:16,/history,BSE:SENSEX2691770100PE,5S,2026-09-10,2026-09-17,1,1,1,200,ok
2026-09-17 11:21:17,/history,BSE:SENSEX2691770300PE,5S,2026-06-09,2026-07-09,1,1,1,200,no_data
2026-09-17 11:21:17,/history,BSE:SENSEX2691770300CE,1,2026-06-09,2026-09-17,1,1,1,200,no_data
2026-09-17 11:21:17,/history,BSE:SENSEX2691770200PE,5S,2026-09-10,2026-09-17,1,1,1,200,ok
2026-09-17 11:21:17,/history,BSE:SENSEX2691770300CE,5S,2026-08-10,2026-09-09,1,1,1,200,no_data
2026-09-17 11:21:17,/history,BSE:SENSEX2691770300CE,5,2026-06-09,2026-09-17,1,1,1,200,no_data
2026-09-17 11:21:17,/history,BSE:SENSEX2691770300PE,5S,2026-07-10,2026-08-09,1,1,1,200,no_data
2026-09-17 11:21:17,/history,BSE:SENSEX2691770300PE,1,2026-06-09,2026-09-17,1,1,1,200,ok
2026-09-17 11:21:17,/history,BSE:SENSEX2691770300CE,5S,2026-09-10,2026-09-17,1,1,1,200,no_data
2026-09-17 11:21:17,/history,BSE:SENSEX2691770300CE,60,2026-06-09,2026-09-17,1,1,1,200,no_data
2026-09-17 11:21:17,/history,BSE:SENSEX2691770300PE,5S,2026-08-10,2026-09-09,1,1,1,200,no_data
2026-09-17 11:21:18,/history,BSE:SENSEX2691770300PE,60,2026-06-09,2026-09-17,1,1,1,200,ok
2026-09-17 11:21:18,/history,BSE:SENSEX2691770300PE,5,2026-06-09,2026-09-17,1,1,1,200,ok
2026-09-17 11:21:18,/history,BSE:SENSEX2691770300PE,D,2026-06-09,2026-09-17,1,1,1,200,ok
2026-09-17 11:21:18,/history,BSE:SENSEX2691770400CE,5S,2026-06-09,2026-07-09,1,1,1,200,no_data
2026-09-17 11:21:18,/history,BSE:SENSEX2691770400CE,1,2026-06-09,2026-09-17,1,1,1,200,no_data
2026-09-17 11:21:18,/history,BSE:SENSEX2691770400PE,5S,2026-06-09,2026-07-09,1,1,1,200,no_data
2026-09-17 11:21:18,/history,BSE:SENSEX2691770400PE,5S,2026-07-10,2026-08-09,1,1,1,200,no_data
2026-09-17 11:21:19,/history,BSE:SENSEX2691770300PE,5S,2026-09-10,2026-09-17,1,1,1,200,ok
2026-09-17 11:21:35,/history,BSE:SENSEX2691770400CE,5S,2026-07-10,2026-08-09,1,1,1,200,no_data
2026-09-17 11:21:36,/history,BSE:SENSEX2691770400PE,5S,2026-08-10,2026-09-09,1,1,1,200,no_data
2026-09-17 11:21:36,/history,BSE:SENSEX2691770400PE,5S,2026-09-10,2026-09-17,1,1,1,200,ok
2026-09-17 11:21:38,/history,BSE:SENSEX2691770400CE,5,2026-06-09,2026-09-17,1,1,1,200,no_data
2026-09-17 11:21:42,/history,BSE:SENSEX2691770400PE,1,2026-06-09,2026-09-17,1,1,1,200,ok
2026-09-17 11:21:43,/history,BSE:SENSEX2691770400CE,60,2026-06-09,2026-09-17,1,1,1,200,no_data
2026-09-17 11:21:43,/history,BSE:SENSEX2691770300CE,D,2026-06-09,2026-09-17,1,1,1,200,no_data
2026-09-17 11:21:44,/history,BSE:SENSEX2691770400PE,60,2026-06-09,2026-09-17,1,1,1,200,ok
2026-09-17 11:21:44,/history,BSE:SENSEX2691770500CE,5S,2026-06-09,2026-07-09,1,1,1,200,no_data
2026-09-17 11:21:46,/history,BSE:SENSEX2691770500CE,5S,2026-07-10,2026-08-09,1,1,1,200,no_data
2026-09-17 11:21:49,/history,BSE:SENSEX2691770500CE,5S,2026-08-10,2026-09-09,1,1,1,200,no_data
2026-09-17 11:21:51,/history,BSE:SENSEX2691770400CE,D,2026-06-09,2026-09-17,1,1,1,200,no_data
2026-09-17 11:21:56,/history,BSE:SENSEX2691770400CE,5S,2026-08-10,2026-09-09,1,1,1,200,no_data
2026-09-17 11:21:58,/history,BSE:SENSEX2691770400PE,D,2026-06-09,2026-09-17,1,1,1,200,ok
2026-09-17 11:21:58,/history,BSE:SENSEX2691770500CE,5S,2026-09-10,2026-09-17,1,1,1,200,no_data
2026-09-17 11:21:58,/history,BSE:SENSEX2691770400CE,5S,2026-09-10,2026-09-17,1,1,1,200,no_data
2026-09-17 11:21:58,/history,BSE:SENSEX2691770500CE,5,2026-06-09,2026-09-17,1,1,1,200,no_data
2026-09-17 11:21:58,/history,BSE:SENSEX2691770500PE,5,2026-06-09,2026-09-17,1,1,1,200,ok
2026-09-17 11:21:59,/history,BSE:SENSEX2691770500CE,60,2026-06-09,2026-09-17,1,1,1,200,no_data
2026-09-17 11:21:59,/history,BSE:SENSEX2691770500PE,5S,2026-06-09,2026-07-09,1,1,1,200,no_data
2026-09-17 11:21:59,/history,BSE:SENSEX2691770500CE,1,2026-06-09,2026-09-17,1,1,1,200,no_data
2026-09-17 11:21:59,/history,BSE:SENSEX2691770400PE,5,2026-06-09,2026-09-17,1,1,1,200,ok
2026-09-17 11:21:59,/history,BSE:SENSEX2691770500PE,60,2026-06-09,2026-09-17,1,1,1,200,ok
2026-09-17 11:21:59,/history,BSE:SENSEX2691770500PE,5S,2026-07-10,2026-08-09,1,1,1,200,no_data
2026-09-17 11:21:59,/history,BSE:SENSEX2691770500PE,1,2026-06-09,2026-09-17,1,1,1,200,ok
2026-09-17 11:21:59,/history,BSE:SENSEX2691770500CE,D,2026-06-09,2026-09-17,1,1,1,200,no_data
2026-09-17 11:21:59,/history,BSE:SENSEX2691770600CE,1,2026-06-09,2026-09-17,1,1,1,200,ok
2026-09-17 11:22:00,/history,BSE:SENSEX2691770500PE,D,2026-06-09,2026-09-17,1,1,1,200,ok
2026-09-17 11:22:00,/history,BSE:SENSEX2691770600CE,5S,2026-06-09,2026-07-09,1,1,1,200,no_data
2026-09-17 11:22:00,/history,BSE:SENSEX2691770600CE,5,2026-06-09,2026-09-17,1,1,1,200,ok
2026-09-17 11:22:00,/history,BSE:SENSEX2691770500PE,5S,2026-08-10,2026-09-09,1,1,1,200,no_data
2026-09-17 11:22:00,/history,BSE:SENSEX2691770600PE,5S,2026-06-09,2026-07-09,1,1,1,200,no_data
2026-09-17 11:22:00,/history,BSE:SENSEX2691770600CE,5S,2026-07-10,2026-08-09,1,1,1,200,no_data
2026-09-17 11:22:00,/history,BSE:SENSEX2691770600PE,1,2026-06-09,2026-09-17,1,1,1,200,ok
2026-09-17 11:22:00,/history,BSE:SENSEX2691770600PE,5,2026-06-09,2026-09-17,1,1,1,200,ok
2026-09-17 11:22:01,/history,BSE:SENSEX2691770600PE,60,2026-06-09,2026-09-17,1,1,1,200,ok
2026-09-17 11:22:01,/history,BSE:SENSEX2691770600CE,60,2026-06-09,2026-09-17,1,1,1,200,ok
2026-09-17 11:22:01,/history,BSE:SENSEX2691770600CE,5S,2026-08-10,2026-09-09,1,1,1,200,ok
2026-09-17 11:22:01,/history,BSE:SENSEX2691770600PE,5S,2026-07-10,2026-08-09,1,1,1,200,no_data
2026-09-17 11:22:01,/history,BSE:SENSEX2691770600CE,D,2026-06-09,2026-09-17,1,1,1,200,ok
2026-09-17 11:22:01,/history,BSE:SENSEX2691770500PE,5S,2026-09-10,2026-09-17,1,1,1,200,ok
2026-09-17 11:22:01,/history,BSE:SENSEX2691770600PE,D,2026-06-09,2026-09-17,1,1,1,200,ok
2026-09-17 11:22:01,/history,BSE:SENSEX2691770600CE,5S,2026-09-10,2026-09-17,1,1,1,200,no_data
2026-09-17 11:22:02,/history,BSE:SENSEX2691770700CE,5S,2026-06-09,2026-07-09,1,1,1,200,no_data
2026-09-17 11:22:02,/history,BSE:SENSEX2691770600PE,5S,2026-08-10,2026-09-09,1,1,1,200,ok
2026-09-17 11:22:02,/history,BSE:SENSEX2691770700PE,5S,2026-06-09,2026-07-09,1,1,1,200,no_data
2026-09-17 11:22:02,/history,BSE:SENSEX2691770700CE,5S,2026-07-10,2026-08-09,1,1,1,200,no_data
2026-09-17 11:22:02,/history,BSE:SENSEX2691770700PE,1,2026-06-09,2026-09-17,1,1,1,200,ok
2026-09-17 11:22:02,/history,BSE:SENSEX2691770700CE,1,2026-06-09,2026-09-17,1,1,1,200,no_data
2026-09-17 11:22:02,/history,BSE:SENSEX2691770700CE,5,2026-06-09,2026-09-17,1,1,1,200,no_data
2026-09-17 11:22:03,/history,BSE:SENSEX2691770700PE,5S,2026-07-10,2026-08-09,1,1,1,200,no_data
2026-09-17 11:22:03,/history,BSE:SENSEX2691770700CE,5S,2026-08-10,2026-09-09,1,1,1,200,no_data
2026-09-17 11:22:03,/history,BSE:SENSEX2691770700PE,5,2026-06-09,2026-09-17,1,1,1,200,ok
2026-09-17 11:22:03,/history,BSE:SENSEX2691770600PE,5S,2026-09-10,2026-09-17,1,1,1,200,ok
2026-09-17 11:22:03,/history,BSE:SENSEX2691770700CE,60,2026-06-09,2026-09-17,1,1,1,200,no_data
2026-09-17 11:22:03,/history,BSE:SENSEX2691770700PE,60,2026-06-09,2026-09-17,1,1,1,200,ok
2026-09-17 11:22:03,/history,BSE:SENSEX2691770700CE,5S,2026-09-10,2026-09-17,1,1,1,200,no_data
2026-09-17 11:22:03,/history,BSE:SENSEX2691770700CE,D,2026-06-09,2026-09-17,1,1,1,200,no_data
2026-09-17 11:22:03,/history,BSE:SENSEX2691770700PE,5S,2026-08-10,2026-09-09,1,1,1,200,ok
2026-09-17 11:22:04,/history,BSE:SENSEX2691770700PE,D,2026-06-09,2026-09-17,1,1,1,200,ok
2026-09-17 11:22:04,/history,BSE:SENSEX2691770800CE,5S,2026-06-09,2026-07-09,1,1,1,200,no_data
2026-09-17 11:22:04,/history,BSE:SENSEX2691770800CE,1,2026-06-09,2026-09-17,1,1,1,200,no_data
2026-09-17 11:22:04,/history,BSE:SENSEX2691770800PE,5S,2026-06-09,2026-07-09,1,1,1,200,no_data
2026-09-17 11:22:04,/history,BSE:SENSEX2691770800PE,1,2026-06-09,2026-09-17,1,1,1,200,ok
2026-09-17 11:22:04,/history,BSE:SENSEX2691770800CE,5,2026-06-09,2026-09-17,1,1,1,200,no_data
2026-09-17 11:22:04,/history,BSE:SENSEX2691770800CE,5S,2026-07-10,2026-08-09,1,1,1,200,no_data
2026-09-17 11:22:04,/history,BSE:SENSEX2691770800PE,5S,2026-07-10,2026-08-09,1,1,1,200,no_data
2026-09-17 11:22:05,/history,BSE:SENSEX2691770700PE,5S,2026-09-10,2026-09-17,1,1,1,200,ok
2026-09-17 11:22:05,/history,BSE:SENSEX2691770800CE,60,2026-06-09,2026-09-17,1,1,1,200,no_data
2026-09-17 11:22:05,/history,BSE:SENSEX2691770800CE,5S,2026-08-10,2026-09-09,1,1,1,200,no_data
2026-09-17 11:22:05,/history,BSE:SENSEX2691770800PE,5,2026-06-09,2026-09-17,1,1,1,200,ok
2026-09-17 11:22:05,/history,BSE:SENSEX2691770800PE,5S,2026-08-10,2026-09-09,1,1,1,200,ok
2026-09-17 11:22:05,/history,BSE:SENSEX2691770800PE,60,2026-06-09,2026-09-17,1,1,1,200,ok
2026-09-17 11:22:05,/history,BSE:SENSEX2691770800CE,5S,2026-09-10,2026-09-17,1,1,1,200,no_data
2026-09-17 11:22:05,/history,BSE:SENSEX2691770800CE,D,2026-06-09,2026-09-17,1,1,1,200,no_data
2026-09-17 11:22:05,/history,BSE:SENSEX2691770800PE,D,2026-06-09,2026-09-17,1,1,1,200,ok
2026-09-17 11:22:06,/history,BSE:SENSEX2691770900CE,5S,2026-06-09,2026-07-09,1,1,1,200,no_data
2026-09-17 11:22:06,/history,BSE:SENSEX2691770800PE,5S,2026-09-10,2026-09-17,1,1,1,200,ok
2026-09-17 11:22:06,/history,BSE:SENSEX2691770900PE,1,2026-06-09,2026-09-17,1,1,1,200,ok
2026-09-17 11:22:06,/history,BSE:SENSEX2691770900CE,1,2026-06-09,2026-09-17,1,1,1,200,no_data
2026-09-17 11:22:06,/history,BSE:SENSEX2691770900PE,5S,2026-06-09,2026-07-09,1,1,1,200,no_data
2026-09-17 11:22:06,/history,BSE:SENSEX2691770900CE,5S,2026-07-10,2026-08-09,1,1,1,200,no_data
2026-09-17 11:22:06,/history,BSE:SENSEX2691770900CE,5,2026-06-09,2026-09-17,1,1,1,200,no_data
2026-09-17 11:22:06,/history,BSE:SENSEX2691770900PE,5S,2026-07-10,2026-08-09,1,1,1,200,no_data
2026-09-17 11:22:06,/history,BSE:SENSEX2691770900PE,5,2026-06-09,2026-09-17,1,1,1,200,ok
2026-09-17 11:22:06,/history,BSE:SENSEX2691770900CE,60,2026-06-09,2026-09-17,1,1,1,200,no_data
2026-09-17 11:22:07,/history,BSE:SENSEX2691770900CE,5S,2026-08-10,2026-09-09,1,1,1,200,no_data
2026-09-17 11:22:07,/history,BSE:SENSEX2691770900PE,60,2026-06-09,2026-09-17,1,1,1,200,ok
2026-09-17 11:22:07,/history,BSE:SENSEX2691770900PE,D,2026-06-09,2026-09-17,1,1,1,200,ok
2026-09-17 11:22:07,/history,BSE:SENSEX2691770900PE,5S,2026-08-10,2026-09-09,1,1,1,200,ok
2026-09-17 11:22:07,/history,BSE:SENSEX2691770900CE,5S,2026-09-10,2026-09-17,1,1,1,200,no_data
2026-09-17 11:22:07,/history,BSE:SENSEX2691770900CE,D,2026-06-09,2026-09-17,1,1,1,200,no_data
2026-09-17 11:22:07,/history,BSE:SENSEX2691771000CE,5S,2026-06-09,2026-07-09,1,1,1,200,no_data
2026-09-17 11:22:07,/history,BSE:SENSEX2691771000PE,5S,2026-06-09,2026-07-09,1,1,1,200,no_data
2026-09-17 11:22:08,/history,BSE:SENSEX2691771000CE,1,2026-06-09,2026-09-17,1,1,1,200,ok
2026-09-17 11:22:08,/history,BSE:SENSEX2691771000PE,5S,2026-07-10,2026-08-09,1,1,1,200,no_data
2026-09-17 11:22:08,/history,BSE:SENSEX2691771000CE,5S,2026-07-10,2026-08-09,1,1,1,200,no_data
2026-09-17 11:22:08,/history,BSE:SENSEX2691771000PE,1,2026-06-09,2026-09-17,1,1,1,200,ok
2026-09-17 11:22:08,/history,BSE:SENSEX2691770900PE,5S,2026-09-10,2026-09-17,1,1,1,200,ok
2026-09-17 11:22:08,/history,BSE:SENSEX2691771000CE,5S,2026-08-10,2026-09-09,1,1,1,200,no_data
2026-09-17 11:22:08,/history,BSE:SENSEX2691771000CE,5,2026-06-09,2026-09-17,1,1,1,200,ok
2026-09-17 11:22:08,/history,BSE:SENSEX2691771000PE,5,2026-06-09,2026-09-17,1,1,1,200,ok
2026-09-17 11:22:08,/history,BSE:SENSEX2691771000PE,5S,2026-08-10,2026-09-09,1,1,1,200,ok
2026-09-17 11:22:08,/history,BSE:SENSEX2691771000CE,60,2026-06-09,2026-09-17,1,1,1,200,ok
2026-09-17 11:22:09,/history,BSE:SENSEX2691771000PE,60,2026-06-09,2026-09-17,1,1,1,200,ok
2026-09-17 11:22:09,/history,BSE:SENSEX2691771000PE,D,2026-06-09,2026-09-17,1,1,1,200,ok
2026-09-17 11:22:09,/history,BSE:SENSEX2691771000CE,5S,2026-09-10,2026-09-17,1,1,1,200,ok
2026-09-17 11:22:09,/history,BSE:SENSEX2691771100PE,5S,2026-06-09,2026-07-09,1,1,1,200,no_data
2026-09-17 11:22:09,/history,BSE:SENSEX2691771100CE,5S,2026-06-09,2026-07-09,1,1,1,200,no_data
2026-09-17 11:22:09,/history,BSE:SENSEX2691771000CE,D,2026-06-09,2026-09-17,1,1,1,200,ok
2026-09-17 11:22:09,/history,BSE:SENSEX2691771000PE,5S,2026-09-10,2026-09-17,1,1,1,200,ok
2026-09-17 11:22:10,/history,BSE:SENSEX2691771100PE,5S,2026-07-10,2026-08-09,1,1,1,200,no_data
2026-09-17 11:22:10,/history,BSE:SENSEX2691771100CE,5S,2026-07-10,2026-08-09,1,1,1,200,no_data
2026-09-17 11:22:10,/history,BSE:SENSEX2691771100CE,1,2026-06-09,2026-09-17,1,1,1,200,no_data
2026-09-17 11:22:10,/history,BSE:SENSEX2691771100PE,1,2026-06-09,2026-09-17,1,1,1,200,ok
2026-09-17 11:22:10,/history,BSE:SENSEX2691771100CE,5S,2026-08-10,2026-09-09,1,1,1,200,no_data
2026-09-17 11:22:10,/history,BSE:SENSEX2691771100PE,5S,2026-08-10,2026-09-09,1,1,1,200,ok
2026-09-17 11:22:10,/history,BSE:SENSEX2691771100CE,5S,2026-09-10,2026-09-17,1,1,1,200,no_data
2026-09-17 11:22:10,/history,BSE:SENSEX2691771100CE,5,2026-06-09,2026-09-17,1,1,1,200,no_data
2026-09-17 11:22:10,/history,BSE:SENSEX2691771100CE,60,2026-06-09,2026-09-17,1,1,1,200,no_data
2026-09-17 11:22:11,/history,BSE:SENSEX2691771100PE,60,2026-06-09,2026-09-17,1,1,1,200,ok
2026-09-17 11:22:11,/history,BSE:SENSEX2691771100PE,5,2026-06-09,2026-09-17,1,1,1,200,ok
2026-09-17 11:22:11,/history,BSE:SENSEX2691771100CE,D,2026-06-09,2026-09-17,1,1,1,200,no_data
2026-09-17 11:22:11,/history,BSE:SENSEX2691771100PE,D,2026-06-09,2026-09-17,1,1,1,200,ok
2026-09-17 11:22:11,/history,BSE:SENSEX2691771200CE,5S,2026-06-09,2026-07-09,1,1,1,200,no_data
2026-09-17 11:22:11,/history,BSE:SENSEX2691771200CE,1,2026-06-09,2026-09-17,1,1,1,200,no_data
2026-09-17 11:22:11,/history,BSE:SENSEX2691771100PE,5S,2026-09-10,2026-09-17,1,1,1,200,ok
2026-09-17 11:22:11,/history,BSE:SENSEX2691771200PE,5S,2026-06-09,2026-07-09,1,1,1,200,no_data
2026-09-17 11:22:11,/history,BSE:SENSEX2691771200CE,5S,2026-07-10,2026-08-09,1,1,1,200,no_data
2026-09-17 11:22:12,/history,BSE:SENSEX2691771200CE,5,2026-06-09,2026-09-17,1,1,1,200,no_data
2026-09-17 11:22:12,/history,BSE:SENSEX2691771200PE,5S,2026-07-10,2026-08-09,1,1,1,200,no_data
2026-09-17 11:22:12,/history,BSE:SENSEX2691771200PE,5,2026-06-09,2026-09-17,1,1,1,200,ok
2026-09-17 11:22:12,/history,BSE:SENSEX2691771200PE,1,2026-06-09,2026-09-17,1,1,1,200,ok
2026-09-17 11:22:12,/history,BSE:SENSEX2691771200CE,60,2026-06-09,2026-09-17,1,1,1,200,no_data
2026-09-17 11:22:12,/history,BSE:SENSEX2691771200PE,5S,2026-08-10,2026-09-09,1,1,1,200,ok
2026-09-17 11:22:12,/history,BSE:SENSEX2691771200CE,D,2026-06-09,2026-09-17,1,1,1,200,no_data
2026-09-17 11:22:12,/history,BSE:SENSEX2691771200PE,60,2026-06-09,2026-09-17,1,1,1,200,ok
2026-09-17 11:22:12,/history,BSE:SENSEX2691771200CE,5S,2026-08-10,2026-09-09,1,1,1,200,no_data
2026-09-17 11:22:13,/history,BSE:SENSEX2691771200PE,D,2026-06-09,2026-09-17,1,1,1,200,ok
2026-09-17 11:22:13,/history,BSE:SENSEX2691771300PE,5S,2026-06-09,2026-07-09,1,1,1,200,no_data
2026-09-17 11:22:13,/history,BSE:SENSEX2691771300CE,5S,2026-06-09,2026-07-09,1,1,1,200,no_data
2026-09-17 11:22:13,/history,BSE:SENSEX2691771200CE,5S,2026-09-10,2026-09-17,1,1,1,200,no_data
2026-09-17 11:22:13,/history,BSE:SENSEX2691771300CE,1,2026-06-09,2026-09-17,1,1,1,200,no_data
2026-09-17 11:22:13,/history,BSE:SENSEX2691771200PE,5S,2026-09-10,2026-09-17,1,1,1,200,ok
2026-09-17 11:22:13,/history,BSE:SENSEX2691771300PE,5S,2026-07-10,2026-08-09,1,1,1,200,no_data
2026-09-17 11:22:13,/history,BSE:SENSEX2691771300PE,1,2026-06-09,2026-09-17,1,1,1,200,ok
2026-09-17 11:22:13,/history,BSE:SENSEX2691771300CE,5,2026-06-09,2026-09-17,1,1,1,200,no_data
2026-09-17 11:22:14,/history,BSE:SENSEX2691771300PE,5,2026-06-09,2026-09-17,1,1,1,200,ok
2026-09-17 11:22:14,/history,BSE:SENSEX2691771300CE,5S,2026-07-10,2026-08-09,1,1,1,200,no_data
2026-09-17 11:22:14,/history,BSE:SENSEX2691771300CE,60,2026-06-09,2026-09-17,1,1,1,200,no_data
2026-09-17 11:22:14,/history,BSE:SENSEX2691771300PE,60,2026-06-09,2026-09-17,1,1,1,200,ok
2026-09-17 11:22:14,/history,BSE:SENSEX2691771300PE,5S,2026-08-10,2026-09-09,1,1,1,200,ok
2026-09-17 11:22:14,/history,BSE:SENSEX2691771300CE,D,2026-06-09,2026-09-17,1,1,1,200,no_data
2026-09-17 11:22:14,/history,BSE:SENSEX2691771300CE,5S,2026-08-10,2026-09-09,1,1,1,200,no_data
2026-09-17 11:22:14,/history,BSE:SENSEX2691771400CE,5S,2026-06-09,2026-07-09,1,1,1,200,no_data
2026-09-17 11:22:14,/history,BSE:SENSEX2691771300PE,D,2026-06-09,2026-09-17,1,1,1,200,ok
2026-09-17 11:22:15,/history,BSE:SENSEX2691771400CE,5S,2026-07-10,2026-08-09,1,1,1,200,no_data
2026-09-17 11:22:15,/history,BSE:SENSEX2691771300CE,5S,2026-09-10,2026-09-17,1,1,1,200,no_data
2026-09-17 11:22:15,/history,BSE:SENSEX2691771400CE,1,2026-06-09,2026-09-17,1,1,1,200,ok
2026-09-17 11:22:15,/history,BSE:SENSEX2691771400CE,5S,2026-08-10,2026-09-09,1,1,1,200,no_data
2026-09-17 11:22:15,/history,BSE:SENSEX2691771400CE,5,2026-06-09,2026-09-17,1,1,1,200,ok
2026-09-17 11:22:15,/history,BSE:SENSEX2691771400PE,1,2026-06-09,2026-09-17,1,1,1,200,ok
2026-09-17 11:22:15,/history,BSE:SENSEX2691771400PE,5S,2026-06-09,2026-07-09,1,1,1,200,no_data
2026-09-17 11:22:16,/history,BSE:SENSEX2691771400CE,5S,2026-09-10,2026-09-17,1,1,1,200,ok
2026-09-17 11:22:16,/history,BSE:SENSEX2691771400PE,5,2026-06-09,2026-09-17,1,1,1,200,ok
2026-09-17 11:22:16,/history,BSE:SENSEX2691771400PE,5S,2026-07-10,2026-08-09,1,1,1,200,no_data
2026-09-17 11:22:16,/history,BSE:SENSEX2691771400CE,60,2026-06-09,2026-09-17,1,1,1,200,ok
2026-09-17 11:22:16,/history,BSE:SENSEX2691771300PE,5S,2026-09-10,2026-09-17,1,1,1,200,ok
2026-09-17 11:22:16,/history,BSE:SENSEX2691771400PE,5S,2026-08-10,2026-09-09,1,1,1,200,no_data
2026-09-17 11:22:16,/history,BSE:SENSEX2691771400PE,60,2026-06-09,2026-09-17,1,1,1,200,ok
2026-09-17 11:22:16,/history,BSE:SENSEX2691771400CE,D,2026-06-09,2026-09-17,1,1,1,200,no_data
2026-09-17 11:22:16,/history,BSE:SENSEX2691771400PE,D,2026-06-09,2026-09-17,1,1,1,200,ok
2026-09-17 11:22:17,/history,BSE:SENSEX2691771500CE,5S,2026-06-09,2026-07-09,1,1,1,200,no_data
2026-09-17 11:22:17,/history,BSE:SENSEX2691771500CE,1,2026-06-09,2026-09-17,1,1,1,200,no_data
2026-09-17 11:22:17,/history,BSE:SENSEX2691771500PE,5S,2026-06-09,2026-07-09,1,1,1,200,no_data
2026-09-17 11:22:17,/history,BSE:SENSEX2691771500CE,5S,2026-07-10,2026-08-09,1,1,1,200,no_data
2026-09-17 11:22:17,/history,BSE:SENSEX2691771400PE,5S,2026-09-10,2026-09-17,1,1,1,200,ok
2026-09-17 11:22:17,/history,BSE:SENSEX2691771500CE,5,2026-06-09,2026-09-17,1,1,1,200,no_data
2026-09-17 11:22:17,/history,BSE:SENSEX2691771500PE,5S,2026-07-10,2026-08-09,1,1,1,200,no_data
2026-09-17 11:22:17,/history,BSE:SENSEX2691771500CE,5S,2026-08-10,2026-09-09,1,1,1,200,no_data
2026-09-17 11:22:17,/history,BSE:SENSEX2691771500PE,1,2026-06-09,2026-09-17,1,1,1,200,ok
2026-09-17 11:22:18,/history,BSE:SENSEX2691771500PE,5,2026-06-09,2026-09-17,1,1,1,200,ok
2026-09-17 11:22:18,/history,BSE:SENSEX2691771500PE,60,2026-06-09,2026-09-17,1,1,1,200,ok
2026-09-17 11:22:18,/history,BSE:SENSEX2691771500CE,60,2026-06-09,2026-09-17,1,1,1,200,no_data
2026-09-17 11:22:18,/history,BSE:SENSEX2691771500PE,5S,2026-08-10,2026-09-09,1,1,1,200,ok
2026-09-17 11:22:18,/history,BSE:SENSEX2691771500CE,5S,2026-09-10,2026-09-17,1,1,1,200,no_data
2026-09-17 11:22:18,/history,BSE:SENSEX2691771500PE,D,2026-06-09,2026-09-17,1,1,1,200,ok
2026-09-17 11:22:18,/history,BSE:SENSEX2691771500CE,D,2026-06-09,2026-09-17,1,1,1,200,no_data
2026-09-17 11:22:18,/history,BSE:SENSEX2691771600CE,5S,2026-06-09,2026-07-09,1,1,1,200,no_data
2026-09-17 11:22:19,/history,BSE:SENSEX2691771600PE,1,2026-06-09,2026-09-17,1,1,1,200,ok
2026-09-17 11:22:19,/history,BSE:SENSEX2691771600CE,1,2026-06-09,2026-09-17,1,1,1,200,no_data
2026-09-17 11:22:19,/history,BSE:SENSEX2691771600PE,5S,2026-06-09,2026-07-09,1,1,1,200,no_data
2026-09-17 11:22:19,/history,BSE:SENSEX2691771600CE,5S,2026-07-10,2026-08-09,1,1,1,200,no_data
2026-09-17 11:22:19,/history,BSE:SENSEX2691771500PE,5S,2026-09-10,2026-09-17,1,1,1,200,ok
2026-09-17 11:22:19,/history,BSE:SENSEX2691771600CE,5,2026-06-09,2026-09-17,1,1,1,200,no_data
2026-09-17 11:22:35,/history,BSE:SENSEX2691771600CE,60,2026-06-09,2026-09-17,1,1,1,200,no_data
2026-09-17 11:22:36,/history,BSE:SENSEX2691771600CE,D,2026-06-09,2026-09-17,1,1,1,200,no_data
2026-09-17 11:22:36,/history,BSE:SENSEX2691771600PE,D,2026-06-09,2026-09-17,1,1,1,200,ok
2026-09-17 11:22:38,/history,BSE:SENSEX2691771600CE,5S,2026-08-10,2026-09-09,1,1,1,200,no_data
2026-09-17 11:22:42,/history,BSE:SENSEX2691771600CE,5S,2026-09-10,2026-09-17,1,1,1,200,no_data
2026-09-17 11:22:44,/history,BSE:SENSEX2691771600PE,60,2026-06-09,2026-09-17,1,1,1,200,ok
2026-09-17 11:22:44,/history,BSE:SENSEX2691771700PE,5S,2026-06-09,2026-07-09,1,1,1,200,no_data
2026-09-17 11:22:44,/history,BSE:SENSEX2691771700CE,1,2026-06-09,2026-09-17,1,1,1,200,no_data
2026-09-17 11:22:44,/history,BSE:SENSEX2691771700PE,1,2026-06-09,2026-09-17,1,1,1,200,ok
2026-09-17 11:22:46,/history,BSE:SENSEX2691771700CE,5,2026-06-09,2026-09-17,1,1,1,200,no_data
2026-09-17 11:22:49,/history,BSE:SENSEX2691771700PE,5,2026-06-09,2026-09-17,1,1,1,200,ok
2026-09-17 11:22:51,/history,BSE:SENSEX2691771700CE,60,2026-06-09,2026-09-17,1,1,1,200,no_data
2026-09-17 11:22:56,/history,BSE:SENSEX2691771700PE,5S,2026-07-10,2026-08-09,1,1,1,200,no_data
2026-09-17 11:22:58,/history,BSE:SENSEX2691771700PE,60,2026-06-09,2026-09-17,1,1,1,200,ok
2026-09-17 11:22:58,/history,BSE:SENSEX2691771600PE,5S,2026-07-10,2026-08-09,1,1,1,200,no_data
2026-09-17 11:22:58,/history,BSE:SENSEX2691771700CE,5S,2026-06-09,2026-07-09,1,1,1,200,no_data
2026-09-17 11:22:58,/history,BSE:SENSEX2691771600PE,5,2026-06-09,2026-09-17,1,1,1,200,ok
2026-09-17 11:22:58,/history,BSE:SENSEX2691771700CE,D,2026-06-09,2026-09-17,1,1,1,200,no_data
2026-09-17 11:22:59,/history,BSE:SENSEX2691771800CE,5S,2026-06-09,2026-07-09,1,1,1,200,no_data
2026-09-17 11:22:59,/history,BSE:SENSEX2691771800CE,5S,2026-07-10,2026-08-09,1,1,1,200,no_data
2026-09-17 11:22:59,/history,BSE:SENSEX2691771800CE,5S,2026-08-10,2026-09-09,1,1,1,200,no_data
2026-09-17 11:22:59,/history,BSE:SENSEX2691771700PE,5S,2026-08-10,2026-09-09,1,1,1,200,no_data
2026-09-17 11:23:00,/history,BSE:SENSEX2691771800CE,5S,2026-09-10,2026-09-17,1,1,1,200,no_data
2026-09-17 11:23:00,/history,BSE:SENSEX2691771600PE,5S,2026-08-10,2026-09-09,1,1,1,200,no_data
2026-09-17 11:23:00,/history,BSE:SENSEX2691771700CE,5S,2026-07-10,2026-08-09,1,1,1,200,no_data
2026-09-17 11:23:00,/history,BSE:SENSEX2691771700PE,D,2026-06-09,2026-09-17,1,1,1,200,ok
2026-09-17 11:23:00,/history,BSE:SENSEX2691771800PE,5S,2026-06-09,2026-07-09,1,1,1,200,no_data
2026-09-17 11:23:00,/history,BSE:SENSEX2691771700PE,5S,2026-09-10,2026-09-17,1,1,1,200,ok
2026-09-17 11:23:00,/history,BSE:SENSEX2691771800CE,1,2026-06-09,2026-09-17,1,1,1,200,no_data
2026-09-17 11:23:00,/history,BSE:SENSEX2691771800PE,5S,2026-07-10,2026-08-09,1,1,1,200,no_data
2026-09-17 11:23:00,/history,BSE:SENSEX2691771700CE,5S,2026-08-10,2026-09-09,1,1,1,200,no_data
2026-09-17 11:23:01,/history,BSE:SENSEX2691771800CE,5,2026-06-09,2026-09-17,1,1,1,200,no_data
2026-09-17 11:23:01,/history,BSE:SENSEX2691771800PE,5S,2026-08-10,2026-09-09,1,1,1,200,no_data
2026-09-17 11:23:01,/history,BSE:SENSEX2691771700CE,5S,2026-09-10,2026-09-17,1,1,1,200,no_data
2026-09-17 11:23:01,/history,BSE:SENSEX2691771800PE,1,2026-06-09,2026-09-17,1,1,1,200,ok
2026-09-17 11:23:01,/history,BSE:SENSEX2691771800PE,5,2026-06-09,2026-09-17,1,1,1,200,ok
2026-09-17 11:23:01,/history,BSE:SENSEX2691771800CE,60,2026-06-09,2026-09-17,1,1,1,200,no_data
2026-09-17 11:23:01,/history,BSE:SENSEX2691771600PE,5S,2026-09-10,2026-09-17,1,1,1,200,ok
2026-09-17 11:23:01,/history,BSE:SENSEX2691771800CE,D,2026-06-09,2026-09-17,1,1,1,200,no_data
2026-09-17 11:23:02,/history,BSE:SENSEX2691771900CE,5S,2026-06-09,2026-07-09,1,1,1,200,no_data
2026-09-17 11:23:02,/history,BSE:SENSEX2691771800PE,D,2026-06-09,2026-09-17,1,1,1,200,ok
2026-09-17 11:23:02,/history,BSE:SENSEX2691771900PE,5S,2026-06-09,2026-07-09,1,1,1,200,no_data
2026-09-17 11:23:02,/history,BSE:SENSEX2691771800PE,60,2026-06-09,2026-09-17,1,1,1,200,ok
2026-09-17 11:23:02,/history,BSE:SENSEX2691771900CE,5S,2026-07-10,2026-08-09,1,1,1,200,no_data
2026-09-17 11:23:02,/history,BSE:SENSEX2691771900CE,1,2026-06-09,2026-09-17,1,1,1,200,no_data
2026-09-17 11:23:02,/history,BSE:SENSEX2691771800PE,5S,2026-09-10,2026-09-17,1,1,1,200,ok
2026-09-17 11:23:02,/history,BSE:SENSEX2691771900PE,5S,2026-07-10,2026-08-09,1,1,1,200,no_data
2026-09-17 11:23:02,/history,BSE:SENSEX2691771900CE,5S,2026-08-10,2026-09-09,1,1,1,200,no_data
2026-09-17 11:23:02,/history,BSE:SENSEX2691771900PE,1,2026-06-09,2026-09-17,1,1,1,200,ok
2026-09-17 11:23:03,/history,BSE:SENSEX2691771900PE,5S,2026-08-10,2026-09-09,1,1,1,200,no_data
2026-09-17 11:23:03,/history,BSE:SENSEX2691771900CE,5,2026-06-09,2026-09-17,1,1,1,200,no_data
2026-09-17 11:23:03,/history,BSE:SENSEX2691771900CE,5S,2026-09-10,2026-09-17,1,1,1,200,no_data
2026-09-17 11:23:03,/history,BSE:SENSEX2691771900CE,60,2026-06-09,2026-09-17,1,1,1,200,no_data
2026-09-17 11:23:03,/history,BSE:SENSEX2691771900PE,60,2026-06-09,2026-09-17,1,1,1,200,ok
2026-09-17 11:23:03,/history,BSE:SENSEX2691771900CE,D,2026-06-09,2026-09-17,1,1,1,200,no_data
2026-09-17 11:23:03,/history,BSE:SENSEX2691771900PE,5,2026-06-09,2026-09-17,1,1,1,200,ok
2026-09-17 11:23:03,/history,BSE:SENSEX2691772000CE,5S,2026-06-09,2026-07-09,1,1,1,200,no_data
2026-09-17 11:23:03,/history,BSE:SENSEX2691772000CE,1,2026-06-09,2026-09-17,1,1,1,200,ok
2026-09-17 11:23:04,/history,BSE:SENSEX2691772000CE,5S,2026-07-10,2026-08-09,1,1,1,200,no_data
2026-09-17 11:23:04,/history,BSE:SENSEX2691771900PE,D,2026-06-09,2026-09-17,1,1,1,200,ok
2026-09-17 11:23:04,/history,BSE:SENSEX2691772000PE,5S,2026-06-09,2026-07-09,1,1,1,200,no_data
2026-09-17 11:23:04,/history,BSE:SENSEX2691772000CE,5,2026-06-09,2026-09-17,1,1,1,200,ok
2026-09-17 11:23:04,/history,BSE:SENSEX2691772000PE,1,2026-06-09,2026-09-17,1,1,1,200,ok
2026-09-17 11:23:04,/history,BSE:SENSEX2691771900PE,5S,2026-09-10,2026-09-17,1,1,1,200,ok
2026-09-17 11:23:04,/history,BSE:SENSEX2691772000PE,5S,2026-07-10,2026-08-09,1,1,1,200,no_data
2026-09-17 11:23:04,/history,BSE:SENSEX2691772000PE,5,2026-06-09,2026-09-17,1,1,1,200,ok
2026-09-17 11:23:04,/history,BSE:SENSEX2691772000CE,5S,2026-08-10,2026-09-09,1,1,1,200,ok
2026-09-17 11:23:05,/history,BSE:SENSEX2691772000PE,60,2026-06-09,2026-09-17,1,1,1,200,ok
2026-09-17 11:23:05,/history,BSE:SENSEX2691772000CE,60,2026-06-09,2026-09-17,1,1,1,200,ok
2026-09-17 11:23:05,/history,BSE:SENSEX2691772000PE,D,2026-06-09,2026-09-17,1,1,1,200,ok
2026-09-17 11:23:05,/history,BSE:SENSEX2691772000PE,5S,2026-08-10,2026-09-09,1,1,1,200,ok
2026-09-17 11:23:05,/history,BSE:SENSEX2691772000CE,D,2026-06-09,2026-09-17,1,1,1,200,ok
2026-09-17 11:23:05,/history,BSE:SENSEX2691772100CE,5S,2026-06-09,2026-07-09,1,1,1,200,no_data
2026-09-17 11:23:05,/history,BSE:SENSEX2691772000CE,5S,2026-09-10,2026-09-17,1,1,1,200,ok
2026-09-17 11:23:05,/history,BSE:SENSEX2691772100PE,5S,2026-06-09,2026-07-09,1,1,1,200,no_data
2026-09-17 11:23:05,/history,BSE:SENSEX2691772100CE,5S,2026-07-10,2026-08-09,1,1,1,200,no_data
2026-09-17 11:23:06,/history,BSE:SENSEX2691772100CE,1,2026-06-09,2026-09-17,1,1,1,200,no_data
2026-09-17 11:23:06,/history,BSE:SENSEX2691772100CE,5S,2026-08-10,2026-09-09,1,1,1,200,no_data
2026-09-17 11:23:06,/history,BSE:SENSEX2691772100PE,5S,2026-07-10,2026-08-09,1,1,1,200,no_data
2026-09-17 11:23:06,/history,BSE:SENSEX2691772100PE,1,2026-06-09,2026-09-17,1,1,1,200,ok
2026-09-17 11:23:06,/history,BSE:SENSEX2691772100CE,5,2026-06-09,2026-09-17,1,1,1,200,no_data
2026-09-17 11:23:06,/history,BSE:SENSEX2691772000PE,5S,2026-09-10,2026-09-17,1,1,1,200,ok
2026-09-17 11:23:06,/history,BSE:SENSEX2691772100PE,5S,2026-08-10,2026-09-09,1,1,1,200,no_data
2026-09-17 11:23:06,/history,BSE:SENSEX2691772100CE,60,2026-06-09,2026-09-17,1,1,1,200,no_data
2026-09-17 11:23:07,/history,BSE:SENSEX2691772100PE,5,2026-06-09,2026-09-17,1,1,1,200,ok
2026-09-17 11:23:07,/history,BSE:SENSEX2691772100CE,5S,2026-09-10,2026-09-17,1,1,1,200,no_data
2026-09-17 11:23:07,/history,BSE:SENSEX2691772100CE,D,2026-06-09,2026-09-17,1,1,1,200,no_data
2026-09-17 11:23:07,/history,BSE:SENSEX2691772100PE,60,2026-06-09,2026-09-17,1,1,1,200,ok
2026-09-17 11:23:07,/history,BSE:SENSEX2691772200CE,5S,2026-06-09,2026-07-09,1,1,1,200,no_data
2026-09-17 11:23:07,/history,BSE:SENSEX2691772100PE,D,2026-06-09,2026-09-17,1,1,1,200,ok
2026-09-17 11:23:07,/history,BSE:SENSEX2691772100PE,5S,2026-09-10,2026-09-17,1,1,1,200,ok
2026-09-17 11:23:07,/history,BSE:SENSEX2691772200CE,1,2026-06-09,2026-09-17,1,1,1,200,no_data
2026-09-17 11:23:07,/history,BSE:SENSEX2691772200CE,5S,2026-07-10,2026-08-09,1,1,1,200,no_data
2026-09-17 11:23:07,/history,BSE:SENSEX2691772200PE,5S,2026-06-09,2026-07-09,1,1,1,200,no_data
2026-09-17 11:23:08,/history,BSE:SENSEX2691772200CE,5S,2026-08-10,2026-09-09,1,1,1,200,no_data
2026-09-17 11:23:08,/history,BSE:SENSEX2691772200PE,1,2026-06-09,2026-09-17,1,1,1,200,ok
2026-09-17 11:23:08,/history,BSE:SENSEX2691772200PE,5S,2026-07-10,2026-08-09,1,1,1,200,no_data
2026-09-17 11:23:08,/history,BSE:SENSEX2691772200PE,5,2026-06-09,2026-09-17,1,1,1,200,ok
2026-09-17 11:23:08,/history,BSE:SENSEX2691772200CE,5S,2026-09-10,2026-09-17,1,1,1,200,no_data
2026-09-17 11:23:08,/history,BSE:SENSEX2691772200CE,D,2026-06-09,2026-09-17,1,1,1,200,no_data
2026-09-17 11:23:08,/history,BSE:SENSEX2691772200PE,D,2026-06-09,2026-09-17,1,1,1,200,ok
2026-09-17 11:23:09,/history,BSE:SENSEX2691772300CE,5S,2026-06-09,2026-07-09,1,1,1,200,no_data
2026-09-17 11:23:09,/history,BSE:SENSEX2691772300CE,5S,2026-07-10,2026-08-09,1,1,1,200,no_data
2026-09-17 11:23:09,/history,BSE:SENSEX2691772200CE,5,2026-06-09,2026-09-17,1,1,1,200,no_data
2026-09-17 11:23:09,/history,BSE:SENSEX2691772200PE,5S,2026-08-10,2026-09-09,1,1,1,200,no_data
2026-09-17 11:23:09,/history,BSE:SENSEX2691772200CE,60,2026-06-09,2026-09-17,1,1,1,200,no_data
2026-09-17 11:23:09,/history,BSE:SENSEX2691772200PE,60,2026-06-09,2026-09-17,1,1,1,200,ok
2026-09-17 11:23:09,/history,BSE:SENSEX2691772300CE,5S,2026-08-10,2026-09-09,1,1,1,200,no_data
2026-09-17 11:23:09,/history,BSE:SENSEX2691772300PE,5S,2026-06-09,2026-07-09,1,1,1,200,no_data
2026-09-17 11:23:10,/history,BSE:SENSEX2691772300CE,5S,2026-09-10,2026-09-17,1,1,1,200,no_data
2026-09-17 11:23:10,/history,BSE:SENSEX2691772300CE,5,2026-06-09,2026-09-17,1,1,1,200,no_data
2026-09-17 11:23:10,/history,BSE:SENSEX2691772300CE,1,2026-06-09,2026-09-17,1,1,1,200,no_data
2026-09-17 11:23:10,/history,BSE:SENSEX2691772300PE,1,2026-06-09,2026-09-17,1,1,1,200,ok
2026-09-17 11:23:10,/history,BSE:SENSEX2691772300PE,5S,2026-07-10,2026-08-09,1,1,1,200,no_data
2026-09-17 11:23:11,/history,BSE:SENSEX2691772300PE,5S,2026-08-10,2026-09-09,1,1,1,200,no_data
2026-09-17 11:23:11,/history,BSE:SENSEX2691772300PE,5,2026-06-09,2026-09-17,1,1,1,200,ok
2026-09-17 11:23:11,/history,BSE:SENSEX2691772200PE,5S,2026-09-10,2026-09-17,1,1,1,200,ok
2026-09-17 11:23:11,/history,BSE:SENSEX2691772300CE,60,2026-06-09,2026-09-17,1,1,1,200,no_data
2026-09-17 11:23:11,/history,BSE:SENSEX2691772300PE,60,2026-06-09,2026-09-17,1,1,1,200,ok
2026-09-17 11:23:11,/history,BSE:SENSEX2691772400CE,5S,2026-06-09,2026-07-09,1,1,1,200,no_data
2026-09-17 11:23:11,/history,BSE:SENSEX2691772300PE,D,2026-06-09,2026-09-17,1,1,1,200,ok
2026-09-17 11:23:11,/history,BSE:SENSEX2691772400PE,5S,2026-06-09,2026-07-09,1,1,1,200,no_data
2026-09-17 11:23:11,/history,BSE:SENSEX2691772300CE,D,2026-06-09,2026-09-17,1,1,1,200,no_data
2026-09-17 11:23:11,/history,BSE:SENSEX2691772300PE,5S,2026-09-10,2026-09-17,1,1,1,200,ok
2026-09-17 11:23:12,/history,BSE:SENSEX2691772400PE,5S,2026-07-10,2026-08-09,1,1,1,200,no_data
2026-09-17 11:23:12,/history,BSE:SENSEX2691772400CE,5S,2026-07-10,2026-08-09,1,1,1,200,no_data
2026-09-17 11:23:12,/history,BSE:SENSEX2691772400PE,1,2026-06-09,2026-09-17,1,1,1,200,ok
2026-09-17 11:23:12,/history,BSE:SENSEX2691772400CE,1,2026-06-09,2026-09-17,1,1,1,200,no_data
2026-09-17 11:23:12,/history,BSE:SENSEX2691772400PE,5S,2026-08-10,2026-09-09,1,1,1,200,no_data
2026-09-17 11:23:12,/history,BSE:SENSEX2691772400PE,5,2026-06-09,2026-09-17,1,1,1,200,ok
2026-09-17 11:23:12,/history,BSE:SENSEX2691772400CE,5,2026-06-09,2026-09-17,1,1,1,200,no_data
2026-09-17 11:23:12,/history,BSE:SENSEX2691772400CE,60,2026-06-09,2026-09-17,1,1,1,200,no_data
2026-09-17 11:23:13,/history,BSE:SENSEX2691772400CE,5S,2026-08-10,2026-09-09,1,1,1,200,no_data
2026-09-17 11:23:13,/history,BSE:SENSEX2691772400CE,D,2026-06-09,2026-09-17,1,1,1,200,no_data
2026-09-17 11:23:13,/history,BSE:SENSEX2691772400PE,60,2026-06-09,2026-09-17,1,1,1,200,ok
2026-09-17 11:23:13,/history,BSE:SENSEX2691772400PE,5S,2026-09-10,2026-09-17,1,1,1,200,ok
2026-09-17 11:23:13,/history,BSE:SENSEX2691772400PE,D,2026-06-09,2026-09-17,1,1,1,200,ok
2026-09-17 11:23:13,/history,BSE:SENSEX2691772400CE,5S,2026-09-10,2026-09-17,1,1,1,200,no_data
2026-09-17 11:23:13,/history,BSE:SENSEX2691772500CE,5S,2026-06-09,2026-07-09,1,1,1,200,no_data
2026-09-17 11:23:13,/history,BSE:SENSEX2691772500PE,5S,2026-06-09,2026-07-09,1,1,1,200,no_data
2026-09-17 11:23:13,/history,BSE:SENSEX2691772500CE,1,2026-06-09,2026-09-17,1,1,1,200,ok
2026-09-17 11:23:13,/history,BSE:SENSEX2691772500PE,1,2026-06-09,2026-09-17,1,1,1,200,ok
2026-09-17 11:23:14,/history,BSE:SENSEX2691772500CE,5S,2026-07-10,2026-08-09,1,1,1,200,no_data
2026-09-17 11:23:14,/history,BSE:SENSEX2691772500PE,5S,2026-07-10,2026-08-09,1,1,1,200,no_data
2026-09-17 11:23:14,/history,BSE:SENSEX2691772500CE,5,2026-06-09,2026-09-17,1,1,1,200,ok
2026-09-17 11:23:14,/history,BSE:SENSEX2691772500PE,5,2026-06-09,2026-09-17,1,1,1,200,ok
2026-09-17 11:23:14,/history,BSE:SENSEX2691772500CE,60,2026-06-09,2026-09-17,1,1,1,200,ok
2026-09-17 11:23:14,/history,BSE:SENSEX2691772500CE,5S,2026-08-10,2026-09-09,1,1,1,200,no_data
2026-09-17 11:23:14,/history,BSE:SENSEX2691772500PE,60,2026-06-09,2026-09-17,1,1,1,200,ok
2026-09-17 11:23:14,/history,BSE:SENSEX2691772500PE,D,2026-06-09,2026-09-17,1,1,1,200,ok
2026-09-17 11:23:15,/history,BSE:SENSEX2691772500PE,5S,2026-08-10,2026-09-09,1,1,1,200,ok
2026-09-17 11:23:15,/history,BSE:SENSEX2691772600CE,5S,2026-06-09,2026-07-09,1,1,1,200,no_data
2026-09-17 11:23:15,/history,BSE:SENSEX2691772500CE,D,2026-06-09,2026-09-17,1,1,1,200,ok
2026-09-17 11:23:15,/history,BSE:SENSEX2691772500CE,5S,2026-09-10,2026-09-17,1,1,1,200,ok
2026-09-17 11:23:15,/history,BSE:SENSEX2691772600PE,5S,2026-06-09,2026-07-09,1,1,1,200,no_data
2026-09-17 11:23:15,/history,BSE:SENSEX2691772600CE,5S,2026-07-10,2026-08-09,1,1,1,200,no_data
2026-09-17 11:23:15,/history,BSE:SENSEX2691772600CE,1,2026-06-09,2026-09-17,1,1,1,200,ok
2026-09-17 11:23:15,/history,BSE:SENSEX2691772600PE,5S,2026-07-10,2026-08-09,1,1,1,200,no_data
2026-09-17 11:23:16,/history,BSE:SENSEX2691772600PE,1,2026-06-09,2026-09-17,1,1,1,200,ok
2026-09-17 11:23:16,/history,BSE:SENSEX2691772500PE,5S,2026-09-10,2026-09-17,1,1,1,200,ok
2026-09-17 11:23:16,/history,BSE:SENSEX2691772600CE,5S,2026-08-10,2026-09-09,1,1,1,200,no_data
2026-09-17 11:23:16,/history,BSE:SENSEX2691772600PE,5S,2026-08-10,2026-09-09,1,1,1,200,no_data
2026-09-17 11:23:16,/history,BSE:SENSEX2691772600CE,5,2026-06-09,2026-09-17,1,1,1,200,ok
2026-09-17 11:23:16,/history,BSE:SENSEX2691772600PE,5,2026-06-09,2026-09-17,1,1,1,200,ok
2026-09-17 11:23:16,/history,BSE:SENSEX2691772600CE,5S,2026-09-10,2026-09-17,1,1,1,200,ok
2026-09-17 11:23:16,/history,BSE:SENSEX2691772600PE,60,2026-06-09,2026-09-17,1,1,1,200,ok
2026-09-17 11:23:16,/history,BSE:SENSEX2691772600CE,D,2026-06-09,2026-09-17,1,1,1,200,ok
2026-09-17 11:23:16,/history,BSE:SENSEX2691772600CE,60,2026-06-09,2026-09-17,1,1,1,200,ok
2026-09-17 11:23:17,/history,BSE:SENSEX2691772600PE,5S,2026-09-10,2026-09-17,1,1,1,200,ok
2026-09-17 11:23:17,/history,BSE:SENSEX2691772700CE,5S,2026-06-09,2026-07-09,1,1,1,200,no_data
2026-09-17 11:23:17,/history,BSE:SENSEX2691772700PE,5S,2026-06-09,2026-07-09,1,1,1,200,no_data
2026-09-17 11:23:17,/history,BSE:SENSEX2691772600PE,D,2026-06-09,2026-09-17,1,1,1,200,ok
2026-09-17 11:23:17,/history,BSE:SENSEX2691772700CE,1,2026-06-09,2026-09-17,1,1,1,200,ok
2026-09-17 11:23:17,/history,BSE:SENSEX2691772700PE,1,2026-06-09,2026-09-17,1,1,1,200,ok
2026-09-17 11:23:17,/history,BSE:SENSEX2691772700CE,5S,2026-07-10,2026-08-09,1,1,1,200,no_data
2026-09-17 11:23:17,/history,BSE:SENSEX2691772700CE,5,2026-06-09,2026-09-17,1,1,1,200,ok
2026-09-17 11:23:17,/history,BSE:SENSEX2691772700PE,5S,2026-07-10,2026-08-09,1,1,1,200,no_data
2026-09-17 11:23:17,/history,BSE:SENSEX2691772700PE,5,2026-06-09,2026-09-17,1,1,1,200,ok
2026-09-17 11:23:18,/history,BSE:SENSEX2691772700CE,D,2026-06-09,2026-09-17,1,1,1,200,ok
2026-09-17 11:23:18,/history,BSE:SENSEX2691772700CE,5S,2026-08-10,2026-09-09,1,1,1,200,no_data
2026-09-17 11:23:18,/history,BSE:SENSEX2691772700PE,60,2026-06-09,2026-09-17,1,1,1,200,ok
2026-09-17 11:23:18,/history,BSE:SENSEX2691772700CE,60,2026-06-09,2026-09-17,1,1,1,200,ok
2026-09-17 11:23:18,/history,BSE:SENSEX2691772800CE,5S,2026-06-09,2026-07-09,1,1,1,200,no_data
2026-09-17 11:23:18,/history,BSE:SENSEX2691772700PE,5S,2026-08-10,2026-09-09,1,1,1,200,no_data
2026-09-17 11:23:18,/history,BSE:SENSEX2691772700CE,5S,2026-09-10,2026-09-17,1,1,1,200,ok
2026-09-17 11:23:19,/history,BSE:SENSEX2691772700PE,D,2026-06-09,2026-09-17,1,1,1,200,ok
2026-09-17 11:23:19,/history,BSE:SENSEX2691772800PE,5S,2026-06-09,2026-07-09,1,1,1,200,no_data
2026-09-17 11:23:19,/history,BSE:SENSEX2691772800CE,5S,2026-07-10,2026-08-09,1,1,1,200,no_data
2026-09-17 11:23:19,/history,BSE:SENSEX2691772800PE,5S,2026-07-10,2026-08-09,1,1,1,200,no_data
2026-09-17 11:23:19,/history,BSE:SENSEX2691772800CE,1,2026-06-09,2026-09-17,1,1,1,200,ok
2026-09-17 11:23:19,/history,BSE:SENSEX2691772800PE,1,2026-06-09,2026-09-17,1,1,1,200,ok
2026-09-17 11:23:19,/history,BSE:SENSEX2691772800CE,5S,2026-08-10,2026-09-09,1,1,1,200,no_data
2026-09-17 11:23:19,/history,BSE:SENSEX2691772800PE,5S,2026-08-10,2026-09-09,1,1,1,200,ok
2026-09-17 11:23:19,/history,BSE:SENSEX2691772700PE,5S,2026-09-10,2026-09-17,1,1,1,200,ok
2026-09-17 11:23:20,/history,BSE:SENSEX2691772800CE,5,2026-06-09,2026-09-17,1,1,1,200,ok
2026-09-17 11:23:36,/history,BSE:SENSEX2691772800CE,60,2026-06-09,2026-09-17,1,1,1,200,ok
2026-09-17 11:23:36,/history,BSE:SENSEX2691772800CE,5S,2026-09-10,2026-09-17,1,1,1,200,ok
2026-09-17 11:23:36,/history,BSE:SENSEX2691772800CE,D,2026-06-09,2026-09-17,1,1,1,200,ok
2026-09-17 11:23:38,/history,BSE:SENSEX2691772800PE,D,2026-06-09,2026-09-17,1,1,1,200,ok
2026-09-17 11:23:42,/history,BSE:SENSEX2691772900CE,5S,2026-06-09,2026-07-09,1,1,1,200,no_data
2026-09-17 11:23:44,/history,BSE:SENSEX2691772900CE,5S,2026-07-10,2026-08-09,1,1,1,200,no_data
2026-09-17 11:23:44,/history,BSE:SENSEX2691772800PE,60,2026-06-09,2026-09-17,1,1,1,200,ok
2026-09-17 11:23:44,/history,BSE:SENSEX2691772900CE,1,2026-06-09,2026-09-17,1,1,1,200,ok
2026-09-17 11:23:44,/history,BSE:SENSEX2691772800PE,5S,2026-09-10,2026-09-17,1,1,1,200,ok
2026-09-17 11:23:47,/history,BSE:SENSEX2691772900PE,1,2026-06-09,2026-09-17,1,1,1,200,ok
2026-09-17 11:23:49,/history,BSE:SENSEX2691772900PE,5S,2026-06-09,2026-07-09,1,1,1,200,no_data
2026-09-17 11:23:51,/history,BSE:SENSEX2691772900PE,5S,2026-07-10,2026-08-09,1,1,1,200,no_data
2026-09-17 11:23:56,/history,BSE:SENSEX2691772900PE,5,2026-06-09,2026-09-17,1,1,1,200,ok
2026-09-17 11:23:58,/history,BSE:SENSEX2691772900PE,5S,2026-08-10,2026-09-09,1,1,1,200,no_data
2026-09-17 11:23:58,/history,BSE:SENSEX2691772900CE,60,2026-06-09,2026-09-17,1,1,1,200,ok
2026-09-17 11:23:59,/history,BSE:SENSEX2691772900PE,60,2026-06-09,2026-09-17,1,1,1,200,ok
2026-09-17 11:23:59,/history,BSE:SENSEX2691772800PE,5,2026-06-09,2026-09-17,1,1,1,200,ok
2026-09-17 11:23:59,/history,BSE:SENSEX2691772900CE,D,2026-06-09,2026-09-17,1,1,1,200,ok
2026-09-17 11:23:59,/history,BSE:SENSEX2691772900PE,5S,2026-09-10,2026-09-17,1,1,1,200,ok
2026-09-17 11:23:59,/history,BSE:SENSEX2691772900CE,5S,2026-08-10,2026-09-09,1,1,1,200,no_data
2026-09-17 11:23:59,/history,BSE:SENSEX2691773000PE,5S,2026-06-09,2026-07-09,1,1,1,200,no_data
2026-09-17 11:24:00,/history,BSE:SENSEX2691772900CE,5S,2026-09-10,2026-09-17,1,1,1,200,ok
2026-09-17 11:24:00,/history,BSE:SENSEX2691773000PE,5S,2026-07-10,2026-08-09,1,1,1,200,no_data
2026-09-17 11:24:00,/history,BSE:SENSEX2691772900CE,5,2026-06-09,2026-09-17,1,1,1,200,ok
2026-09-17 11:24:00,/history,BSE:SENSEX2691772900PE,D,2026-06-09,2026-09-17,1,1,1,200,ok
2026-09-17 11:24:00,/history,BSE:SENSEX2691773000CE,1,2026-06-09,2026-09-17,1,1,1,200,ok
2026-09-17 11:24:00,/history,BSE:SENSEX2691773000PE,5S,2026-08-10,2026-09-09,1,1,1,200,ok
2026-09-17 11:24:00,/history,BSE:SENSEX2691773000PE,1,2026-06-09,2026-09-17,1,1,1,200,ok
2026-09-17 11:24:00,/history,BSE:SENSEX2691773000CE,5,2026-06-09,2026-09-17,1,1,1,200,ok
2026-09-17 11:24:00,/history,BSE:SENSEX2691773000CE,5S,2026-06-09,2026-07-09,1,1,1,200,no_data
2026-09-17 11:24:01,/history,BSE:SENSEX2691773000CE,60,2026-06-09,2026-09-17,1,1,1,200,ok
2026-09-17 11:24:01,/history,BSE:SENSEX2691773000PE,5,2026-06-09,2026-09-17,1,1,1,200,ok
2026-09-17 11:24:01,/history,BSE:SENSEX2691773000CE,D,2026-06-09,2026-09-17,1,1,1,200,ok
2026-09-17 11:24:01,/history,BSE:SENSEX2691773000PE,60,2026-06-09,2026-09-17,1,1,1,200,ok
2026-09-17 11:24:01,/history,BSE:SENSEX2691773000CE,5S,2026-07-10,2026-08-09,1,1,1,200,no_data
2026-09-17 11:24:01,/history,BSE:SENSEX2691773000PE,D,2026-06-09,2026-09-17,1,1,1,200,ok
2026-09-17 11:24:01,/history,BSE:SENSEX2691773100CE,5S,2026-06-09,2026-07-09,1,1,1,200,no_data
2026-09-17 11:24:01,/history,BSE:SENSEX2691773000PE,5S,2026-09-10,2026-09-17,1,1,1,200,ok
2026-09-17 11:24:01,/history,BSE:SENSEX2691773100PE,5S,2026-06-09,2026-07-09,1,1,1,200,no_data
2026-09-17 11:24:02,/history,BSE:SENSEX2691773000CE,5S,2026-08-10,2026-09-09,1,1,1,200,ok
2026-09-17 11:24:02,/history,BSE:SENSEX2691773100CE,5S,2026-07-10,2026-08-09,1,1,1,200,no_data
2026-09-17 11:24:02,/history,BSE:SENSEX2691773100PE,5S,2026-07-10,2026-08-09,1,1,1,200,no_data
2026-09-17 11:24:02,/history,BSE:SENSEX2691773100CE,5S,2026-08-10,2026-09-09,1,1,1,200,no_data
2026-09-17 11:24:02,/history,BSE:SENSEX2691773100CE,1,2026-06-09,2026-09-17,1,1,1,200,ok
2026-09-17 11:24:02,/history,BSE:SENSEX2691773100PE,5S,2026-08-10,2026-09-09,1,1,1,200,ok
2026-09-17 11:24:03,/history,BSE:SENSEX2691773100PE,1,2026-06-09,2026-09-17,1,1,1,200,ok
2026-09-17 11:24:03,/history,BSE:SENSEX2691773100CE,5,2026-06-09,2026-09-17,1,1,1,200,ok
2026-09-17 11:24:03,/history,BSE:SENSEX2691773100PE,5,2026-06-09,2026-09-17,1,1,1,200,ok
2026-09-17 11:24:03,/history,BSE:SENSEX2691773100CE,60,2026-06-09,2026-09-17,1,1,1,200,ok
2026-09-17 11:24:03,/history,BSE:SENSEX2691773000CE,5S,2026-09-10,2026-09-17,1,1,1,200,ok
2026-09-17 11:24:03,/history,BSE:SENSEX2691773100CE,5S,2026-09-10,2026-09-17,1,1,1,200,ok
2026-09-17 11:24:04,/history,BSE:SENSEX2691773100CE,D,2026-06-09,2026-09-17,1,1,1,200,ok
2026-09-17 11:24:04,/history,BSE:SENSEX2691773100PE,60,2026-06-09,2026-09-17,1,1,1,200,ok
2026-09-17 11:24:04,/history,BSE:SENSEX2691773100PE,D,2026-06-09,2026-09-17,1,1,1,200,ok
2026-09-17 11:24:04,/history,BSE:SENSEX2691773200CE,5S,2026-06-09,2026-07-09,1,1,1,200,no_data
2026-09-17 11:24:04,/history,BSE:SENSEX2691773100PE,5S,2026-09-10,2026-09-17,1,1,1,200,ok
2026-09-17 11:24:04,/history,BSE:SENSEX2691773200PE,5S,2026-06-09,2026-07-09,1,1,1,200,no_data
2026-09-17 11:24:05,/history,BSE:SENSEX2691773200CE,5S,2026-07-10,2026-08-09,1,1,1,200,no_data
2026-09-17 11:24:05,/history,BSE:SENSEX2691773200PE,5S,2026-07-10,2026-08-09,1,1,1,200,no_data
2026-09-17 11:24:05,/history,BSE:SENSEX2691773200CE,5S,2026-08-10,2026-09-09,1,1,1,200,no_data
2026-09-17 11:24:05,/history,BSE:SENSEX2691773200CE,1,2026-06-09,2026-09-17,1,1,1,200,ok
2026-09-17 11:24:05,/history,BSE:SENSEX2691773200PE,5S,2026-08-10,2026-09-09,1,1,1,200,ok
2026-09-17 11:24:05,/history,BSE:SENSEX2691773200PE,1,2026-06-09,2026-09-17,1,1,1,200,ok
2026-09-17 11:24:05,/history,BSE:SENSEX2691773200CE,5,2026-06-09,2026-09-17,1,1,1,200,ok
2026-09-17 11:24:06,/history,BSE:SENSEX2691773200CE,5S,2026-09-10,2026-09-17,1,1,1,200,ok
2026-09-17 11:24:06,/history,BSE:SENSEX2691773200PE,5,2026-06-09,2026-09-17,1,1,1,200,ok
2026-09-17 11:24:06,/history,BSE:SENSEX2691773200CE,60,2026-06-09,2026-09-17,1,1,1,200,ok
2026-09-17 11:24:06,/history,BSE:SENSEX2691773200PE,D,2026-06-09,2026-09-17,1,1,1,200,ok
2026-09-17 11:24:06,/history,BSE:SENSEX2691773200PE,60,2026-06-09,2026-09-17,1,1,1,200,ok
2026-09-17 11:24:06,/history,BSE:SENSEX2691773200PE,5S,2026-09-10,2026-09-17,1,1,1,200,ok
2026-09-17 11:24:06,/history,BSE:SENSEX2691773200CE,D,2026-06-09,2026-09-17,1,1,1,200,ok
2026-09-17 11:24:06,/history,BSE:SENSEX2691773300PE,5S,2026-06-09,2026-07-09,1,1,1,200,no_data
2026-09-17 11:24:06,/history,BSE:SENSEX2691773300CE,5S,2026-06-09,2026-07-09,1,1,1,200,no_data
2026-09-17 11:24:07,/history,BSE:SENSEX2691773300CE,1,2026-06-09,2026-09-17,1,1,1,200,ok
2026-09-17 11:24:07,/history,BSE:SENSEX2691773300CE,5S,2026-07-10,2026-08-09,1,1,1,200,no_data
2026-09-17 11:24:07,/history,BSE:SENSEX2691773300PE,1,2026-06-09,2026-09-17,1,1,1,200,ok
2026-09-17 11:24:07,/history,BSE:SENSEX2691773300PE,5,2026-06-09,2026-09-17,1,1,1,200,ok
2026-09-17 11:24:07,/history,BSE:SENSEX2691773300CE,60,2026-06-09,2026-09-17,1,1,1,200,ok
2026-09-17 11:24:07,/history,BSE:SENSEX2691773300CE,5S,2026-08-10,2026-09-09,1,1,1,200,no_data
2026-09-17 11:24:07,/history,BSE:SENSEX2691773300CE,5,2026-06-09,2026-09-17,1,1,1,200,ok
2026-09-17 11:24:08,/history,BSE:SENSEX2691773300PE,5S,2026-07-10,2026-08-09,1,1,1,200,no_data
2026-09-17 11:24:08,/history,BSE:SENSEX2691773300CE,D,2026-06-09,2026-09-17,1,1,1,200,ok
2026-09-17 11:24:08,/history,BSE:SENSEX2691773300PE,60,2026-06-09,2026-09-17,1,1,1,200,ok
2026-09-17 11:24:08,/history,BSE:SENSEX2691773300PE,D,2026-06-09,2026-09-17,1,1,1,200,ok
2026-09-17 11:24:08,/history,BSE:SENSEX2691773300PE,5S,2026-08-10,2026-09-09,1,1,1,200,no_data
2026-09-17 11:24:08,/history,BSE:SENSEX2691773300CE,5S,2026-09-10,2026-09-17,1,1,1,200,ok
2026-09-17 11:24:08,/history,BSE:SENSEX2691773400PE,5S,2026-06-09,2026-07-09,1,1,1,200,no_data
2026-09-17 11:24:08,/history,BSE:SENSEX2691773400CE,1,2026-06-09,2026-09-17,1,1,1,200,ok
2026-09-17 11:24:09,/history,BSE:SENSEX2691773400PE,5S,2026-07-10,2026-08-09,1,1,1,200,no_data
2026-09-17 11:24:09,/history,BSE:SENSEX2691773400CE,5,2026-06-09,2026-09-17,1,1,1,200,ok
2026-09-17 11:24:09,/history,BSE:SENSEX2691773400PE,1,2026-06-09,2026-09-17,1,1,1,200,ok
2026-09-17 11:24:09,/history,BSE:SENSEX2691773300PE,5S,2026-09-10,2026-09-17,1,1,1,200,ok
2026-09-17 11:24:09,/history,BSE:SENSEX2691773400CE,5S,2026-06-09,2026-07-09,1,1,1,200,no_data
2026-09-17 11:24:09,/history,BSE:SENSEX2691773400PE,5S,2026-08-10,2026-09-09,1,1,1,200,ok
2026-09-17 11:24:09,/history,BSE:SENSEX2691773400PE,5,2026-06-09,2026-09-17,1,1,1,200,ok
2026-09-17 11:24:09,/history,BSE:SENSEX2691773400CE,60,2026-06-09,2026-09-17,1,1,1,200,ok
2026-09-17 11:24:09,/history,BSE:SENSEX2691773400CE,5S,2026-07-10,2026-08-09,1,1,1,200,no_data
2026-09-17 11:24:10,/history,BSE:SENSEX2691773400PE,D,2026-06-09,2026-09-17,1,1,1,200,ok
2026-09-17 11:24:10,/history,BSE:SENSEX2691773400PE,60,2026-06-09,2026-09-17,1,1,1,200,ok
2026-09-17 11:24:10,/history,BSE:SENSEX2691773400CE,5S,2026-08-10,2026-09-09,1,1,1,200,no_data
2026-09-17 11:24:10,/history,BSE:SENSEX2691773400PE,5S,2026-09-10,2026-09-17,1,1,1,200,ok
2026-09-17 11:24:10,/history,BSE:SENSEX2691773400CE,D,2026-06-09,2026-09-17,1,1,1,200,ok
2026-09-17 11:24:10,/history,BSE:SENSEX2691773500CE,5S,2026-06-09,2026-07-09,1,1,1,200,no_data
2026-09-17 11:24:10,/history,BSE:SENSEX2691773500PE,5S,2026-06-09,2026-07-09,1,1,1,200,no_data
2026-09-17 11:24:10,/history,BSE:SENSEX2691773500CE,5S,2026-07-10,2026-08-09,1,1,1,200,no_data
2026-09-17 11:24:10,/history,BSE:SENSEX2691773500PE,1,2026-06-09,2026-09-17,1,1,1,200,ok
2026-09-17 11:24:11,/history,BSE:SENSEX2691773500PE,5S,2026-07-10,2026-08-09,1,1,1,200,no_data
2026-09-17 11:24:11,/history,BSE:SENSEX2691773400CE,5S,2026-09-10,2026-09-17,1,1,1,200,ok
2026-09-17 11:24:11,/history,BSE:SENSEX2691773500CE,5S,2026-08-10,2026-09-09,1,1,1,200,no_data
2026-09-17 11:24:11,/history,BSE:SENSEX2691773500CE,1,2026-06-09,2026-09-17,1,1,1,200,ok
2026-09-17 11:24:11,/history,BSE:SENSEX2691773500CE,5,2026-06-09,2026-09-17,1,1,1,200,ok
2026-09-17 11:24:11,/history,BSE:SENSEX2691773500CE,60,2026-06-09,2026-09-17,1,1,1,200,ok
2026-09-17 11:24:11,/history,BSE:SENSEX2691773500PE,5S,2026-08-10,2026-09-09,1,1,1,200,ok
2026-09-17 11:24:11,/history,BSE:SENSEX2691773500PE,60,2026-06-09,2026-09-17,1,1,1,200,ok
2026-09-17 11:24:11,/history,BSE:SENSEX2691773500PE,5,2026-06-09,2026-09-17,1,1,1,200,ok
2026-09-17 11:24:12,/history,BSE:SENSEX2691773500CE,D,2026-06-09,2026-09-17,1,1,1,200,ok
2026-09-17 11:24:12,/history,BSE:SENSEX2691773500CE,5S,2026-09-10,2026-09-17,1,1,1,200,ok
2026-09-17 11:24:12,/history,BSE:SENSEX2691773500PE,D,2026-06-09,2026-09-17,1,1,1,200,ok
2026-09-17 11:24:12,/history,BSE:SENSEX2691773600PE,5S,2026-06-09,2026-07-09,1,1,1,200,no_data
2026-09-17 11:24:12,/history,BSE:SENSEX2691773600CE,5S,2026-06-09,2026-07-09,1,1,1,200,no_data
2026-09-17 11:24:12,/history,BSE:SENSEX2691773600CE,1,2026-06-09,2026-09-17,1,1,1,200,ok
2026-09-17 11:24:12,/history,BSE:SENSEX2691773600PE,1,2026-06-09,2026-09-17,1,1,1,200,ok
2026-09-17 11:24:12,/history,BSE:SENSEX2691773500PE,5S,2026-09-10,2026-09-17,1,1,1,200,ok
2026-09-17 11:24:12,/history,BSE:SENSEX2691773600CE,5S,2026-07-10,2026-08-09,1,1,1,200,no_data
2026-09-17 11:24:12,/history,BSE:SENSEX2691773600PE,5S,2026-07-10,2026-08-09,1,1,1,200,no_data
2026-09-17 11:24:13,/history,BSE:SENSEX2691773600CE,5,2026-06-09,2026-09-17,1,1,1,200,ok
2026-09-17 11:24:13,/history,BSE:SENSEX2691773600CE,5S,2026-08-10,2026-09-09,1,1,1,200,no_data
2026-09-17 11:24:13,/history,BSE:SENSEX2691773600PE,5,2026-06-09,2026-09-17,1,1,1,200,ok
2026-09-17 11:24:13,/history,BSE:SENSEX2691773600PE,5S,2026-08-10,2026-09-09,1,1,1,200,ok
2026-09-17 11:24:13,/history,BSE:SENSEX2691773600CE,60,2026-06-09,2026-09-17,1,1,1,200,ok
2026-09-17 11:24:13,/history,BSE:SENSEX2691773600CE,D,2026-06-09,2026-09-17,1,1,1,200,ok
2026-09-17 11:24:13,/history,BSE:SENSEX2691773600PE,60,2026-06-09,2026-09-17,1,1,1,200,ok
2026-09-17 11:24:14,/history,BSE:SENSEX2691773700PE,5S,2026-06-09,2026-07-09,1,1,1,200,no_data
2026-09-17 11:24:14,/history,BSE:SENSEX2691773600CE,5S,2026-09-10,2026-09-17,1,1,1,200,ok
2026-09-17 11:24:14,/history,BSE:SENSEX2691773600PE,D,2026-06-09,2026-09-17,1,1,1,200,ok
2026-09-17 11:24:14,/history,BSE:SENSEX2691773700CE,5S,2026-06-09,2026-07-09,1,1,1,200,no_data
2026-09-17 11:24:14,/history,BSE:SENSEX2691773600PE,5S,2026-09-10,2026-09-17,1,1,1,200,ok
2026-09-17 11:24:14,/history,BSE:SENSEX2691773700PE,5S,2026-07-10,2026-08-09,1,1,1,200,no_data
2026-09-17 11:24:14,/history,BSE:SENSEX2691773700CE,5S,2026-07-10,2026-08-09,1,1,1,200,no_data
2026-09-17 11:24:14,/history,BSE:SENSEX2691773700CE,1,2026-06-09,2026-09-17,1,1,1,200,ok
2026-09-17 11:24:15,/history,BSE:SENSEX2691773700CE,5S,2026-08-10,2026-09-09,1,1,1,200,no_data
2026-09-17 11:24:15,/history,BSE:SENSEX2691773700CE,5,2026-06-09,2026-09-17,1,1,1,200,ok
2026-09-17 11:24:15,/history,BSE:SENSEX2691773700PE,1,2026-06-09,2026-09-17,1,1,1,200,ok
2026-09-17 11:24:15,/history,BSE:SENSEX2691773700PE,5,2026-06-09,2026-09-17,1,1,1,200,ok
2026-09-17 11:24:15,/history,BSE:SENSEX2691773700PE,5S,2026-08-10,2026-09-09,1,1,1,200,ok
2026-09-17 11:24:15,/history,BSE:SENSEX2691773700CE,60,2026-06-09,2026-09-17,1,1,1,200,ok
2026-09-17 11:24:15,/history,BSE:SENSEX2691773700CE,D,2026-06-09,2026-09-17,1,1,1,200,ok
2026-09-17 11:24:15,/history,BSE:SENSEX2691773700PE,60,2026-06-09,2026-09-17,1,1,1,200,ok
2026-09-17 11:24:15,/history,BSE:SENSEX2691773700CE,5S,2026-09-10,2026-09-17,1,1,1,200,ok
2026-09-17 11:24:16,/history,BSE:SENSEX2691773700PE,D,2026-06-09,2026-09-17,1,1,1,200,ok
2026-09-17 11:24:16,/history,BSE:SENSEX2691773800CE,5S,2026-06-09,2026-07-09,1,1,1,200,no_data
2026-09-17 11:24:16,/history,BSE:SENSEX2691773800PE,5S,2026-06-09,2026-07-09,1,1,1,200,no_data
2026-09-17 11:24:16,/history,BSE:SENSEX2691773800CE,1,2026-06-09,2026-09-17,1,1,1,200,ok
2026-09-17 11:24:16,/history,BSE:SENSEX2691773800PE,1,2026-06-09,2026-09-17,1,1,1,200,ok
2026-09-17 11:24:16,/history,BSE:SENSEX2691773800PE,5S,2026-07-10,2026-08-09,1,1,1,200,no_data
2026-09-17 11:24:16,/history,BSE:SENSEX2691773800CE,5S,2026-07-10,2026-08-09,1,1,1,200,no_data
2026-09-17 11:24:17,/history,BSE:SENSEX2691773700PE,5S,2026-09-10,2026-09-17,1,1,1,200,ok
2026-09-17 11:24:17,/history,BSE:SENSEX2691773800CE,5,2026-06-09,2026-09-17,1,1,1,200,ok
2026-09-17 11:24:17,/history,BSE:SENSEX2691773800PE,5,2026-06-09,2026-09-17,1,1,1,200,ok
2026-09-17 11:24:17,/history,BSE:SENSEX2691773800CE,5S,2026-08-10,2026-09-09,1,1,1,200,no_data
2026-09-17 11:24:17,/history,BSE:SENSEX2691773800PE,5S,2026-08-10,2026-09-09,1,1,1,200,ok
2026-09-17 11:24:17,/history,BSE:SENSEX2691773800CE,60,2026-06-09,2026-09-17,1,1,1,200,ok
2026-09-17 11:24:18,/history,BSE:SENSEX2691773800PE,60,2026-06-09,2026-09-17,1,1,1,200,ok
2026-09-17 11:24:18,/history,BSE:SENSEX2691773800CE,D,2026-06-09,2026-09-17,1,1,1,200,ok
2026-09-17 11:24:18,/history,BSE:SENSEX2691773800PE,D,2026-06-09,2026-09-17,1,1,1,200,ok
2026-09-17 11:24:18,/history,BSE:SENSEX2691773900CE,5S,2026-06-09,2026-07-09,1,1,1,200,no_data
2026-09-17 11:24:18,/history,BSE:SENSEX2691773900PE,5S,2026-06-09,2026-07-09,1,1,1,200,no_data
2026-09-17 11:24:18,/history,BSE:SENSEX2691773900CE,5S,2026-07-10,2026-08-09,1,1,1,200,no_data
2026-09-17 11:24:19,/history,BSE:SENSEX2691773900CE,1,2026-06-09,2026-09-17,1,1,1,200,ok
2026-09-17 11:24:19,/history,BSE:SENSEX2691773800CE,5S,2026-09-10,2026-09-17,1,1,1,200,ok
2026-09-17 11:24:19,/history,BSE:SENSEX2691773900PE,5S,2026-07-10,2026-08-09,1,1,1,200,no_data
2026-09-17 11:24:19,/history,BSE:SENSEX2691773900CE,5S,2026-08-10,2026-09-09,1,1,1,200,no_data
2026-09-17 11:24:19,/history,BSE:SENSEX2691773800PE,5S,2026-09-10,2026-09-17,1,1,1,200,ok
2026-09-17 11:24:19,/history,BSE:SENSEX2691773900PE,1,2026-06-09,2026-09-17,1,1,1,200,ok
2026-09-17 11:24:20,/history,BSE:SENSEX2691773900PE,5S,2026-08-10,2026-09-09,1,1,1,200,ok
2026-09-17 11:24:20,/history,BSE:SENSEX2691773900CE,5,2026-06-09,2026-09-17,1,1,1,200,ok
2026-09-17 11:24:20,/history,BSE:SENSEX2691773900CE,5S,2026-09-10,2026-09-17,1,1,1,200,ok
2026-09-17 11:24:21,/history,BSE:SENSEX2691773900PE,5,2026-06-09,2026-09-17,1,1,1,200,ok
2026-09-17 11:24:21,/history,BSE:SENSEX2691773900CE,60,2026-06-09,2026-09-17,1,1,1,200,ok
2026-09-17 11:24:21,/history,BSE:SENSEX2691773900PE,5S,2026-09-10,2026-09-17,1,1,1,200,ok
2026-09-17 11:24:21,/history,BSE:SENSEX2691773900PE,60,2026-06-09,2026-09-17,1,1,1,200,ok
2026-09-17 11:24:21,/history,BSE:SENSEX2691773900CE,D,2026-06-09,2026-09-17,1,1,1,200,ok
2026-09-17 11:24:21,/history,BSE:SENSEX2691773900PE,D,2026-06-09,2026-09-17,1,1,1,200,ok
2026-09-17 11:24:21,/history,BSE:SENSEX2691774000CE,5S,2026-06-09,2026-07-09,1,1,1,200,no_data
2026-09-17 11:24:21,/history,BSE:SENSEX2691774000PE,5S,2026-06-09,2026-07-09,1,1,1,200,no_data
2026-09-17 11:24:22,/history,BSE:SENSEX2691774000CE,1,2026-06-09,2026-09-17,1,1,1,200,ok
2026-09-17 11:24:22,/history,BSE:SENSEX2691774000PE,1,2026-06-09,2026-09-17,1,1,1,200,ok
2026-09-17 11:24:22,/history,BSE:SENSEX2691774000PE,5S,2026-07-10,2026-08-09,1,1,1,200,no_data
2026-09-17 11:24:22,/history,BSE:SENSEX2691774000CE,5S,2026-07-10,2026-08-09,1,1,1,200,no_data
2026-09-17 11:24:22,/history,BSE:SENSEX2691774000PE,5,2026-06-09,2026-09-17,1,1,1,200,ok
2026-09-17 11:24:22,/history,BSE:SENSEX2691774000CE,5S,2026-08-10,2026-09-09,1,1,1,200,ok
2026-09-17 11:24:22,/history,BSE:SENSEX2691774000PE,60,2026-06-09,2026-09-17,1,1,1,200,ok
2026-09-17 11:24:22,/history,BSE:SENSEX2691774000CE,60,2026-06-09,2026-09-17,1,1,1,200,ok
2026-09-17 11:24:23,/history,BSE:SENSEX2691774000CE,5,2026-06-09,2026-09-17,1,1,1,200,ok
2026-09-17 11:24:23,/history,BSE:SENSEX2691774000PE,5S,2026-08-10,2026-09-09,1,1,1,200,ok
2026-09-17 11:24:36,/history,BSE:SENSEX2691774000PE,D,2026-06-09,2026-09-17,1,1,1,200,ok
2026-09-17 11:24:36,/history,BSE:SENSEX2691774100CE,5S,2026-06-09,2026-07-09,1,1,1,200,no_data
2026-09-17 11:24:36,/history,BSE:SENSEX2691774100CE,5S,2026-07-10,2026-08-09,1,1,1,200,no_data
2026-09-17 11:24:38,/history,BSE:SENSEX2691774100CE,5S,2026-08-10,2026-09-09,1,1,1,200,no_data
2026-09-17 11:24:42,/history,BSE:SENSEX2691774000CE,5S,2026-09-10,2026-09-17,1,1,1,200,ok
2026-09-17 11:24:44,/history,BSE:SENSEX2691774100PE,5S,2026-06-09,2026-07-09,1,1,1,200,no_data
2026-09-17 11:24:45,/history,BSE:SENSEX2691774100PE,5S,2026-07-10,2026-08-09,1,1,1,200,no_data
2026-09-17 11:24:45,/history,BSE:SENSEX2691774100CE,5S,2026-09-10,2026-09-17,1,1,1,200,ok
2026-09-17 11:24:45,/history,BSE:SENSEX2691774000PE,5S,2026-09-10,2026-09-17,1,1,1,200,ok
2026-09-17 11:24:47,/history,BSE:SENSEX2691774100CE,1,2026-06-09,2026-09-17,1,1,1,200,ok
2026-09-17 11:24:49,/history,BSE:SENSEX2691774100PE,1,2026-06-09,2026-09-17,1,1,1,200,ok
2026-09-17 11:24:51,/history,BSE:SENSEX2691774100PE,5,2026-06-09,2026-09-17,1,1,1,200,ok
2026-09-17 11:24:56,/history,BSE:SENSEX2691774100CE,60,2026-06-09,2026-09-17,1,1,1,200,ok
2026-09-17 11:24:58,/history,BSE:SENSEX2691774100PE,60,2026-06-09,2026-09-17,1,1,1,200,ok
2026-09-17 11:24:58,/history,BSE:SENSEX2691774100CE,D,2026-06-09,2026-09-17,1,1,1,200,ok
2026-09-17 11:24:59,/history,BSE:SENSEX2691774100PE,D,2026-06-09,2026-09-17,1,1,1,200,ok
2026-09-17 11:24:59,/history,BSE:SENSEX2691774000CE,D,2026-06-09,2026-09-17,1,1,1,200,ok
2026-09-17 11:24:59,/history,BSE:SENSEX2691774200CE,5S,2026-06-09,2026-07-09,1,1,1,200,no_data
2026-09-17 11:24:59,/history,BSE:SENSEX2691774200CE,1,2026-06-09,2026-09-17,1,1,1,200,ok
2026-09-17 11:24:59,/history,BSE:SENSEX2691774100CE,5,2026-06-09,2026-09-17,1,1,1,200,ok
2026-09-17 11:24:59,/history,BSE:SENSEX2691774200PE,1,2026-06-09,2026-09-17,1,1,1,200,ok
2026-09-17 11:25:00,/history,BSE:SENSEX2691774200CE,5,2026-06-09,2026-09-17,1,1,1,200,ok
2026-09-17 11:25:00,/history,BSE:SENSEX2691774200PE,5,2026-06-09,2026-09-17,1,1,1,200,ok
2026-09-17 11:25:00,/history,BSE:SENSEX2691774200PE,5S,2026-06-09,2026-07-09,1,1,1,200,no_data
2026-09-17 11:25:00,/history,BSE:SENSEX2691774200CE,5S,2026-07-10,2026-08-09,1,1,1,200,no_data
2026-09-17 11:25:00,/history,BSE:SENSEX2691774200CE,60,2026-06-09,2026-09-17,1,1,1,200,ok
2026-09-17 11:25:00,/history,BSE:SENSEX2691774200PE,5S,2026-07-10,2026-08-09,1,1,1,200,no_data
2026-09-17 11:25:00,/history,BSE:SENSEX2691774200PE,60,2026-06-09,2026-09-17,1,1,1,200,ok
2026-09-17 11:25:00,/history,BSE:SENSEX2691774200CE,D,2026-06-09,2026-09-17,1,1,1,200,ok
2026-09-17 11:25:00,/history,BSE:SENSEX2691774200CE,5S,2026-08-10,2026-09-09,1,1,1,200,no_data
2026-09-17 11:25:01,/history,BSE:SENSEX2691774200PE,D,2026-06-09,2026-09-17,1,1,1,200,ok
2026-09-17 11:25:01,/history,BSE:SENSEX2691774300CE,5S,2026-06-09,2026-07-09,1,1,1,200,no_data
2026-09-17 11:25:01,/history,BSE:SENSEX2691774100PE,5S,2026-08-10,2026-09-09,1,1,1,200,ok
2026-09-17 11:25:01,/history,BSE:SENSEX2691774300PE,5S,2026-06-09,2026-07-09,1,1,1,200,no_data
2026-09-17 11:25:01,/history,BSE:SENSEX2691774300PE,5S,2026-07-10,2026-08-09,1,1,1,200,no_data
2026-09-17 11:25:02,/history,BSE:SENSEX2691774200PE,5S,2026-08-10,2026-09-09,1,1,1,200,ok
2026-09-17 11:25:02,/history,BSE:SENSEX2691774300PE,5S,2026-08-10,2026-09-09,1,1,1,200,ok
2026-09-17 11:25:02,/history,BSE:SENSEX2691774200CE,5S,2026-09-10,2026-09-17,1,1,1,200,ok
2026-09-17 11:25:02,/history,BSE:SENSEX2691774300CE,5S,2026-07-10,2026-08-09,1,1,1,200,no_data
2026-09-17 11:25:03,/history,BSE:SENSEX2691774300CE,1,2026-06-09,2026-09-17,1,1,1,200,ok
2026-09-17 11:25:03,/history,BSE:SENSEX2691774300CE,5S,2026-08-10,2026-09-09,1,1,1,200,ok
2026-09-17 11:25:03,/history,BSE:SENSEX2691774300PE,5S,2026-09-10,2026-09-17,1,1,1,200,ok
2026-09-17 11:25:03,/history,BSE:SENSEX2691774200PE,5S,2026-09-10,2026-09-17,1,1,1,200,ok
2026-09-17 11:25:04,/history,BSE:SENSEX2691774300PE,1,2026-06-09,2026-09-17,1,1,1,200,ok
2026-09-17 11:25:04,/history,BSE:SENSEX2691774100PE,5S,2026-09-10,2026-09-17,1,1,1,200,ok
2026-09-17 11:25:04,/history,BSE:SENSEX2691774300CE,5,2026-06-09,2026-09-17,1,1,1,200,ok
2026-09-17 11:25:04,/history,BSE:SENSEX2691774300CE,5S,2026-09-10,2026-09-17,1,1,1,200,ok
2026-09-17 11:25:04,/history,BSE:SENSEX2691774300PE,5,2026-06-09,2026-09-17,1,1,1,200,ok
2026-09-17 11:25:05,/history,BSE:SENSEX2691774300CE,60,2026-06-09,2026-09-17,1,1,1,200,ok
2026-09-17 11:25:05,/history,BSE:SENSEX2691774300PE,60,2026-06-09,2026-09-17,1,1,1,200,ok
2026-09-17 11:25:05,/history,BSE:SENSEX2691774300CE,D,2026-06-09,2026-09-17,1,1,1,200,ok
2026-09-17 11:25:05,/history,BSE:SENSEX2691774300PE,D,2026-06-09,2026-09-17,1,1,1,200,ok
2026-09-17 11:25:05,/history,BSE:SENSEX2691774400CE,5S,2026-06-09,2026-07-09,1,1,1,200,no_data
2026-09-17 11:25:05,/history,BSE:SENSEX2691774400PE,5S,2026-06-09,2026-07-09,1,1,1,200,no_data
2026-09-17 11:25:05,/history,BSE:SENSEX2691774400CE,1,2026-06-09,2026-09-17,1,1,1,200,ok
2026-09-17 11:25:05,/history,BSE:SENSEX2691774400CE,5,2026-06-09,2026-09-17,1,1,1,200,ok
2026-09-17 11:25:05,/history,BSE:SENSEX2691774400PE,1,2026-06-09,2026-09-17,1,1,1,200,ok
2026-09-17 11:25:06,/history,BSE:SENSEX2691774400CE,5S,2026-07-10,2026-08-09,1,1,1,200,no_data
2026-09-17 11:25:06,/history,BSE:SENSEX2691774400PE,5S,2026-07-10,2026-08-09,1,1,1,200,no_data
2026-09-17 11:25:06,/history,BSE:SENSEX2691774400PE,60,2026-06-09,2026-09-17,1,1,1,200,ok
2026-09-17 11:25:06,/history,BSE:SENSEX2691774400CE,60,2026-06-09,2026-09-17,1,1,1,200,ok
2026-09-17 11:25:06,/history,BSE:SENSEX2691774400CE,5S,2026-08-10,2026-09-09,1,1,1,200,ok
2026-09-17 11:25:06,/history,BSE:SENSEX2691774400PE,5,2026-06-09,2026-09-17,1,1,1,200,ok
2026-09-17 11:25:06,/history,BSE:SENSEX2691774400PE,5S,2026-08-10,2026-09-09,1,1,1,200,ok
2026-09-17 11:25:06,/history,BSE:SENSEX2691774400CE,D,2026-06-09,2026-09-17,1,1,1,200,ok
2026-09-17 11:25:06,/history,BSE:SENSEX2691774400PE,D,2026-06-09,2026-09-17,1,1,1,200,ok
2026-09-17 11:25:07,/history,BSE:SENSEX2691774500CE,5S,2026-06-09,2026-07-09,1,1,1,200,no_data
2026-09-17 11:25:07,/history,BSE:SENSEX2691774500PE,5S,2026-06-09,2026-07-09,1,1,1,200,no_data
2026-09-17 11:25:07,/history,BSE:SENSEX2691774500CE,5S,2026-07-10,2026-08-09,1,1,1,200,no_data
2026-09-17 11:25:07,/history,BSE:SENSEX2691774500CE,1,2026-06-09,2026-09-17,1,1,1,200,ok
2026-09-17 11:25:07,/history,BSE:SENSEX2691774500PE,5S,2026-07-10,2026-08-09,1,1,1,200,no_data
2026-09-17 11:25:08,/history,BSE:SENSEX2691774400PE,5S,2026-09-10,2026-09-17,1,1,1,200,ok
2026-09-17 11:25:08,/history,BSE:SENSEX2691774500CE,5S,2026-08-10,2026-09-09,1,1,1,200,ok
2026-09-17 11:25:08,/history,BSE:SENSEX2691774500PE,1,2026-06-09,2026-09-17,1,1,1,200,ok
2026-09-17 11:25:08,/history,BSE:SENSEX2691774400CE,5S,2026-09-10,2026-09-17,1,1,1,200,ok
2026-09-17 11:25:09,/history,BSE:SENSEX2691774500CE,5,2026-06-09,2026-09-17,1,1,1,200,ok
2026-09-17 11:25:09,/history,BSE:SENSEX2691774500CE,5S,2026-09-10,2026-09-17,1,1,1,200,ok
2026-09-17 11:25:09,/history,BSE:SENSEX2691774500PE,5,2026-06-09,2026-09-17,1,1,1,200,ok
2026-09-17 11:25:09,/history,BSE:SENSEX2691774500CE,60,2026-06-09,2026-09-17,1,1,1,200,ok
2026-09-17 11:25:10,/history,BSE:SENSEX2691774500PE,60,2026-06-09,2026-09-17,1,1,1,200,ok
2026-09-17 11:25:10,/history,BSE:SENSEX2691774500CE,D,2026-06-09,2026-09-17,1,1,1,200,ok
2026-09-17 11:25:10,/history,BSE:SENSEX2691774500PE,D,2026-06-09,2026-09-17,1,1,1,200,ok
2026-09-17 11:25:10,/history,BSE:SENSEX2691774500PE,5S,2026-08-10,2026-09-09,1,1,1,200,ok
2026-09-17 11:25:10,/history,BSE:SENSEX2691774600CE,5S,2026-06-09,2026-07-09,1,1,1,200,no_data
2026-09-17 11:25:10,/history,BSE:SENSEX2691774600PE,5S,2026-06-09,2026-07-09,1,1,1,200,no_data
2026-09-17 11:25:10,/history,BSE:SENSEX2691774600CE,1,2026-06-09,2026-09-17,1,1,1,200,ok
2026-09-17 11:25:10,/history,BSE:SENSEX2691774600PE,1,2026-06-09,2026-09-17,1,1,1,200,ok
2026-09-17 11:25:10,/history,BSE:SENSEX2691774600PE,5S,2026-07-10,2026-08-09,1,1,1,200,no_data
2026-09-17 11:25:11,/history,BSE:SENSEX2691774600PE,5,2026-06-09,2026-09-17,1,1,1,200,ok
2026-09-17 11:25:11,/history,BSE:SENSEX2691774600CE,5S,2026-07-10,2026-08-09,1,1,1,200,no_data
2026-09-17 11:25:11,/history,BSE:SENSEX2691774500PE,5S,2026-09-10,2026-09-17,1,1,1,200,ok
2026-09-17 11:25:11,/history,BSE:SENSEX2691774600CE,5,2026-06-09,2026-09-17,1,1,1,200,ok
2026-09-17 11:25:11,/history,BSE:SENSEX2691774600CE,60,2026-06-09,2026-09-17,1,1,1,200,ok
2026-09-17 11:25:11,/history,BSE:SENSEX2691774600CE,5S,2026-08-10,2026-09-09,1,1,1,200,ok
2026-09-17 11:25:12,/history,BSE:SENSEX2691774600PE,5S,2026-08-10,2026-09-09,1,1,1,200,ok
2026-09-17 11:25:12,/history,BSE:SENSEX2691774600PE,60,2026-06-09,2026-09-17,1,1,1,200,ok
2026-09-17 11:25:12,/history,BSE:SENSEX2691774600CE,D,2026-06-09,2026-09-17,1,1,1,200,ok
2026-09-17 11:25:12,/history,BSE:SENSEX2691774600PE,D,2026-06-09,2026-09-17,1,1,1,200,ok
2026-09-17 11:25:12,/history,BSE:SENSEX2691774700CE,5S,2026-06-09,2026-07-09,1,1,1,200,no_data
2026-09-17 11:25:13,/history,BSE:SENSEX2691774700PE,5S,2026-06-09,2026-07-09,1,1,1,200,no_data
2026-09-17 11:25:13,/history,BSE:SENSEX2691774700CE,5S,2026-07-10,2026-08-09,1,1,1,200,no_data
2026-09-17 11:25:13,/history,BSE:SENSEX2691774700PE,5S,2026-07-10,2026-08-09,1,1,1,200,no_data
2026-09-17 11:25:13,/history,BSE:SENSEX2691774700CE,5S,2026-08-10,2026-09-09,1,1,1,200,ok
2026-09-17 11:25:13,/history,BSE:SENSEX2691774600PE,5S,2026-09-10,2026-09-17,1,1,1,200,ok
2026-09-17 11:25:13,/history,BSE:SENSEX2691774600CE,5S,2026-09-10,2026-09-17,1,1,1,200,ok
2026-09-17 11:25:14,/history,BSE:SENSEX2691774700PE,5S,2026-08-10,2026-09-09,1,1,1,200,ok
2026-09-17 11:25:15,/history,BSE:SENSEX2691774700CE,5S,2026-09-10,2026-09-17,1,1,1,200,ok
2026-09-17 11:25:16,/history,BSE:SENSEX2691774700PE,5S,2026-09-10,2026-09-17,1,1,1,200,ok
2026-09-17 11:25:16,/history,BSE:SENSEX2691774700CE,1,2026-06-09,2026-09-17,1,1,1,200,ok
2026-09-17 11:25:16,/history,BSE:SENSEX2691774700PE,1,2026-06-09,2026-09-17,1,1,1,200,ok
2026-09-17 11:25:16,/history,BSE:SENSEX2691774700CE,5,2026-06-09,2026-09-17,1,1,1,200,ok
2026-09-17 11:25:16,/history,BSE:SENSEX2691774700CE,60,2026-06-09,2026-09-17,1,1,1,200,ok
2026-09-17 11:25:16,/history,BSE:SENSEX2691774700PE,5,2026-06-09,2026-09-17,1,1,1,200,ok
2026-09-17 11:25:16,/history,BSE:SENSEX2691774700PE,60,2026-06-09,2026-09-17,1,1,1,200,ok
2026-09-17 11:25:17,/history,BSE:SENSEX2691774700CE,D,2026-06-09,2026-09-17,1,1,1,200,ok
2026-09-17 11:25:17,/history,BSE:SENSEX2691774700PE,D,2026-06-09,2026-09-17,1,1,1,200,ok
2026-09-17 11:25:17,/history,BSE:SENSEX2691774800CE,5S,2026-06-09,2026-07-09,1,1,1,200,no_data
2026-09-17 11:25:17,/history,BSE:SENSEX2691774800PE,5S,2026-06-09,2026-07-09,1,1,1,200,no_data
2026-09-17 11:25:17,/history,BSE:SENSEX2691774800CE,1,2026-06-09,2026-09-17,1,1,1,200,ok
2026-09-17 11:25:17,/history,BSE:SENSEX2691774800CE,5S,2026-07-10,2026-08-09,1,1,1,200,no_data
2026-09-17 11:25:17,/history,BSE:SENSEX2691774800PE,5S,2026-07-10,2026-08-09,1,1,1,200,no_data
2026-09-17 11:25:18,/history,BSE:SENSEX2691774800PE,1,2026-06-09,2026-09-17,1,1,1,200,ok
2026-09-17 11:25:18,/history,BSE:SENSEX2691774800PE,5,2026-06-09,2026-09-17,1,1,1,200,ok
2026-09-17 11:25:18,/history,BSE:SENSEX2691774800CE,5S,2026-08-10,2026-09-09,1,1,1,200,ok
2026-09-17 11:25:18,/history,BSE:SENSEX2691774800CE,5,2026-06-09,2026-09-17,1,1,1,200,ok
2026-09-17 11:25:18,/history,BSE:SENSEX2691774800CE,60,2026-06-09,2026-09-17,1,1,1,200,ok
2026-09-17 11:25:18,/history,BSE:SENSEX2691774800PE,60,2026-06-09,2026-09-17,1,1,1,200,ok
2026-09-17 11:25:18,/history,BSE:SENSEX2691774800PE,5S,2026-08-10,2026-09-09,1,1,1,200,ok
2026-09-17 11:25:18,/history,BSE:SENSEX2691774900CE,5S,2026-06-09,2026-07-09,1,1,1,200,no_data
2026-09-17 11:25:19,/history,BSE:SENSEX2691774800PE,D,2026-06-09,2026-09-17,1,1,1,200,ok
2026-09-17 11:25:19,/history,BSE:SENSEX2691774800CE,D,2026-06-09,2026-09-17,1,1,1,200,ok
2026-09-17 11:25:19,/history,BSE:SENSEX2691774800CE,5S,2026-09-10,2026-09-17,1,1,1,200,ok
2026-09-17 11:25:19,/history,BSE:SENSEX2691774900CE,5S,2026-07-10,2026-08-09,1,1,1,200,no_data
2026-09-17 11:25:19,/history,BSE:SENSEX2691774900PE,5S,2026-06-09,2026-07-09,1,1,1,200,no_data
2026-09-17 11:25:19,/history,BSE:SENSEX2691774900CE,1,2026-06-09,2026-09-17,1,1,1,200,ok
2026-09-17 11:25:19,/history,BSE:SENSEX2691774900PE,5S,2026-07-10,2026-08-09,1,1,1,200,no_data
2026-09-17 11:25:19,/history,BSE:SENSEX2691774900CE,5S,2026-08-10,2026-09-09,1,1,1,200,ok
2026-09-17 11:25:19,/history,BSE:SENSEX2691774800PE,5S,2026-09-10,2026-09-17,1,1,1,200,ok
2026-09-17 11:25:20,/history,BSE:SENSEX2691774900PE,1,2026-06-09,2026-09-17,1,1,1,200,ok
2026-09-17 11:25:20,/history,BSE:SENSEX2691774900CE,5,2026-06-09,2026-09-17,1,1,1,200,ok
2026-09-17 11:25:20,/history,BSE:SENSEX2691774900PE,5S,2026-08-10,2026-09-09,1,1,1,200,ok
2026-09-17 11:25:20,/history,BSE:SENSEX2691774900PE,5,2026-06-09,2026-09-17,1,1,1,200,ok
2026-09-17 11:25:20,/history,BSE:SENSEX2691774900CE,60,2026-06-09,2026-09-17,1,1,1,200,ok
2026-09-17 11:25:20,/history,BSE:SENSEX2691774900CE,5S,2026-09-10,2026-09-17,1,1,1,200,ok
2026-09-17 11:25:21,/history,BSE:SENSEX2691774900CE,D,2026-06-09,2026-09-17,1,1,1,200,ok
2026-09-17 11:25:21,/history,BSE:SENSEX2691774900PE,D,2026-06-09,2026-09-17,1,1,1,200,ok
2026-09-17 11:25:21,/history,BSE:SENSEX2691774900PE,60,2026-06-09,2026-09-17,1,1,1,200,ok
2026-09-17 11:25:21,/history,BSE:SENSEX2691774900PE,5S,2026-09-10,2026-09-17,1,1,1,200,ok
2026-09-17 11:25:21,/history,BSE:SENSEX2691775000PE,5S,2026-06-09,2026-07-09,1,1,1,200,no_data
2026-09-17 11:25:21,/history,BSE:SENSEX2691775000CE,5S,2026-06-09,2026-07-09,1,1,1,200,no_data
2026-09-17 11:25:21,/history,BSE:SENSEX2691775000CE,1,2026-06-09,2026-09-17,1,1,1,200,ok
2026-09-17 11:25:21,/history,BSE:SENSEX2691775000CE,5S,2026-07-10,2026-08-09,1,1,1,200,no_data
2026-09-17 11:25:21,/history,BSE:SENSEX2691775000PE,5S,2026-07-10,2026-08-09,1,1,1,200,no_data
2026-09-17 11:25:22,/history,BSE:SENSEX2691775000PE,1,2026-06-09,2026-09-17,1,1,1,200,ok
2026-09-17 11:25:22,/history,BSE:SENSEX2691775000CE,5,2026-06-09,2026-09-17,1,1,1,200,ok
2026-09-17 11:25:22,/history,BSE:SENSEX2691775000CE,5S,2026-08-10,2026-09-09,1,1,1,200,ok
2026-09-17 11:25:22,/history,BSE:SENSEX2691775000PE,5,2026-06-09,2026-09-17,1,1,1,200,ok
2026-09-17 11:25:22,/history,BSE:SENSEX2691775000PE,60,2026-06-09,2026-09-17,1,1,1,200,ok
2026-09-17 11:25:22,/history,BSE:SENSEX2691775000CE,60,2026-06-09,2026-09-17,1,1,1,200,ok
2026-09-17 11:25:22,/history,BSE:SENSEX2691775000PE,5S,2026-08-10,2026-09-09,1,1,1,200,ok
2026-09-17 11:25:22,/history,BSE:SENSEX2691775000CE,D,2026-06-09,2026-09-17,1,1,1,200,ok
2026-09-17 11:25:22,/history,BSE:SENSEX2691775000PE,D,2026-06-09,2026-09-17,1,1,1,200,ok
2026-09-17 11:25:23,/history,BSE:SENSEX2691775100CE,5S,2026-06-09,2026-07-09,1,1,1,200,no_data
2026-09-17 11:25:23,/history,BSE:SENSEX2691775100PE,5S,2026-06-09,2026-07-09,1,1,1,200,no_data
2026-09-17 11:25:23,/history,BSE:SENSEX2691775000CE,5S,2026-09-10,2026-09-17,1,1,1,200,ok
2026-09-17 11:25:23,/history,BSE:SENSEX2691775100CE,5S,2026-07-10,2026-08-09,1,1,1,200,no_data
2026-09-17 11:25:23,/history,BSE:SENSEX2691775100PE,5S,2026-07-10,2026-08-09,1,1,1,200,no_data
2026-09-17 11:25:23,/history,BSE:SENSEX2691775100CE,1,2026-06-09,2026-09-17,1,1,1,200,ok
2026-09-17 11:25:24,/history,BSE:SENSEX2691775000PE,5S,2026-09-10,2026-09-17,1,1,1,200,ok
2026-09-17 11:25:24,/history,BSE:SENSEX2691775100CE,5S,2026-08-10,2026-09-09,1,1,1,200,ok
2026-09-17 11:25:24,/history,BSE:SENSEX2691775100PE,1,2026-06-09,2026-09-17,1,1,1,200,ok
2026-09-17 11:25:24,/history,BSE:SENSEX2691775100PE,5S,2026-08-10,2026-09-09,1,1,1,200,ok
2026-09-17 11:25:25,/history,BSE:SENSEX2691775100CE,5,2026-06-09,2026-09-17,1,1,1,200,ok
2026-09-17 11:25:25,/history,BSE:SENSEX2691775100PE,5,2026-06-09,2026-09-17,1,1,1,200,ok
2026-09-17 11:25:25,/history,BSE:SENSEX2691775100CE,60,2026-06-09,2026-09-17,1,1,1,200,ok
2026-09-17 11:25:25,/history,BSE:SENSEX2691775100PE,60,2026-06-09,2026-09-17,1,1,1,200,ok
2026-09-17 11:25:25,/history,BSE:SENSEX2691775100PE,5S,2026-09-10,2026-09-17,1,1,1,200,ok
2026-09-17 11:25:25,/history,BSE:SENSEX2691775100CE,D,2026-06-09,2026-09-17,1,1,1,200,ok
2026-09-17 11:25:26,/history,BSE:SENSEX2691775100PE,D,2026-06-09,2026-09-17,1,1,1,200,ok
2026-09-17 11:25:26,/history,BSE:SENSEX2691775200CE,5S,2026-06-09,2026-07-09,1,1,1,200,no_data
2026-09-17 11:25:26,/history,BSE:SENSEX2691775200PE,5S,2026-06-09,2026-07-09,1,1,1,200,no_data
2026-09-17 11:25:26,/history,BSE:SENSEX2691775100CE,5S,2026-09-10,2026-09-17,1,1,1,200,ok
2026-09-17 11:25:26,/history,BSE:SENSEX2691775200CE,5S,2026-07-10,2026-08-09,1,1,1,200,no_data
2026-09-17 11:25:26,/history,BSE:SENSEX2691775200PE,5S,2026-07-10,2026-08-09,1,1,1,200,no_data
2026-09-17 11:25:26,/history,BSE:SENSEX2691775200CE,1,2026-06-09,2026-09-17,1,1,1,200,ok
2026-09-17 11:25:27,/history,BSE:SENSEX2691775200CE,5S,2026-08-10,2026-09-09,1,1,1,200,ok
2026-09-17 11:25:27,/history,BSE:SENSEX2691775200PE,1,2026-06-09,2026-09-17,1,1,1,200,ok
2026-09-17 11:25:27,/history,BSE:SENSEX2691775200PE,5S,2026-08-10,2026-09-09,1,1,1,200,ok
2026-09-17 11:25:28,/history,BSE:SENSEX2691775200CE,5,2026-06-09,2026-09-17,1,1,1,200,ok
2026-09-17 11:25:28,/history,BSE:SENSEX2691775200CE,60,2026-06-09,2026-09-17,1,1,1,200,ok
2026-09-17 11:25:28,/history,BSE:SENSEX2691775200PE,5,2026-06-09,2026-09-17,1,1,1,200,ok
2026-09-17 11:25:28,/history,BSE:SENSEX2691775200PE,60,2026-06-09,2026-09-17,1,1,1,200,ok
2026-09-17 11:25:28,/history,BSE:SENSEX2691775200CE,D,2026-06-09,2026-09-17,1,1,1,200,ok
2026-09-17 11:25:28,/history,BSE:SENSEX2691775200CE,5S,2026-09-10,2026-09-17,1,1,1,200,ok
2026-09-17 11:25:29,/history,BSE:SENSEX2691775200PE,5S,2026-09-10,2026-09-17,1,1,1,200,ok
2026-09-17 11:25:36,/history,BSE:SENSEX2691775300CE,1,2026-06-09,2026-09-17,1,1,1,200,ok
2026-09-17 11:25:36,/history,BSE:SENSEX2691775300PE,1,2026-06-09,2026-09-17,1,1,1,200,ok
2026-09-17 11:25:36,/history,BSE:SENSEX2691775300CE,5,2026-06-09,2026-09-17,1,1,1,200,ok
2026-09-17 11:25:39,/history,BSE:SENSEX2691775300PE,5,2026-06-09,2026-09-17,1,1,1,200,ok
2026-09-17 11:25:42,/history,BSE:SENSEX2691775300PE,60,2026-06-09,2026-09-17,1,1,1,200,ok
2026-09-17 11:25:44,/history,BSE:SENSEX2691775300CE,D,2026-06-09,2026-09-17,1,1,1,200,ok
2026-09-17 11:25:44,/history,BSE:SENSEX2691775200PE,D,2026-06-09,2026-09-17,1,1,1,200,ok
2026-09-17 11:25:44,/history,BSE:SENSEX2691775300CE,5S,2026-06-09,2026-07-09,1,1,1,200,no_data
2026-09-17 11:25:45,/history,BSE:SENSEX2691775300PE,5S,2026-06-09,2026-07-09,1,1,1,200,no_data
2026-09-17 11:25:47,/history,BSE:SENSEX2691775300PE,5S,2026-07-10,2026-08-09,1,1,1,200,no_data
2026-09-17 11:25:49,/history,BSE:SENSEX2691775300PE,5S,2026-08-10,2026-09-09,1,1,1,200,ok
2026-09-17 11:25:51,/history,BSE:SENSEX2691775300PE,D,2026-06-09,2026-09-17,1,1,1,200,ok
2026-09-17 11:25:57,/history,BSE:SENSEX2691775300CE,60,2026-06-09,2026-09-17,1,1,1,200,ok
2026-09-17 11:25:59,/history,BSE:SENSEX2691775400CE,5S,2026-06-09,2026-07-09,1,1,1,200,no_data
2026-09-17 11:25:59,/history,BSE:SENSEX2691775300CE,5S,2026-07-10,2026-08-09,1,1,1,200,no_data
2026-09-17 11:25:59,/history,BSE:SENSEX2691775400PE,5S,2026-06-09,2026-07-09,1,1,1,200,no_data
2026-09-17 11:25:59,/history,BSE:SENSEX2691775400CE,5S,2026-07-10,2026-08-09,1,1,1,200,no_data
2026-09-17 11:25:59,/history,BSE:SENSEX2691775400CE,1,2026-06-09,2026-09-17,1,1,1,200,ok
2026-09-17 11:25:59,/history,BSE:SENSEX2691775400CE,5S,2026-08-10,2026-09-09,1,1,1,200,ok
2026-09-17 11:26:00,/history,BSE:SENSEX2691775400PE,5S,2026-07-10,2026-08-09,1,1,1,200,no_data
2026-09-17 11:26:00,/history,BSE:SENSEX2691775400CE,5S,2026-09-10,2026-09-17,1,1,1,200,ok
2026-09-17 11:26:00,/history,BSE:SENSEX2691775300CE,5S,2026-08-10,2026-09-09,1,1,1,200,ok
2026-09-17 11:26:00,/history,BSE:SENSEX2691775400PE,1,2026-06-09,2026-09-17,1,1,1,200,ok
2026-09-17 11:26:01,/history,BSE:SENSEX2691775300PE,5S,2026-09-10,2026-09-17,1,1,1,200,ok
2026-09-17 11:26:01,/history,BSE:SENSEX2691775400PE,5S,2026-08-10,2026-09-09,1,1,1,200,ok
2026-09-17 11:26:01,/history,BSE:SENSEX2691775400CE,5,2026-06-09,2026-09-17,1,1,1,200,ok
2026-09-17 11:26:01,/history,BSE:SENSEX2691775400PE,5,2026-06-09,2026-09-17,1,1,1,200,ok
2026-09-17 11:26:02,/history,BSE:SENSEX2691775300CE,5S,2026-09-10,2026-09-17,1,1,1,200,ok
2026-09-17 11:26:02,/history,BSE:SENSEX2691775400CE,60,2026-06-09,2026-09-17,1,1,1,200,ok
2026-09-17 11:26:02,/history,BSE:SENSEX2691775400PE,60,2026-06-09,2026-09-17,1,1,1,200,ok
2026-09-17 11:26:02,/history,BSE:SENSEX2691775400PE,5S,2026-09-10,2026-09-17,1,1,1,200,ok
2026-09-17 11:26:02,/history,BSE:SENSEX2691775400CE,D,2026-06-09,2026-09-17,1,1,1,200,ok
2026-09-17 11:26:02,/history,BSE:SENSEX2691775400PE,D,2026-06-09,2026-09-17,1,1,1,200,ok
2026-09-17 11:26:02,/history,BSE:SENSEX2691775500CE,5S,2026-06-09,2026-07-09,1,1,1,200,no_data
2026-09-17 11:26:03,/history,BSE:SENSEX2691775500PE,5S,2026-06-09,2026-07-09,1,1,1,200,no_data
2026-09-17 11:26:03,/history,BSE:SENSEX2691775500CE,5S,2026-07-10,2026-08-09,1,1,1,200,no_data
2026-09-17 11:26:03,/history,BSE:SENSEX2691775500CE,1,2026-06-09,2026-09-17,1,1,1,200,ok
2026-09-17 11:26:03,/history,BSE:SENSEX2691775500PE,1,2026-06-09,2026-09-17,1,1,1,200,ok
2026-09-17 11:26:03,/history,BSE:SENSEX2691775500PE,5S,2026-07-10,2026-08-09,1,1,1,200,no_data
2026-09-17 11:26:03,/history,BSE:SENSEX2691775500CE,5S,2026-08-10,2026-09-09,1,1,1,200,ok
2026-09-17 11:26:03,/history,BSE:SENSEX2691775500PE,5,2026-06-09,2026-09-17,1,1,1,200,ok
2026-09-17 11:26:03,/history,BSE:SENSEX2691775500CE,5,2026-06-09,2026-09-17,1,1,1,200,ok
2026-09-17 11:26:04,/history,BSE:SENSEX2691775500CE,D,2026-06-09,2026-09-17,1,1,1,200,ok
2026-09-17 11:26:04,/history,BSE:SENSEX2691775500CE,60,2026-06-09,2026-09-17,1,1,1,200,ok
2026-09-17 11:26:04,/history,BSE:SENSEX2691775500PE,60,2026-06-09,2026-09-17,1,1,1,200,ok
2026-09-17 11:26:04,/history,BSE:SENSEX2691775500PE,5S,2026-08-10,2026-09-09,1,1,1,200,ok
2026-09-17 11:26:04,/history,BSE:SENSEX2691775500CE,5S,2026-09-10,2026-09-17,1,1,1,200,ok
2026-09-17 11:26:05,/history,BSE:SENSEX2691775500PE,5S,2026-09-10,2026-09-17,1,1,1,200,ok
2026-09-17 11:26:05,/history,BSE:SENSEX2691775600CE,1,2026-06-09,2026-09-17,1,1,1,200,ok
2026-09-17 11:26:05,/history,BSE:SENSEX2691775600CE,5S,2026-06-09,2026-07-09,1,1,1,200,no_data
2026-09-17 11:26:05,/history,BSE:SENSEX2691775500PE,D,2026-06-09,2026-09-17,1,1,1,200,ok
2026-09-17 11:26:05,/history,BSE:SENSEX2691775600PE,5S,2026-06-09,2026-07-09,1,1,1,200,no_data
2026-09-17 11:26:06,/history,BSE:SENSEX2691775600CE,5S,2026-07-10,2026-08-09,1,1,1,200,no_data
2026-09-17 11:26:06,/history,BSE:SENSEX2691775600PE,1,2026-06-09,2026-09-17,1,1,1,200,ok
2026-09-17 11:26:06,/history,BSE:SENSEX2691775600CE,5,2026-06-09,2026-09-17,1,1,1,200,ok
2026-09-17 11:26:06,/history,BSE:SENSEX2691775600PE,5S,2026-07-10,2026-08-09,1,1,1,200,no_data
2026-09-17 11:26:06,/history,BSE:SENSEX2691775600CE,60,2026-06-09,2026-09-17,1,1,1,200,ok
2026-09-17 11:26:06,/history,BSE:SENSEX2691775600PE,60,2026-06-09,2026-09-17,1,1,1,200,ok
2026-09-17 11:26:06,/history,BSE:SENSEX2691775600CE,5S,2026-08-10,2026-09-09,1,1,1,200,ok
2026-09-17 11:26:06,/history,BSE:SENSEX2691775600PE,5,2026-06-09,2026-09-17,1,1,1,200,ok
2026-09-17 11:26:07,/history,BSE:SENSEX2691775600CE,D,2026-06-09,2026-09-17,1,1,1,200,ok
2026-09-17 11:26:07,/history,BSE:SENSEX2691775600PE,D,2026-06-09,2026-09-17,1,1,1,200,ok
2026-09-17 11:26:07,/history,BSE:SENSEX2691775600PE,5S,2026-08-10,2026-09-09,1,1,1,200,ok
2026-09-17 11:26:07,/history,BSE:SENSEX2691775700CE,5S,2026-06-09,2026-07-09,1,1,1,200,no_data
2026-09-17 11:26:07,/history,BSE:SENSEX2691775700PE,5S,2026-06-09,2026-07-09,1,1,1,200,no_data
2026-09-17 11:26:07,/history,BSE:SENSEX2691775700CE,5S,2026-07-10,2026-08-09,1,1,1,200,no_data
2026-09-17 11:26:07,/history,BSE:SENSEX2691775700PE,5S,2026-07-10,2026-08-09,1,1,1,200,no_data
2026-09-17 11:26:08,/history,BSE:SENSEX2691775700CE,1,2026-06-09,2026-09-17,1,1,1,200,ok
2026-09-17 11:26:08,/history,BSE:SENSEX2691775600CE,5S,2026-09-10,2026-09-17,1,1,1,200,ok
2026-09-17 11:26:09,/history,BSE:SENSEX2691775600PE,5S,2026-09-10,2026-09-17,1,1,1,200,ok
2026-09-17 11:26:09,/history,BSE:SENSEX2691775700PE,1,2026-06-09,2026-09-17,1,1,1,200,ok
2026-09-17 11:26:09,/history,BSE:SENSEX2691775700CE,5S,2026-08-10,2026-09-09,1,1,1,200,ok
2026-09-17 11:26:10,/history,BSE:SENSEX2691775700PE,5S,2026-08-10,2026-09-09,1,1,1,200,ok
2026-09-17 11:26:10,/history,BSE:SENSEX2691775700CE,5,2026-06-09,2026-09-17,1,1,1,200,ok
2026-09-17 11:26:11,/history,BSE:SENSEX2691775700PE,5,2026-06-09,2026-09-17,1,1,1,200,ok
2026-09-17 11:26:11,/history,BSE:SENSEX2691775700CE,5S,2026-09-10,2026-09-17,1,1,1,200,ok
2026-09-17 11:26:11,/history,BSE:SENSEX2691775700PE,5S,2026-09-10,2026-09-17,1,1,1,200,ok
2026-09-17 11:26:11,/history,BSE:SENSEX2691775700CE,60,2026-06-09,2026-09-17,1,1,1,200,ok
2026-09-17 11:26:11,/history,BSE:SENSEX2691775700PE,60,2026-06-09,2026-09-17,1,1,1,200,ok
2026-09-17 11:26:12,/history,BSE:SENSEX2691775700CE,D,2026-06-09,2026-09-17,1,1,1,200,ok
2026-09-17 11:26:12,/history,BSE:SENSEX2691775700PE,D,2026-06-09,2026-09-17,1,1,1,200,ok
2026-09-17 11:26:12,/history,BSE:SENSEX2691775800CE,5S,2026-06-09,2026-07-09,1,1,1,200,no_data
2026-09-17 11:26:12,/history,BSE:SENSEX2691775800PE,5S,2026-06-09,2026-07-09,1,1,1,200,no_data
2026-09-17 11:26:12,/history,BSE:SENSEX2691775800CE,1,2026-06-09,2026-09-17,1,1,1,200,ok
2026-09-17 11:26:12,/history,BSE:SENSEX2691775800CE,5S,2026-07-10,2026-08-09,1,1,1,200,no_data
2026-09-17 11:26:12,/history,BSE:SENSEX2691775800PE,5S,2026-07-10,2026-08-09,1,1,1,200,no_data
2026-09-17 11:26:12,/history,BSE:SENSEX2691775800PE,1,2026-06-09,2026-09-17,1,1,1,200,ok
2026-09-17 11:26:13,/history,BSE:SENSEX2691775800CE,60,2026-06-09,2026-09-17,1,1,1,200,ok
2026-09-17 11:26:13,/history,BSE:SENSEX2691775800CE,5S,2026-08-10,2026-09-09,1,1,1,200,ok
2026-09-17 11:26:13,/history,BSE:SENSEX2691775800PE,5,2026-06-09,2026-09-17,1,1,1,200,ok
2026-09-17 11:26:13,/history,BSE:SENSEX2691775800CE,5,2026-06-09,2026-09-17,1,1,1,200,ok
2026-09-17 11:26:13,/history,BSE:SENSEX2691775800PE,5S,2026-08-10,2026-09-09,1,1,1,200,ok
2026-09-17 11:26:13,/history,BSE:SENSEX2691775800PE,60,2026-06-09,2026-09-17,1,1,1,200,ok
2026-09-17 11:26:13,/history,BSE:SENSEX2691775800CE,D,2026-06-09,2026-09-17,1,1,1,200,ok
2026-09-17 11:26:13,/history,BSE:SENSEX2691775800PE,D,2026-06-09,2026-09-17,1,1,1,200,ok
2026-09-17 11:26:14,/history,BSE:SENSEX2691775900CE,5S,2026-06-09,2026-07-09,1,1,1,200,no_data
2026-09-17 11:26:14,/history,BSE:SENSEX2691775900PE,5S,2026-06-09,2026-07-09,1,1,1,200,no_data
2026-09-17 11:26:14,/history,BSE:SENSEX2691775800CE,5S,2026-09-10,2026-09-17,1,1,1,200,ok
2026-09-17 11:26:14,/history,BSE:SENSEX2691775800PE,5S,2026-09-10,2026-09-17,1,1,1,200,ok
2026-09-17 11:26:14,/history,BSE:SENSEX2691775900CE,5S,2026-07-10,2026-08-09,1,1,1,200,no_data
2026-09-17 11:26:14,/history,BSE:SENSEX2691775900PE,5S,2026-07-10,2026-08-09,1,1,1,200,no_data
2026-09-17 11:26:14,/history,BSE:SENSEX2691775900CE,1,2026-06-09,2026-09-17,1,1,1,200,ok
2026-09-17 11:26:15,/history,BSE:SENSEX2691775900PE,1,2026-06-09,2026-09-17,1,1,1,200,ok
2026-09-17 11:26:15,/history,BSE:SENSEX2691775900PE,5S,2026-08-10,2026-09-09,1,1,1,200,ok
2026-09-17 11:26:15,/history,BSE:SENSEX2691775900CE,5S,2026-08-10,2026-09-09,1,1,1,200,ok
2026-09-17 11:26:15,/history,BSE:SENSEX2691775900PE,5,2026-06-09,2026-09-17,1,1,1,200,ok
2026-09-17 11:26:15,/history,BSE:SENSEX2691775900CE,5,2026-06-09,2026-09-17,1,1,1,200,ok
2026-09-17 11:26:16,/history,BSE:SENSEX2691775900PE,5S,2026-09-10,2026-09-17,1,1,1,200,ok
2026-09-17 11:26:16,/history,BSE:SENSEX2691775900CE,60,2026-06-09,2026-09-17,1,1,1,200,ok
2026-09-17 11:26:16,/history,BSE:SENSEX2691775900PE,D,2026-06-09,2026-09-17,1,1,1,200,ok
2026-09-17 11:26:17,/history,BSE:SENSEX2691776000PE,5S,2026-06-09,2026-07-09,1,1,1,200,no_data
2026-09-17 11:26:17,/history,BSE:SENSEX2691776000CE,5S,2026-06-09,2026-07-09,1,1,1,200,no_data
2026-09-17 11:26:17,/history,BSE:SENSEX2691775900PE,60,2026-06-09,2026-09-17,1,1,1,200,ok
2026-09-17 11:26:17,/history,BSE:SENSEX2691775900CE,D,2026-06-09,2026-09-17,1,1,1,200,ok
2026-09-17 11:26:17,/history,BSE:SENSEX2691775900CE,5S,2026-09-10,2026-09-17,1,1,1,200,ok
2026-09-17 11:26:17,/history,BSE:SENSEX2691776000CE,5S,2026-07-10,2026-08-09,1,1,1,200,no_data
2026-09-17 11:26:17,/history,BSE:SENSEX2691776000PE,5S,2026-07-10,2026-08-09,1,1,1,200,no_data
2026-09-17 11:26:18,/history,BSE:SENSEX2691776000CE,1,2026-06-09,2026-09-17,1,1,1,200,ok
2026-09-17 11:26:18,/history,BSE:SENSEX2691776000CE,5,2026-06-09,2026-09-17,1,1,1,200,ok
2026-09-17 11:26:18,/history,BSE:SENSEX2691776000PE,1,2026-06-09,2026-09-17,1,1,1,200,ok
2026-09-17 11:26:18,/history,BSE:SENSEX2691776000PE,5,2026-06-09,2026-09-17,1,1,1,200,ok
2026-09-17 11:26:18,/history,BSE:SENSEX2691776000PE,5S,2026-08-10,2026-09-09,1,1,1,200,ok
2026-09-17 11:26:18,/history,BSE:SENSEX2691776000CE,5S,2026-08-10,2026-09-09,1,1,1,200,ok
2026-09-17 11:26:19,/history,BSE:SENSEX2691776000CE,60,2026-06-09,2026-09-17,1,1,1,200,ok
2026-09-17 11:26:19,/history,BSE:SENSEX2691776000PE,60,2026-06-09,2026-09-17,1,1,1,200,ok
2026-09-17 11:26:19,/history,BSE:SENSEX2691776000CE,D,2026-06-09,2026-09-17,1,1,1,200,ok
2026-09-17 11:26:19,/history,BSE:SENSEX2691776000PE,D,2026-06-09,2026-09-17,1,1,1,200,ok
2026-09-17 11:26:19,/history,BSE:SENSEX2691776100CE,5S,2026-06-09,2026-07-09,1,1,1,200,no_data
2026-09-17 11:26:19,/history,BSE:SENSEX2691776100PE,5S,2026-06-09,2026-07-09,1,1,1,200,no_data
2026-09-17 11:26:19,/history,BSE:SENSEX2691776100CE,1,2026-06-09,2026-09-17,1,1,1,200,ok
2026-09-17 11:26:20,/history,BSE:SENSEX2691776000PE,5S,2026-09-10,2026-09-17,1,1,1,200,ok
2026-09-17 11:26:20,/history,BSE:SENSEX2691776100PE,5S,2026-07-10,2026-08-09,1,1,1,200,no_data
2026-09-17 11:26:20,/history,BSE:SENSEX2691776000CE,5S,2026-09-10,2026-09-17,1,1,1,200,ok
2026-09-17 11:26:20,/history,BSE:SENSEX2691776100CE,5S,2026-07-10,2026-08-09,1,1,1,200,no_data
2026-09-17 11:26:20,/history,BSE:SENSEX2691776100PE,1,2026-06-09,2026-09-17,1,1,1,200,ok
2026-09-17 11:26:21,/history,BSE:SENSEX2691776100CE,5,2026-06-09,2026-09-17,1,1,1,200,ok
2026-09-17 11:26:21,/history,BSE:SENSEX2691776100PE,5S,2026-08-10,2026-09-09,1,1,1,200,ok
2026-09-17 11:26:21,/history,BSE:SENSEX2691776100PE,5,2026-06-09,2026-09-17,1,1,1,200,ok
2026-09-17 11:26:21,/history,BSE:SENSEX2691776100CE,5S,2026-08-10,2026-09-09,1,1,1,200,ok
2026-09-17 11:26:22,/history,BSE:SENSEX2691776100PE,60,2026-06-09,2026-09-17,1,1,1,200,ok
2026-09-17 11:26:22,/history,BSE:SENSEX2691776100CE,60,2026-06-09,2026-09-17,1,1,1,200,ok
2026-09-17 11:26:22,/history,BSE:SENSEX2691776100CE,D,2026-06-09,2026-09-17,1,1,1,200,ok
2026-09-17 11:26:22,/history,BSE:SENSEX2691776100PE,D,2026-06-09,2026-09-17,1,1,1,200,ok
2026-09-17 11:26:22,/history,BSE:SENSEX2691776200CE,5S,2026-06-09,2026-07-09,1,1,1,200,no_data
2026-09-17 11:26:23,/history,BSE:SENSEX2691776200PE,5S,2026-06-09,2026-07-09,1,1,1,200,no_data
2026-09-17 11:26:23,/history,BSE:SENSEX2691776200CE,5S,2026-07-10,2026-08-09,1,1,1,200,no_data
2026-09-17 11:26:23,/history,BSE:SENSEX2691776200PE,5S,2026-07-10,2026-08-09,1,1,1,200,no_data
2026-09-17 11:26:23,/history,BSE:SENSEX2691776100PE,5S,2026-09-10,2026-09-17,1,1,1,200,ok
2026-09-17 11:26:23,/history,BSE:SENSEX2691776200CE,1,2026-06-09,2026-09-17,1,1,1,200,ok
2026-09-17 11:26:23,/history,BSE:SENSEX2691776100CE,5S,2026-09-10,2026-09-17,1,1,1,200,ok
2026-09-17 11:26:24,/history,BSE:SENSEX2691776200PE,5S,2026-08-10,2026-09-09,1,1,1,200,ok
2026-09-17 11:26:24,/history,BSE:SENSEX2691776200PE,1,2026-06-09,2026-09-17,1,1,1,200,ok
2026-09-17 11:26:24,/history,BSE:SENSEX2691776200CE,5S,2026-08-10,2026-09-09,1,1,1,200,ok
2026-09-17 11:26:25,/history,BSE:SENSEX2691776200CE,5,2026-06-09,2026-09-17,1,1,1,200,ok
2026-09-17 11:26:26,/history,BSE:SENSEX2691776200PE,5S,2026-09-10,2026-09-17,1,1,1,200,ok
2026-09-17 11:26:26,/history,BSE:SENSEX2691776200CE,5S,2026-09-10,2026-09-17,1,1,1,200,ok
2026-09-17 11:26:26,/history,BSE:SENSEX2691776200PE,5,2026-06-09,2026-09-17,1,1,1,200,ok
2026-09-17 11:26:26,/history,BSE:SENSEX2691776200CE,60,2026-06-09,2026-09-17,1,1,1,200,ok
2026-09-17 11:26:26,/history,BSE:SENSEX2691776200PE,60,2026-06-09,2026-09-17,1,1,1,200,ok
2026-09-17 11:26:27,/history,BSE:SENSEX2691776200CE,D,2026-06-09,2026-09-17,1,1,1,200,ok
2026-09-17 11:26:27,/history,BSE:SENSEX2691776200PE,D,2026-06-09,2026-09-17,1,1,1,200,ok
2026-09-17 11:26:27,/history,BSE:SENSEX2691776300CE,5S,2026-06-09,2026-07-09,1,1,1,200,no_data
2026-09-17 11:26:27,/history,BSE:SENSEX2691776300PE,5S,2026-06-09,2026-07-09,1,1,1,200,no_data
2026-09-17 11:26:27,/history,BSE:SENSEX2691776300CE,5S,2026-07-10,2026-08-09,1,1,1,200,no_data
2026-09-17 11:26:27,/history,BSE:SENSEX2691776300CE,1,2026-06-09,2026-09-17,1,1,1,200,ok
2026-09-17 11:26:27,/history,BSE:SENSEX2691776300PE,1,2026-06-09,2026-09-17,1,1,1,200,ok
2026-09-17 11:26:27,/history,BSE:SENSEX2691776300PE,5S,2026-07-10,2026-08-09,1,1,1,200,no_data
2026-09-17 11:26:28,/history,BSE:SENSEX2691776300CE,60,2026-06-09,2026-09-17,1,1,1,200,ok
2026-09-17 11:26:28,/history,BSE:SENSEX2691776300CE,5S,2026-08-10,2026-09-09,1,1,1,200,ok
2026-09-17 11:26:28,/history,BSE:SENSEX2691776300PE,5,2026-06-09,2026-09-17,1,1,1,200,ok
2026-09-17 11:26:28,/history,BSE:SENSEX2691776300CE,5,2026-06-09,2026-09-17,1,1,1,200,ok
2026-09-17 11:26:28,/history,BSE:SENSEX2691776300CE,D,2026-06-09,2026-09-17,1,1,1,200,ok
2026-09-17 11:26:28,/history,BSE:SENSEX2691776300PE,60,2026-06-09,2026-09-17,1,1,1,200,ok
2026-09-17 11:26:28,/history,BSE:SENSEX2691776300PE,D,2026-06-09,2026-09-17,1,1,1,200,ok
2026-09-17 11:26:28,/history,BSE:SENSEX2691776300PE,5S,2026-08-10,2026-09-09,1,1,1,200,ok
2026-09-17 11:26:28,/history,BSE:SENSEX2691776400CE,5S,2026-06-09,2026-07-09,1,1,1,200,no_data
2026-09-17 11:26:29,/history,BSE:SENSEX2691776300CE,5S,2026-09-10,2026-09-17,1,1,1,200,ok
2026-09-17 11:26:29,/history,BSE:SENSEX2691776400CE,1,2026-06-09,2026-09-17,1,1,1,200,ok
2026-09-17 11:26:29,/history,BSE:SENSEX2691776400CE,5S,2026-07-10,2026-08-09,1,1,1,200,no_data
2026-09-17 11:26:29,/history,BSE:SENSEX2691776400PE,5S,2026-06-09,2026-07-09,1,1,1,200,no_data
2026-09-17 11:26:29,/history,BSE:SENSEX2691776300PE,5S,2026-09-10,2026-09-17,1,1,1,200,ok
2026-09-17 11:26:29,/history,BSE:SENSEX2691776400PE,5S,2026-07-10,2026-08-09,1,1,1,200,no_data
2026-09-17 11:26:29,/history,BSE:SENSEX2691776400PE,1,2026-06-09,2026-09-17,1,1,1,200,ok
2026-09-17 11:26:30,/history,BSE:SENSEX2691776400CE,5S,2026-08-10,2026-09-09,1,1,1,200,ok
2026-09-17 11:26:30,/history,BSE:SENSEX2691776400CE,5,2026-06-09,2026-09-17,1,1,1,200,ok
2026-09-17 11:26:30,/history,BSE:SENSEX2691776400PE,5S,2026-08-10,2026-09-09,1,1,1,200,ok
2026-09-17 11:26:31,/history,BSE:SENSEX2691776400PE,5,2026-06-09,2026-09-17,1,1,1,200,ok
2026-09-17 11:26:31,/history,BSE:SENSEX2691776400CE,60,2026-06-09,2026-09-17,1,1,1,200,ok
2026-09-17 11:26:31,/history,BSE:SENSEX2691776400CE,5S,2026-09-10,2026-09-17,1,1,1,200,ok
2026-09-17 11:26:31,/history,BSE:SENSEX2691776400CE,D,2026-06-09,2026-09-17,1,1,1,200,ok
2026-09-17 11:26:31,/history,BSE:SENSEX2691776400PE,60,2026-06-09,2026-09-17,1,1,1,200,ok
2026-09-17 11:26:31,/history,BSE:SENSEX2691776400PE,5S,2026-09-10,2026-09-17,1,1,1,200,ok
2026-09-17 11:26:31,/history,BSE:SENSEX2691776400PE,D,2026-06-09,2026-09-17,1,1,1,200,ok
2026-09-17 11:26:31,/history,BSE:SENSEX2691776500CE,5S,2026-06-09,2026-07-09,1,1,1,200,no_data
2026-09-17 11:26:32,/history,BSE:SENSEX2691776500PE,5S,2026-06-09,2026-07-09,1,1,1,200,no_data
2026-09-17 11:26:36,/history,BSE:SENSEX2691776500PE,5S,2026-07-10,2026-08-09,1,1,1,200,no_data
2026-09-17 11:26:36,/history,BSE:SENSEX2691776500CE,5,2026-06-09,2026-09-17,1,1,1,200,ok
2026-09-17 11:26:37,/history,BSE:SENSEX2691776500PE,5S,2026-08-10,2026-09-09,1,1,1,200,ok
2026-09-17 11:26:39,/history,BSE:SENSEX2691776500PE,5S,2026-09-10,2026-09-17,1,1,1,200,ok
2026-09-17 11:26:42,/history,BSE:SENSEX2691776500PE,1,2026-06-09,2026-09-17,1,1,1,200,ok
2026-09-17 11:26:45,/history,BSE:SENSEX2691776500PE,5,2026-06-09,2026-09-17,1,1,1,200,ok
2026-09-17 11:26:45,/history,BSE:SENSEX2691776500PE,60,2026-06-09,2026-09-17,1,1,1,200,ok
2026-09-17 11:26:45,/history,BSE:SENSEX2691776500CE,5S,2026-07-10,2026-08-09,1,1,1,200,no_data
2026-09-17 11:26:45,/history,BSE:SENSEX2691776500CE,1,2026-06-09,2026-09-17,1,1,1,200,ok
2026-09-17 11:26:47,/history,BSE:SENSEX2691776500CE,60,2026-06-09,2026-09-17,1,1,1,200,ok
2026-09-17 11:26:49,/history,BSE:SENSEX2691776600PE,5S,2026-06-09,2026-07-09,1,1,1,200,no_data
2026-09-17 11:26:51,/history,BSE:SENSEX2691776600PE,5S,2026-07-10,2026-08-09,1,1,1,200,no_data
2026-09-17 11:26:57,/history,BSE:SENSEX2691776600PE,5S,2026-08-10,2026-09-09,1,1,1,200,ok
2026-09-17 11:26:59,/history,BSE:SENSEX2691776500CE,D,2026-06-09,2026-09-17,1,1,1,200,ok
2026-09-17 11:26:59,/history,BSE:SENSEX2691776500PE,D,2026-06-09,2026-09-17,1,1,1,200,ok
2026-09-17 11:26:59,/history,BSE:SENSEX2691776600CE,5S,2026-06-09,2026-07-09,1,1,1,200,no_data
2026-09-17 11:26:59,/history,BSE:SENSEX2691776600PE,1,2026-06-09,2026-09-17,1,1,1,200,ok
2026-09-17 11:26:59,/history,BSE:SENSEX2691776600CE,1,2026-06-09,2026-09-17,1,1,1,200,ok
2026-09-17 11:27:00,/history,BSE:SENSEX2691776600CE,5,2026-06-09,2026-09-17,1,1,1,200,ok
2026-09-17 11:27:00,/history,BSE:SENSEX2691776500CE,5S,2026-08-10,2026-09-09,1,1,1,200,ok
2026-09-17 11:27:00,/history,BSE:SENSEX2691776600CE,60,2026-06-09,2026-09-17,1,1,1,200,ok
2026-09-17 11:27:00,/history,BSE:SENSEX2691776600PE,60,2026-06-09,2026-09-17,1,1,1,200,ok
2026-09-17 11:27:01,/history,BSE:SENSEX2691776600CE,5S,2026-07-10,2026-08-09,1,1,1,200,no_data
2026-09-17 11:27:01,/history,BSE:SENSEX2691776500CE,5S,2026-09-10,2026-09-17,1,1,1,200,ok
2026-09-17 11:27:01,/history,BSE:SENSEX2691776600CE,D,2026-06-09,2026-09-17,1,1,1,200,ok
2026-09-17 11:27:01,/history,BSE:SENSEX2691776600PE,5S,2026-09-10,2026-09-17,1,1,1,200,ok
2026-09-17 11:27:01,/history,BSE:SENSEX2691776600PE,D,2026-06-09,2026-09-17,1,1,1,200,ok
2026-09-17 11:27:01,/history,BSE:SENSEX2691776700CE,5S,2026-06-09,2026-07-09,1,1,1,200,no_data
2026-09-17 11:27:02,/history,BSE:SENSEX2691776600PE,5,2026-06-09,2026-09-17,1,1,1,200,ok
2026-09-17 11:27:02,/history,BSE:SENSEX2691776700PE,5S,2026-06-09,2026-07-09,1,1,1,200,no_data
2026-09-17 11:27:03,/history,BSE:SENSEX2691776600CE,5S,2026-08-10,2026-09-09,1,1,1,200,ok
2026-09-17 11:27:03,/history,BSE:SENSEX2691776700CE,5S,2026-07-10,2026-08-09,1,1,1,200,no_data
2026-09-17 11:27:03,/history,BSE:SENSEX2691776700PE,1,2026-06-09,2026-09-17,1,1,1,200,ok
2026-09-17 11:27:03,/history,BSE:SENSEX2691776700PE,5S,2026-07-10,2026-08-09,1,1,1,200,no_data
2026-09-17 11:27:03,/history,BSE:SENSEX2691776700CE,1,2026-06-09,2026-09-17,1,1,1,200,ok
2026-09-17 11:27:04,/history,BSE:SENSEX2691776700CE,5,2026-06-09,2026-09-17,1,1,1,200,ok
2026-09-17 11:27:04,/history,BSE:SENSEX2691776600CE,5S,2026-09-10,2026-09-17,1,1,1,200,ok
2026-09-17 11:27:05,/history,BSE:SENSEX2691776700PE,5,2026-06-09,2026-09-17,1,1,1,200,ok
2026-09-17 11:27:05,/history,BSE:SENSEX2691776700CE,5S,2026-08-10,2026-09-09,1,1,1,200,ok
2026-09-17 11:27:05,/history,BSE:SENSEX2691776700CE,60,2026-06-09,2026-09-17,1,1,1,200,ok
2026-09-17 11:27:05,/history,BSE:SENSEX2691776700PE,5S,2026-08-10,2026-09-09,1,1,1,200,ok
2026-09-17 11:27:05,/history,BSE:SENSEX2691776700PE,60,2026-06-09,2026-09-17,1,1,1,200,ok
2026-09-17 11:27:05,/history,BSE:SENSEX2691776700CE,D,2026-06-09,2026-09-17,1,1,1,200,ok
2026-09-17 11:27:06,/history,BSE:SENSEX2691776800CE,5S,2026-06-09,2026-07-09,1,1,1,200,no_data
2026-09-17 11:27:06,/history,BSE:SENSEX2691776700PE,D,2026-06-09,2026-09-17,1,1,1,200,ok
2026-09-17 11:27:06,/history,BSE:SENSEX2691776800CE,5S,2026-07-10,2026-08-09,1,1,1,200,no_data
2026-09-17 11:27:06,/history,BSE:SENSEX2691776800PE,5S,2026-06-09,2026-07-09,1,1,1,200,no_data
2026-09-17 11:27:06,/history,BSE:SENSEX2691776700PE,5S,2026-09-10,2026-09-17,1,1,1,200,ok
2026-09-17 11:27:06,/history,BSE:SENSEX2691776700CE,5S,2026-09-10,2026-09-17,1,1,1,200,ok
2026-09-17 11:27:07,/history,BSE:SENSEX2691776800PE,5S,2026-07-10,2026-08-09,1,1,1,200,no_data
2026-09-17 11:27:07,/history,BSE:SENSEX2691776800CE,1,2026-06-09,2026-09-17,1,1,1,200,ok
2026-09-17 11:27:07,/history,BSE:SENSEX2691776800CE,5S,2026-08-10,2026-09-09,1,1,1,200,ok
2026-09-17 11:27:08,/history,BSE:SENSEX2691776800PE,5S,2026-08-10,2026-09-09,1,1,1,200,ok
2026-09-17 11:27:08,/history,BSE:SENSEX2691776800PE,1,2026-06-09,2026-09-17,1,1,1,200,ok
2026-09-17 11:27:08,/history,BSE:SENSEX2691776800CE,5S,2026-09-10,2026-09-17,1,1,1,200,ok
2026-09-17 11:27:09,/history,BSE:SENSEX2691776800CE,5,2026-06-09,2026-09-17,1,1,1,200,ok
2026-09-17 11:27:09,/history,BSE:SENSEX2691776800PE,5,2026-06-09,2026-09-17,1,1,1,200,ok
2026-09-17 11:27:09,/history,BSE:SENSEX2691776800PE,5S,2026-09-10,2026-09-17,1,1,1,200,ok
2026-09-17 11:27:09,/history,BSE:SENSEX2691776800CE,60,2026-06-09,2026-09-17,1,1,1,200,ok
2026-09-17 11:27:09,/history,BSE:SENSEX2691776800CE,D,2026-06-09,2026-09-17,1,1,1,200,ok
2026-09-17 11:27:09,/history,BSE:SENSEX2691776800PE,60,2026-06-09,2026-09-17,1,1,1,200,ok
2026-09-17 11:27:10,/history,BSE:SENSEX2691776800PE,D,2026-06-09,2026-09-17,1,1,1,200,ok
2026-09-17 11:27:10,/history,BSE:SENSEX2691776900CE,5S,2026-06-09,2026-07-09,1,1,1,200,no_data
2026-09-17 11:27:10,/history,BSE:SENSEX2691776900PE,5S,2026-06-09,2026-07-09,1,1,1,200,no_data
2026-09-17 11:27:10,/history,BSE:SENSEX2691776900PE,5S,2026-07-10,2026-08-09,1,1,1,200,no_data
2026-09-17 11:27:10,/history,BSE:SENSEX2691776900CE,5S,2026-07-10,2026-08-09,1,1,1,200,no_data
2026-09-17 11:27:10,/history,BSE:SENSEX2691776900CE,1,2026-06-09,2026-09-17,1,1,1,200,ok
2026-09-17 11:27:10,/history,BSE:SENSEX2691776900PE,1,2026-06-09,2026-09-17,1,1,1,200,ok
2026-09-17 11:27:10,/history,BSE:SENSEX2691776900CE,5,2026-06-09,2026-09-17,1,1,1,200,ok
2026-09-17 11:27:11,/history,BSE:SENSEX2691776900CE,60,2026-06-09,2026-09-17,1,1,1,200,ok
2026-09-17 11:27:11,/history,BSE:SENSEX2691776900PE,60,2026-06-09,2026-09-17,1,1,1,200,ok
2026-09-17 11:27:11,/history,BSE:SENSEX2691776900PE,5S,2026-08-10,2026-09-09,1,1,1,200,ok
2026-09-17 11:27:11,/history,BSE:SENSEX2691776900CE,D,2026-06-09,2026-09-17,1,1,1,200,ok
2026-09-17 11:27:11,/history,BSE:SENSEX2691776900PE,5,2026-06-09,2026-09-17,1,1,1,200,ok
2026-09-17 11:27:11,/history,BSE:SENSEX2691776900PE,D,2026-06-09,2026-09-17,1,1,1,200,ok
2026-09-17 11:27:11,/history,BSE:SENSEX2691776900CE,5S,2026-08-10,2026-09-09,1,1,1,200,ok
2026-09-17 11:27:11,/history,BSE:SENSEX2691777000CE,5S,2026-06-09,2026-07-09,1,1,1,200,no_data
2026-09-17 11:27:11,/history,BSE:SENSEX2691776900PE,5S,2026-09-10,2026-09-17,1,1,1,200,ok
2026-09-17 11:27:12,/history,BSE:SENSEX2691777000PE,5S,2026-06-09,2026-07-09,1,1,1,200,no_data
2026-09-17 11:27:12,/history,BSE:SENSEX2691777000PE,5S,2026-07-10,2026-08-09,1,1,1,200,no_data
2026-09-17 11:27:12,/history,BSE:SENSEX2691777000CE,1,2026-06-09,2026-09-17,1,1,1,200,ok
2026-09-17 11:27:12,/history,BSE:SENSEX2691776900CE,5S,2026-09-10,2026-09-17,1,1,1,200,ok
2026-09-17 11:27:13,/history,BSE:SENSEX2691777000CE,5,2026-06-09,2026-09-17,1,1,1,200,ok
2026-09-17 11:27:13,/history,BSE:SENSEX2691777000PE,1,2026-06-09,2026-09-17,1,1,1,200,ok
2026-09-17 11:27:13,/history,BSE:SENSEX2691777000CE,5S,2026-07-10,2026-08-09,1,1,1,200,no_data
2026-09-17 11:27:13,/history,BSE:SENSEX2691777000PE,5,2026-06-09,2026-09-17,1,1,1,200,ok
2026-09-17 11:27:13,/history,BSE:SENSEX2691777000PE,5S,2026-08-10,2026-09-09,1,1,1,200,ok
2026-09-17 11:27:13,/history,BSE:SENSEX2691777000CE,60,2026-06-09,2026-09-17,1,1,1,200,ok
2026-09-17 11:27:13,/history,BSE:SENSEX2691777000PE,60,2026-06-09,2026-09-17,1,1,1,200,ok
2026-09-17 11:27:14,/history,BSE:SENSEX2691777000CE,D,2026-06-09,2026-09-17,1,1,1,200,ok
2026-09-17 11:27:14,/history,BSE:SENSEX2691777000PE,D,2026-06-09,2026-09-17,1,1,1,200,ok
2026-09-17 11:27:14,/history,BSE:SENSEX2691777100CE,5S,2026-06-09,2026-07-09,1,1,1,200,no_data
2026-09-17 11:27:14,/history,BSE:SENSEX2691777100PE,5S,2026-06-09,2026-07-09,1,1,1,200,no_data
2026-09-17 11:27:14,/history,BSE:SENSEX2691777000CE,5S,2026-08-10,2026-09-09,1,1,1,200,ok
2026-09-17 11:27:14,/history,BSE:SENSEX2691777000PE,5S,2026-09-10,2026-09-17,1,1,1,200,ok
2026-09-17 11:27:14,/history,BSE:SENSEX2691777100CE,5S,2026-07-10,2026-08-09,1,1,1,200,no_data
2026-09-17 11:27:14,/history,BSE:SENSEX2691777100CE,1,2026-06-09,2026-09-17,1,1,1,200,ok
2026-09-17 11:27:14,/history,BSE:SENSEX2691777100PE,5S,2026-07-10,2026-08-09,1,1,1,200,no_data
2026-09-17 11:27:15,/history,BSE:SENSEX2691777100PE,1,2026-06-09,2026-09-17,1,1,1,200,ok
2026-09-17 11:27:15,/history,BSE:SENSEX2691777000CE,5S,2026-09-10,2026-09-17,1,1,1,200,ok
2026-09-17 11:27:16,/history,BSE:SENSEX2691777100PE,5S,2026-08-10,2026-09-09,1,1,1,200,ok
2026-09-17 11:27:16,/history,BSE:SENSEX2691777100CE,5S,2026-08-10,2026-09-09,1,1,1,200,ok
2026-09-17 11:27:16,/history,BSE:SENSEX2691777100CE,5,2026-06-09,2026-09-17,1,1,1,200,ok
2026-09-17 11:27:16,/history,BSE:SENSEX2691777100CE,60,2026-06-09,2026-09-17,1,1,1,200,ok
2026-09-17 11:27:16,/history,BSE:SENSEX2691777100PE,5,2026-06-09,2026-09-17,1,1,1,200,ok
2026-09-17 11:27:17,/history,BSE:SENSEX2691777100PE,60,2026-06-09,2026-09-17,1,1,1,200,ok
2026-09-17 11:27:17,/history,BSE:SENSEX2691777100PE,5S,2026-09-10,2026-09-17,1,1,1,200,ok
2026-09-17 11:27:17,/history,BSE:SENSEX2691777100CE,D,2026-06-09,2026-09-17,1,1,1,200,ok
2026-09-17 11:27:17,/history,BSE:SENSEX2691777100PE,D,2026-06-09,2026-09-17,1,1,1,200,ok
2026-09-17 11:27:17,/history,BSE:SENSEX2691777100CE,5S,2026-09-10,2026-09-17,1,1,1,200,ok
2026-09-17 11:27:17,/history,BSE:SENSEX2691777200CE,5S,2026-06-09,2026-07-09,1,1,1,200,no_data
2026-09-17 11:27:17,/history,BSE:SENSEX2691777200PE,5S,2026-06-09,2026-07-09,1,1,1,200,no_data
2026-09-17 11:27:18,/history,BSE:SENSEX2691777200CE,5S,2026-07-10,2026-08-09,1,1,1,200,no_data
2026-09-17 11:27:18,/history,BSE:SENSEX2691777200PE,5S,2026-07-10,2026-08-09,1,1,1,200,no_data
2026-09-17 11:27:18,/history,BSE:SENSEX2691777200CE,1,2026-06-09,2026-09-17,1,1,1,200,ok
2026-09-17 11:27:19,/history,BSE:SENSEX2691777200PE,1,2026-06-09,2026-09-17,1,1,1,200,ok
2026-09-17 11:27:20,/history,BSE:SENSEX2691777200PE,5S,2026-08-10,2026-09-09,1,1,1,200,ok
2026-09-17 11:27:20,/history,BSE:SENSEX2691777200PE,5,2026-06-09,2026-09-17,1,1,1,200,ok
2026-09-17 11:27:20,/history,BSE:SENSEX2691777200CE,5,2026-06-09,2026-09-17,1,1,1,200,ok
2026-09-17 11:27:20,/history,BSE:SENSEX2691777200CE,5S,2026-08-10,2026-09-09,1,1,1,200,ok
2026-09-17 11:27:20,/history,BSE:SENSEX2691777200PE,60,2026-06-09,2026-09-17,1,1,1,200,ok
2026-09-17 11:27:20,/history,BSE:SENSEX2691777200CE,60,2026-06-09,2026-09-17,1,1,1,200,ok
2026-09-17 11:27:21,/history,BSE:SENSEX2691777200PE,5S,2026-09-10,2026-09-17,1,1,1,200,ok
2026-09-17 11:27:21,/history,BSE:SENSEX2691777200CE,D,2026-06-09,2026-09-17,1,1,1,200,ok
2026-09-17 11:27:21,/history,BSE:SENSEX2691777200PE,D,2026-06-09,2026-09-17,1,1,1,200,ok
2026-09-17 11:27:21,/history,BSE:SENSEX2691777300CE,5S,2026-06-09,2026-07-09,1,1,1,200,no_data
2026-09-17 11:27:21,/history,BSE:SENSEX2691777300PE,5S,2026-06-09,2026-07-09,1,1,1,200,no_data
2026-09-17 11:27:21,/history,BSE:SENSEX2691777300CE,1,2026-06-09,2026-09-17,1,1,1,200,ok
2026-09-17 11:27:22,/history,BSE:SENSEX2691777300CE,5S,2026-07-10,2026-08-09,1,1,1,200,no_data
2026-09-17 11:27:22,/history,BSE:SENSEX2691777300PE,5S,2026-07-10,2026-08-09,1,1,1,200,no_data
2026-09-17 11:27:22,/history,BSE:SENSEX2691777200CE,5S,2026-09-10,2026-09-17,1,1,1,200,ok
2026-09-17 11:27:22,/history,BSE:SENSEX2691777300PE,1,2026-06-09,2026-09-17,1,1,1,200,ok
2026-09-17 11:27:22,/history,BSE:SENSEX2691777300CE,5,2026-06-09,2026-09-17,1,1,1,200,ok
2026-09-17 11:27:23,/history,BSE:SENSEX2691777300PE,5,2026-06-09,2026-09-17,1,1,1,200,ok
2026-09-17 11:27:23,/history,BSE:SENSEX2691777300CE,5S,2026-08-10,2026-09-09,1,1,1,200,ok
2026-09-17 11:27:23,/history,BSE:SENSEX2691777300PE,5S,2026-08-10,2026-09-09,1,1,1,200,ok
2026-09-17 11:27:23,/history,BSE:SENSEX2691777300CE,60,2026-06-09,2026-09-17,1,1,1,200,ok
2026-09-17 11:27:23,/history,BSE:SENSEX2691777300PE,60,2026-06-09,2026-09-17,1,1,1,200,ok
2026-09-17 11:27:23,/history,BSE:SENSEX2691777300CE,D,2026-06-09,2026-09-17,1,1,1,200,ok
2026-09-17 11:27:23,/history,BSE:SENSEX2691777300PE,D,2026-06-09,2026-09-17,1,1,1,200,ok
2026-09-17 11:27:23,/history,BSE:SENSEX2691777400CE,5S,2026-06-09,2026-07-09,1,1,1,200,no_data
2026-09-17 11:27:23,/history,BSE:SENSEX2691777400PE,5S,2026-06-09,2026-07-09,1,1,1,200,no_data
2026-09-17 11:27:24,/history,BSE:SENSEX2691777300PE,5S,2026-09-10,2026-09-17,1,1,1,200,ok
2026-09-17 11:27:24,/history,BSE:SENSEX2691777300CE,5S,2026-09-10,2026-09-17,1,1,1,200,ok
2026-09-17 11:27:24,/history,BSE:SENSEX2691777400CE,1,2026-06-09,2026-09-17,1,1,1,200,ok
2026-09-17 11:27:24,/history,BSE:SENSEX2691777400PE,5S,2026-07-10,2026-08-09,1,1,1,200,no_data
2026-09-17 11:27:24,/history,BSE:SENSEX2691777400CE,5S,2026-07-10,2026-08-09,1,1,1,200,no_data
2026-09-17 11:27:25,/history,BSE:SENSEX2691777400PE,1,2026-06-09,2026-09-17,1,1,1,200,ok
2026-09-17 11:27:25,/history,BSE:SENSEX2691777400PE,5S,2026-08-10,2026-09-09,1,1,1,200,ok
2026-09-17 11:27:25,/history,BSE:SENSEX2691777400CE,5,2026-06-09,2026-09-17,1,1,1,200,ok
2026-09-17 11:27:25,/history,BSE:SENSEX2691777400PE,5,2026-06-09,2026-09-17,1,1,1,200,ok
2026-09-17 11:27:25,/history,BSE:SENSEX2691777400CE,5S,2026-08-10,2026-09-09,1,1,1,200,ok
2026-09-17 11:27:26,/history,BSE:SENSEX2691777400CE,60,2026-06-09,2026-09-17,1,1,1,200,ok
2026-09-17 11:27:26,/history,BSE:SENSEX2691777400PE,5S,2026-09-10,2026-09-17,1,1,1,200,ok
2026-09-17 11:27:26,/history,BSE:SENSEX2691777400PE,60,2026-06-09,2026-09-17,1,1,1,200,ok
2026-09-17 11:27:26,/history,BSE:SENSEX2691777400CE,D,2026-06-09,2026-09-17,1,1,1,200,ok
2026-09-17 11:27:26,/history,BSE:SENSEX2691777400CE,5S,2026-09-10,2026-09-17,1,1,1,200,ok
2026-09-17 11:27:27,/history,BSE:SENSEX2691777500CE,1,2026-06-09,2026-09-17,1,1,1,200,ok
2026-09-17 11:27:27,/history,BSE:SENSEX2691777400PE,D,2026-06-09,2026-09-17,1,1,1,200,ok
2026-09-17 11:27:27,/history,BSE:SENSEX2691777500CE,5S,2026-06-09,2026-07-09,1,1,1,200,no_data
2026-09-17 11:27:27,/history,BSE:SENSEX2691777500PE,5S,2026-06-09,2026-07-09,1,1,1,200,no_data
2026-09-17 11:27:27,/history,BSE:SENSEX2691777500CE,5,2026-06-09,2026-09-17,1,1,1,200,ok
2026-09-17 11:27:27,/history,BSE:SENSEX2691777500PE,5,2026-06-09,2026-09-17,1,1,1,200,ok
2026-09-17 11:27:27,/history,BSE:SENSEX2691777500PE,1,2026-06-09,2026-09-17,1,1,1,200,ok
2026-09-17 11:27:27,/history,BSE:SENSEX2691777500CE,5S,2026-07-10,2026-08-09,1,1,1,200,no_data
2026-09-17 11:27:28,/history,BSE:SENSEX2691777500PE,5S,2026-07-10,2026-08-09,1,1,1,200,no_data
2026-09-17 11:27:28,/history,BSE:SENSEX2691777500CE,60,2026-06-09,2026-09-17,1,1,1,200,ok
2026-09-17 11:27:28,/history,BSE:SENSEX2691777500PE,5S,2026-08-10,2026-09-09,1,1,1,200,ok
2026-09-17 11:27:28,/history,BSE:SENSEX2691777500PE,60,2026-06-09,2026-09-17,1,1,1,200,ok
2026-09-17 11:27:28,/history,BSE:SENSEX2691777500CE,D,2026-06-09,2026-09-17,1,1,1,200,ok
2026-09-17 11:27:28,/history,BSE:SENSEX2691777500PE,D,2026-06-09,2026-09-17,1,1,1,200,ok
2026-09-17 11:27:28,/history,BSE:SENSEX2691777600CE,5S,2026-06-09,2026-07-09,1,1,1,200,no_data
2026-09-17 11:27:29,/history,BSE:SENSEX2691777600PE,5S,2026-06-09,2026-07-09,1,1,1,200,no_data
2026-09-17 11:27:29,/history,BSE:SENSEX2691777600CE,5S,2026-07-10,2026-08-09,1,1,1,200,no_data
2026-09-17 11:27:29,/history,BSE:SENSEX2691777500PE,5S,2026-09-10,2026-09-17,1,1,1,200,ok
2026-09-17 11:27:29,/history,BSE:SENSEX2691777600PE,5S,2026-07-10,2026-08-09,1,1,1,200,no_data
2026-09-17 11:27:29,/history,BSE:SENSEX2691777600CE,1,2026-06-09,2026-09-17,1,1,1,200,ok
2026-09-17 11:27:30,/history,BSE:SENSEX2691777500CE,5S,2026-08-10,2026-09-09,1,1,1,200,ok
2026-09-17 11:27:30,/history,BSE:SENSEX2691777600PE,1,2026-06-09,2026-09-17,1,1,1,200,ok
2026-09-17 11:27:30,/history,BSE:SENSEX2691777600PE,5S,2026-08-10,2026-09-09,1,1,1,200,ok
2026-09-17 11:27:30,/history,BSE:SENSEX2691777600CE,5S,2026-08-10,2026-09-09,1,1,1,200,ok
2026-09-17 11:27:31,/history,BSE:SENSEX2691777500CE,5S,2026-09-10,2026-09-17,1,1,1,200,ok
2026-09-17 11:27:31,/history,BSE:SENSEX2691777600CE,5,2026-06-09,2026-09-17,1,1,1,200,ok
2026-09-17 11:27:31,/history,BSE:SENSEX2691777600PE,5,2026-06-09,2026-09-17,1,1,1,200,ok
2026-09-17 11:27:32,/history,BSE:SENSEX2691777600PE,5S,2026-09-10,2026-09-17,1,1,1,200,ok
2026-09-17 11:27:32,/history,BSE:SENSEX2691777600CE,60,2026-06-09,2026-09-17,1,1,1,200,ok
2026-09-17 11:27:32,/history,BSE:SENSEX2691777600PE,60,2026-06-09,2026-09-17,1,1,1,200,ok
2026-09-17 11:27:32,/history,BSE:SENSEX2691777600CE,5S,2026-09-10,2026-09-17,1,1,1,200,ok
2026-09-17 11:27:33,/history,BSE:SENSEX2691777600CE,D,2026-06-09,2026-09-17,1,1,1,200,ok
2026-09-17 11:27:33,/history,BSE:SENSEX2691777600PE,D,2026-06-09,2026-09-17,1,1,1,200,ok
2026-09-17 11:27:33,/history,BSE:SENSEX2691777700PE,5S,2026-06-09,2026-07-09,1,1,1,200,no_data
2026-09-17 11:27:33,/history,BSE:SENSEX2691777700CE,5S,2026-06-09,2026-07-09,1,1,1,200,no_data
2026-09-17 11:27:33,/history,BSE:SENSEX2691777700PE,5S,2026-07-10,2026-08-09,1,1,1,200,no_data
2026-09-17 11:27:33,/history,BSE:SENSEX2691777700CE,5S,2026-07-10,2026-08-09,1,1,1,200,no_data
2026-09-17 11:27:34,/history,BSE:SENSEX2691777700PE,5S,2026-08-10,2026-09-09,1,1,1,200,ok
2026-09-17 11:27:36,/history,BSE:SENSEX2691777700CE,5,2026-06-09,2026-09-17,1,1,1,200,ok
2026-09-17 11:27:36,/history,BSE:SENSEX2691777700PE,5,2026-06-09,2026-09-17,1,1,1,200,ok
2026-09-17 11:27:36,/history,BSE:SENSEX2691777700CE,1,2026-06-09,2026-09-17,1,1,1,200,ok
2026-09-17 11:27:39,/history,BSE:SENSEX2691777700CE,60,2026-06-09,2026-09-17,1,1,1,200,ok
2026-09-17 11:27:43,/history,BSE:SENSEX2691777700PE,60,2026-06-09,2026-09-17,1,1,1,200,ok
2026-09-17 11:27:45,/history,BSE:SENSEX2691777700CE,D,2026-06-09,2026-09-17,1,1,1,200,ok
2026-09-17 11:27:45,/history,BSE:SENSEX2691777700PE,1,2026-06-09,2026-09-17,1,1,1,200,ok
2026-09-17 11:27:45,/history,BSE:SENSEX2691777700PE,5S,2026-09-10,2026-09-17,1,1,1,200,ok
2026-09-17 11:27:46,/history,BSE:SENSEX2691777700CE,5S,2026-08-10,2026-09-09,1,1,1,200,ok
2026-09-17 11:27:47,/history,BSE:SENSEX2691777700PE,D,2026-06-09,2026-09-17,1,1,1,200,ok
2026-09-17 11:27:49,/history,BSE:SENSEX2691777800CE,5S,2026-06-09,2026-07-09,1,1,1,200,no_data
2026-09-17 11:27:51,/history,BSE:SENSEX2691777800CE,1,2026-06-09,2026-09-17,1,1,1,200,ok
2026-09-17 11:27:57,/history,BSE:SENSEX2691777800PE,5S,2026-06-09,2026-07-09,1,1,1,200,no_data
2026-09-17 11:27:59,/history,BSE:SENSEX2691777800PE,5S,2026-07-10,2026-08-09,1,1,1,200,no_data
2026-09-17 11:27:59,/history,BSE:SENSEX2691777800PE,1,2026-06-09,2026-09-17,1,1,1,200,ok
2026-09-17 11:27:59,/history,BSE:SENSEX2691777800CE,5S,2026-07-10,2026-08-09,1,1,1,200,no_data
2026-09-17 11:28:00,/history,BSE:SENSEX2691777800PE,5,2026-06-09,2026-09-17,1,1,1,200,ok
2026-09-17 11:28:00,/history,BSE:SENSEX2691777800CE,5,2026-06-09,2026-09-17,1,1,1,200,ok
2026-09-17 11:28:00,/history,BSE:SENSEX2691777800PE,5S,2026-08-10,2026-09-09,1,1,1,200,ok
2026-09-17 11:28:00,/history,BSE:SENSEX2691777700CE,5S,2026-09-10,2026-09-17,1,1,1,200,ok
2026-09-17 11:28:01,/history,BSE:SENSEX2691777800PE,5S,2026-09-10,2026-09-17,1,1,1,200,no_data
2026-09-17 11:28:00,/history,BSE:SENSEX2691777800PE,60,2026-06-09,2026-09-17,1,1,1,200,ok
2026-09-17 11:28:01,/history,BSE:SENSEX2691777800CE,D,2026-06-09,2026-09-17,1,1,1,200,ok
2026-09-17 11:28:01,/history,BSE:SENSEX2691777800CE,60,2026-06-09,2026-09-17,1,1,1,200,ok
2026-09-17 11:28:01,/history,BSE:SENSEX2691777800PE,D,2026-06-09,2026-09-17,1,1,1,200,ok
2026-09-17 11:28:01,/history,BSE:SENSEX2691777900CE,5S,2026-06-09,2026-07-09,1,1,1,200,no_data
2026-09-17 11:28:02,/history,BSE:SENSEX2691777900CE,1,2026-06-09,2026-09-17,1,1,1,200,ok
2026-09-17 11:28:02,/history,BSE:SENSEX2691777900PE,5S,2026-06-09,2026-07-09,1,1,1,200,no_data
2026-09-17 11:28:03,/history,BSE:SENSEX2691777900PE,1,2026-06-09,2026-09-17,1,1,1,200,ok
2026-09-17 11:28:03,/history,BSE:SENSEX2691777900CE,5,2026-06-09,2026-09-17,1,1,1,200,ok
2026-09-17 11:28:03,/history,BSE:SENSEX2691777800CE,5S,2026-08-10,2026-09-09,1,1,1,200,ok
2026-09-17 11:28:03,/history,BSE:SENSEX2691777900PE,5,2026-06-09,2026-09-17,1,1,1,200,ok
2026-09-17 11:28:03,/history,BSE:SENSEX2691777900CE,60,2026-06-09,2026-09-17,1,1,1,200,ok
2026-09-17 11:28:03,/history,BSE:SENSEX2691777900PE,60,2026-06-09,2026-09-17,1,1,1,200,ok
2026-09-17 11:28:03,/history,BSE:SENSEX2691777900CE,D,2026-06-09,2026-09-17,1,1,1,200,ok
2026-09-17 11:28:04,/history,BSE:SENSEX2691777900PE,D,2026-06-09,2026-09-17,1,1,1,200,ok
2026-09-17 11:28:04,/history,BSE:SENSEX2691777900CE,5S,2026-07-10,2026-08-09,1,1,1,200,no_data
2026-09-17 11:28:04,/history,BSE:SENSEX2691777800CE,5S,2026-09-10,2026-09-17,1,1,1,200,ok
2026-09-17 11:28:05,/history,BSE:SENSEX2691778000CE,5S,2026-06-09,2026-07-09,1,1,1,200,no_data
2026-09-17 11:28:05,/history,BSE:SENSEX2691777900PE,5S,2026-07-10,2026-08-09,1,1,1,200,no_data
2026-09-17 11:28:06,/history,BSE:SENSEX2691778000CE,1,2026-06-09,2026-09-17,1,1,1,200,ok
2026-09-17 11:28:06,/history,BSE:SENSEX2691778000PE,5S,2026-06-09,2026-07-09,1,1,1,200,no_data
2026-09-17 11:28:06,/history,BSE:SENSEX2691778000CE,5S,2026-07-10,2026-08-09,1,1,1,200,no_data
2026-09-17 11:28:06,/history,BSE:SENSEX2691778000PE,5S,2026-07-10,2026-08-09,1,1,1,200,no_data
2026-09-17 11:28:06,/history,BSE:SENSEX2691777900PE,5S,2026-08-10,2026-09-09,1,1,1,200,ok
2026-09-17 11:28:07,/history,BSE:SENSEX2691777900PE,5S,2026-09-10,2026-09-17,1,1,1,200,ok
2026-09-17 11:28:07,/history,BSE:SENSEX2691777900CE,5S,2026-08-10,2026-09-09,1,1,1,200,ok
2026-09-17 11:28:08,/history,BSE:SENSEX2691778000PE,1,2026-06-09,2026-09-17,1,1,1,200,ok
2026-09-17 11:28:08,/history,BSE:SENSEX2691778000PE,5S,2026-08-10,2026-09-09,1,1,1,200,ok
2026-09-17 11:28:08,/history,BSE:SENSEX2691778000CE,5S,2026-08-10,2026-09-09,1,1,1,200,ok
2026-09-17 11:28:08,/history,BSE:SENSEX2691777900CE,5S,2026-09-10,2026-09-17,1,1,1,200,ok
2026-09-17 11:28:09,/history,BSE:SENSEX2691778000CE,5,2026-06-09,2026-09-17,1,1,1,200,ok
2026-09-17 11:28:09,/history,BSE:SENSEX2691778000CE,60,2026-06-09,2026-09-17,1,1,1,200,ok
2026-09-17 11:28:09,/history,BSE:SENSEX2691778000PE,5,2026-06-09,2026-09-17,1,1,1,200,ok
2026-09-17 11:28:09,/history,BSE:SENSEX2691778000PE,5S,2026-09-10,2026-09-17,1,1,1,200,ok
2026-09-17 11:28:09,/history,BSE:SENSEX2691778000PE,60,2026-06-09,2026-09-17,1,1,1,200,ok
2026-09-17 11:28:09,/history,BSE:SENSEX2691778000CE,5S,2026-09-10,2026-09-17,1,1,1,200,ok
2026-09-17 11:28:10,/history,BSE:SENSEX2691778000CE,D,2026-06-09,2026-09-17,1,1,1,200,ok
2026-09-17 11:28:10,/history,BSE:SENSEX2691778000PE,D,2026-06-09,2026-09-17,1,1,1,200,ok
2026-09-17 11:28:10,/history,BSE:SENSEX2691778100CE,5S,2026-06-09,2026-07-09,1,1,1,200,no_data
2026-09-17 11:28:10,/history,BSE:SENSEX2691778100PE,5S,2026-06-09,2026-07-09,1,1,1,200,no_data
2026-09-17 11:28:10,/history,BSE:SENSEX2691778100CE,5S,2026-07-10,2026-08-09,1,1,1,200,no_data
2026-09-17 11:28:10,/history,BSE:SENSEX2691778100PE,5S,2026-07-10,2026-08-09,1,1,1,200,no_data
2026-09-17 11:28:10,/history,BSE:SENSEX2691778100CE,1,2026-06-09,2026-09-17,1,1,1,200,ok
2026-09-17 11:28:11,/history,BSE:SENSEX2691778100PE,1,2026-06-09,2026-09-17,1,1,1,200,ok
2026-09-17 11:28:11,/history,BSE:SENSEX2691778100PE,5S,2026-08-10,2026-09-09,1,1,1,200,ok
2026-09-17 11:28:11,/history,BSE:SENSEX2691778100PE,5S,2026-09-10,2026-09-17,1,1,1,200,no_data
2026-09-17 11:28:12,/history,BSE:SENSEX2691778100CE,5S,2026-08-10,2026-09-09,1,1,1,200,ok
2026-09-17 11:28:12,/history,BSE:SENSEX2691778100CE,5,2026-06-09,2026-09-17,1,1,1,200,ok
2026-09-17 11:28:12,/history,BSE:SENSEX2691778100PE,5,2026-06-09,2026-09-17,1,1,1,200,ok
2026-09-17 11:28:12,/history,BSE:SENSEX2691778100CE,60,2026-06-09,2026-09-17,1,1,1,200,ok
2026-09-17 11:28:12,/history,BSE:SENSEX2691778100PE,60,2026-06-09,2026-09-17,1,1,1,200,ok
2026-09-17 11:28:12,/history,BSE:SENSEX2691778100PE,D,2026-06-09,2026-09-17,1,1,1,200,ok
2026-09-17 11:28:12,/history,BSE:SENSEX2691778100CE,D,2026-06-09,2026-09-17,1,1,1,200,ok
2026-09-17 11:28:12,/history,BSE:SENSEX2691778200CE,5S,2026-06-09,2026-07-09,1,1,1,200,no_data
2026-09-17 11:28:12,/history,BSE:SENSEX2691778100CE,5S,2026-09-10,2026-09-17,1,1,1,200,ok
2026-09-17 11:28:12,/history,BSE:SENSEX2691778200PE,5S,2026-06-09,2026-07-09,1,1,1,200,no_data
2026-09-17 11:28:13,/history,BSE:SENSEX2691778200CE,1,2026-06-09,2026-09-17,1,1,1,200,ok
2026-09-17 11:28:13,/history,BSE:SENSEX2691778200CE,5S,2026-07-10,2026-08-09,1,1,1,200,no_data
2026-09-17 11:28:13,/history,BSE:SENSEX2691778200PE,5S,2026-07-10,2026-08-09,1,1,1,200,no_data
2026-09-17 11:28:13,/history,BSE:SENSEX2691778200PE,1,2026-06-09,2026-09-17,1,1,1,200,ok
2026-09-17 11:28:13,/history,BSE:SENSEX2691778200CE,5,2026-06-09,2026-09-17,1,1,1,200,ok
2026-09-17 11:28:13,/history,BSE:SENSEX2691778200PE,5,2026-06-09,2026-09-17,1,1,1,200,ok
2026-09-17 11:28:13,/history,BSE:SENSEX2691778200PE,5S,2026-08-10,2026-09-09,1,1,1,200,no_data
2026-09-17 11:28:14,/history,BSE:SENSEX2691778200PE,60,2026-06-09,2026-09-17,1,1,1,200,ok
2026-09-17 11:28:14,/history,BSE:SENSEX2691778200CE,60,2026-06-09,2026-09-17,1,1,1,200,ok
2026-09-17 11:28:14,/history,BSE:SENSEX2691778200PE,5S,2026-09-10,2026-09-17,1,1,1,200,ok
2026-09-17 11:28:14,/history,BSE:SENSEX2691778200CE,D,2026-06-09,2026-09-17,1,1,1,200,ok
2026-09-17 11:28:14,/history,BSE:SENSEX2691778200PE,D,2026-06-09,2026-09-17,1,1,1,200,ok
2026-09-17 11:28:14,/history,BSE:SENSEX2691778300CE,5S,2026-06-09,2026-07-09,1,1,1,200,no_data
2026-09-17 11:28:14,/history,BSE:SENSEX2691778200CE,5S,2026-08-10,2026-09-09,1,1,1,200,ok
2026-09-17 11:28:14,/history,BSE:SENSEX2691778300PE,5S,2026-06-09,2026-07-09,1,1,1,200,no_data
2026-09-17 11:28:14,/history,BSE:SENSEX2691778300PE,1,2026-06-09,2026-09-17,1,1,1,200,ok
2026-09-17 11:28:15,/history,BSE:SENSEX2691778300CE,5S,2026-07-10,2026-08-09,1,1,1,200,no_data
2026-09-17 11:28:15,/history,BSE:SENSEX2691778300CE,1,2026-06-09,2026-09-17,1,1,1,200,ok
2026-09-17 11:28:15,/history,BSE:SENSEX2691778300PE,5,2026-06-09,2026-09-17,1,1,1,200,ok
2026-09-17 11:28:15,/history,BSE:SENSEX2691778300PE,5S,2026-07-10,2026-08-09,1,1,1,200,no_data
2026-09-17 11:28:16,/history,BSE:SENSEX2691778300CE,60,2026-06-09,2026-09-17,1,1,1,200,ok
2026-09-17 11:28:16,/history,BSE:SENSEX2691778300CE,5,2026-06-09,2026-09-17,1,1,1,200,ok
2026-09-17 11:28:16,/history,BSE:SENSEX2691778300PE,5S,2026-08-10,2026-09-09,1,1,1,200,ok
2026-09-17 11:28:16,/history,BSE:SENSEX2691778200CE,5S,2026-09-10,2026-09-17,1,1,1,200,ok
2026-09-17 11:28:16,/history,BSE:SENSEX2691778300PE,60,2026-06-09,2026-09-17,1,1,1,200,ok
2026-09-17 11:28:16,/history,BSE:SENSEX2691778300PE,5S,2026-09-10,2026-09-17,1,1,1,200,no_data
2026-09-17 11:28:16,/history,BSE:SENSEX2691778300CE,D,2026-06-09,2026-09-17,1,1,1,200,ok
2026-09-17 11:28:16,/history,BSE:SENSEX2691778300PE,D,2026-06-09,2026-09-17,1,1,1,200,ok
2026-09-17 11:28:17,/history,BSE:SENSEX2691778400CE,5S,2026-06-09,2026-07-09,1,1,1,200,no_data
2026-09-17 11:28:17,/history,BSE:SENSEX2691778400PE,5S,2026-06-09,2026-07-09,1,1,1,200,no_data
2026-09-17 11:28:17,/history,BSE:SENSEX2691778300CE,5S,2026-08-10,2026-09-09,1,1,1,200,ok
2026-09-17 11:28:17,/history,BSE:SENSEX2691778400CE,5S,2026-07-10,2026-08-09,1,1,1,200,no_data
2026-09-17 11:28:17,/history,BSE:SENSEX2691778400CE,1,2026-06-09,2026-09-17,1,1,1,200,ok
2026-09-17 11:28:18,/history,BSE:SENSEX2691778400PE,1,2026-06-09,2026-09-17,1,1,1,200,ok
2026-09-17 11:28:18,/history,BSE:SENSEX2691778400PE,5,2026-06-09,2026-09-17,1,1,1,200,ok
2026-09-17 11:28:18,/history,BSE:SENSEX2691778400CE,5,2026-06-09,2026-09-17,1,1,1,200,ok
2026-09-17 11:28:18,/history,BSE:SENSEX2691778400PE,5S,2026-07-10,2026-08-09,1,1,1,200,no_data
2026-09-17 11:28:18,/history,BSE:SENSEX2691778400CE,60,2026-06-09,2026-09-17,1,1,1,200,ok
2026-09-17 11:28:18,/history,BSE:SENSEX2691778400CE,5S,2026-08-10,2026-09-09,1,1,1,200,ok
2026-09-17 11:28:19,/history,BSE:SENSEX2691778400PE,60,2026-06-09,2026-09-17,1,1,1,200,ok
2026-09-17 11:28:19,/history,BSE:SENSEX2691778300CE,5S,2026-09-10,2026-09-17,1,1,1,200,ok
2026-09-17 11:28:20,/history,BSE:SENSEX2691778500CE,5S,2026-06-09,2026-07-09,1,1,1,200,no_data
2026-09-17 11:28:20,/history,BSE:SENSEX2691778400CE,5S,2026-09-10,2026-09-17,1,1,1,200,ok
2026-09-17 11:28:21,/history,BSE:SENSEX2691778400PE,5S,2026-08-10,2026-09-09,1,1,1,200,ok
2026-09-17 11:28:21,/history,BSE:SENSEX2691778400CE,D,2026-06-09,2026-09-17,1,1,1,200,ok
2026-09-17 11:28:21,/history,BSE:SENSEX2691778400PE,5S,2026-09-10,2026-09-17,1,1,1,200,no_data
2026-09-17 11:28:21,/history,BSE:SENSEX2691778500CE,5S,2026-07-10,2026-08-09,1,1,1,200,no_data
2026-09-17 11:28:21,/history,BSE:SENSEX2691778500PE,5S,2026-06-09,2026-07-09,1,1,1,200,no_data
2026-09-17 11:28:21,/history,BSE:SENSEX2691778400PE,D,2026-06-09,2026-09-17,1,1,1,200,ok
2026-09-17 11:28:21,/history,BSE:SENSEX2691778500CE,1,2026-06-09,2026-09-17,1,1,1,200,ok
2026-09-17 11:28:21,/history,BSE:SENSEX2691778500PE,1,2026-06-09,2026-09-17,1,1,1,200,ok
2026-09-17 11:28:22,/history,BSE:SENSEX2691778500CE,5S,2026-08-10,2026-09-09,1,1,1,200,ok
2026-09-17 11:28:22,/history,BSE:SENSEX2691778500PE,5,2026-06-09,2026-09-17,1,1,1,200,ok
2026-09-17 11:28:22,/history,BSE:SENSEX2691778500PE,60,2026-06-09,2026-09-17,1,1,1,200,ok
2026-09-17 11:28:22,/history,BSE:SENSEX2691778500CE,60,2026-06-09,2026-09-17,1,1,1,200,ok
2026-09-17 11:28:22,/history,BSE:SENSEX2691778500CE,D,2026-06-09,2026-09-17,1,1,1,200,ok
2026-09-17 11:28:22,/history,BSE:SENSEX2691778500CE,5S,2026-09-10,2026-09-17,1,1,1,200,ok
2026-09-17 11:28:23,/history,BSE:SENSEX2691778500PE,5S,2026-07-10,2026-08-09,1,1,1,200,no_data
2026-09-17 11:28:23,/history,BSE:SENSEX2691778500CE,5,2026-06-09,2026-09-17,1,1,1,200,ok
2026-09-17 11:28:23,/history,BSE:SENSEX2691778600PE,5S,2026-06-09,2026-07-09,1,1,1,200,no_data
2026-09-17 11:28:23,/history,BSE:SENSEX2691778600PE,5S,2026-07-10,2026-08-09,1,1,1,200,no_data
2026-09-17 11:28:23,/history,BSE:SENSEX2691778500PE,D,2026-06-09,2026-09-17,1,1,1,200,ok
2026-09-17 11:28:23,/history,BSE:SENSEX2691778600PE,5S,2026-08-10,2026-09-09,1,1,1,200,no_data
2026-09-17 11:28:23,/history,BSE:SENSEX2691778600PE,1,2026-06-09,2026-09-17,1,1,1,200,no_data
2026-09-17 11:28:24,/history,BSE:SENSEX2691778600CE,5S,2026-06-09,2026-07-09,1,1,1,200,no_data
2026-09-17 11:28:24,/history,BSE:SENSEX2691778600PE,5S,2026-09-10,2026-09-17,1,1,1,200,no_data
2026-09-17 11:28:24,/history,BSE:SENSEX2691778600CE,5,2026-06-09,2026-09-17,1,1,1,200,ok
2026-09-17 11:28:24,/history,BSE:SENSEX2691778600CE,5S,2026-07-10,2026-08-09,1,1,1,200,no_data
2026-09-17 11:28:24,/history,BSE:SENSEX2691778600PE,5,2026-06-09,2026-09-17,1,1,1,200,no_data
2026-09-17 11:28:24,/history,BSE:SENSEX2691778500PE,5S,2026-08-10,2026-09-09,1,1,1,200,ok
2026-09-17 11:28:25,/history,BSE:SENSEX2691778500PE,5S,2026-09-10,2026-09-17,1,1,1,200,ok
2026-09-17 11:28:25,/history,BSE:SENSEX2691778600PE,60,2026-06-09,2026-09-17,1,1,1,200,no_data
2026-09-17 11:28:25,/history,BSE:SENSEX2691778600CE,60,2026-06-09,2026-09-17,1,1,1,200,ok
2026-09-17 11:28:25,/history,BSE:SENSEX2691778600CE,1,2026-06-09,2026-09-17,1,1,1,200,ok
2026-09-17 11:28:25,/history,BSE:SENSEX2691778600CE,D,2026-06-09,2026-09-17,1,1,1,200,ok
2026-09-17 11:28:26,/history,BSE:SENSEX2691778600CE,5S,2026-08-10,2026-09-09,1,1,1,200,ok
2026-09-17 11:28:26,/history,BSE:SENSEX2691778700PE,5S,2026-06-09,2026-07-09,1,1,1,200,no_data
2026-09-17 11:28:26,/history,BSE:SENSEX2691778700PE,5S,2026-07-10,2026-08-09,1,1,1,200,no_data
2026-09-17 11:28:26,/history,BSE:SENSEX2691778600CE,5S,2026-09-10,2026-09-17,1,1,1,200,ok
2026-09-17 11:28:26,/history,BSE:SENSEX2691778700PE,5S,2026-08-10,2026-09-09,1,1,1,200,no_data
2026-09-17 11:28:27,/history,BSE:SENSEX2691778700CE,1,2026-06-09,2026-09-17,1,1,1,200,ok
2026-09-17 11:28:27,/history,BSE:SENSEX2691778700CE,5,2026-06-09,2026-09-17,1,1,1,200,ok
2026-09-17 11:28:28,/history,BSE:SENSEX2691778600PE,D,2026-06-09,2026-09-17,1,1,1,200,no_data
2026-09-17 11:28:28,/history,BSE:SENSEX2691778700PE,5,2026-06-09,2026-09-17,1,1,1,200,no_data
2026-09-17 11:28:28,/history,BSE:SENSEX2691778700CE,5S,2026-06-09,2026-07-09,1,1,1,200,no_data
2026-09-17 11:28:28,/history,BSE:SENSEX2691778700PE,5S,2026-09-10,2026-09-17,1,1,1,200,no_data
2026-09-17 11:28:28,/history,BSE:SENSEX2691778700CE,60,2026-06-09,2026-09-17,1,1,1,200,ok
2026-09-17 11:28:28,/history,BSE:SENSEX2691778700CE,5S,2026-07-10,2026-08-09,1,1,1,200,no_data
2026-09-17 11:28:28,/history,BSE:SENSEX2691778700PE,60,2026-06-09,2026-09-17,1,1,1,200,no_data
2026-09-17 11:28:28,/history,BSE:SENSEX2691778700PE,1,2026-06-09,2026-09-17,1,1,1,200,no_data
2026-09-17 11:28:28,/history,BSE:SENSEX2691778800CE,5S,2026-06-09,2026-07-09,1,1,1,200,no_data
2026-09-17 11:28:29,/history,BSE:SENSEX2691778700PE,D,2026-06-09,2026-09-17,1,1,1,200,no_data
2026-09-17 11:28:29,/history,BSE:SENSEX2691778800CE,5S,2026-07-10,2026-08-09,1,1,1,200,no_data
2026-09-17 11:28:29,/history,BSE:SENSEX2691778700CE,D,2026-06-09,2026-09-17,1,1,1,200,ok
2026-09-17 11:28:29,/history,BSE:SENSEX2691778800PE,5S,2026-06-09,2026-07-09,1,1,1,200,no_data
2026-09-17 11:28:29,/history,BSE:SENSEX2691778800CE,1,2026-06-09,2026-09-17,1,1,1,200,ok
2026-09-17 11:28:29,/history,BSE:SENSEX2691778800PE,5S,2026-07-10,2026-08-09,1,1,1,200,no_data
2026-09-17 11:28:29,/history,BSE:SENSEX2691778800PE,1,2026-06-09,2026-09-17,1,1,1,200,ok
2026-09-17 11:28:29,/history,BSE:SENSEX2691778800CE,5S,2026-08-10,2026-09-09,1,1,1,200,ok
2026-09-17 11:28:30,/history,BSE:SENSEX2691778700CE,5S,2026-08-10,2026-09-09,1,1,1,200,ok
2026-09-17 11:28:30,/history,BSE:SENSEX2691778800CE,5,2026-06-09,2026-09-17,1,1,1,200,ok
2026-09-17 11:28:30,/history,BSE:SENSEX2691778800PE,5,2026-06-09,2026-09-17,1,1,1,200,ok
2026-09-17 11:28:30,/history,BSE:SENSEX2691778800PE,5S,2026-08-10,2026-09-09,1,1,1,200,ok
2026-09-17 11:28:30,/history,BSE:SENSEX2691778800CE,60,2026-06-09,2026-09-17,1,1,1,200,ok
2026-09-17 11:28:30,/history,BSE:SENSEX2691778800PE,60,2026-06-09,2026-09-17,1,1,1,200,ok
2026-09-17 11:28:31,/history,BSE:SENSEX2691778800PE,5S,2026-09-10,2026-09-17,1,1,1,200,ok
2026-09-17 11:28:31,/history,BSE:SENSEX2691778800CE,D,2026-06-09,2026-09-17,1,1,1,200,ok
2026-09-17 11:28:32,/history,BSE:SENSEX2691778700CE,5S,2026-09-10,2026-09-17,1,1,1,200,ok
2026-09-17 11:28:32,/history,BSE:SENSEX2691778800CE,5S,2026-09-10,2026-09-17,1,1,1,200,ok
2026-09-17 11:28:32,/history,BSE:SENSEX2691778900PE,5S,2026-06-09,2026-07-09,1,1,1,200,no_data
2026-09-17 11:28:32,/history,BSE:SENSEX2691778900PE,5S,2026-07-10,2026-08-09,1,1,1,200,no_data
2026-09-17 11:28:33,/history,BSE:SENSEX2691778900PE,5S,2026-08-10,2026-09-09,1,1,1,200,no_data
2026-09-17 11:28:33,/history,BSE:SENSEX2691778900PE,1,2026-06-09,2026-09-17,1,1,1,200,no_data
2026-09-17 11:28:33,/history,BSE:SENSEX2691778800PE,D,2026-06-09,2026-09-17,1,1,1,200,ok
2026-09-17 11:28:34,/history,BSE:SENSEX2691778900CE,1,2026-06-09,2026-09-17,1,1,1,200,ok
2026-09-17 11:28:34,/history,BSE:SENSEX2691778900CE,5S,2026-06-09,2026-07-09,1,1,1,200,no_data
2026-09-17 11:28:34,/history,BSE:SENSEX2691778900PE,5,2026-06-09,2026-09-17,1,1,1,200,no_data
2026-09-17 11:28:34,/history,BSE:SENSEX2691778900PE,5S,2026-09-10,2026-09-17,1,1,1,200,no_data
2026-09-17 11:28:36,/history,BSE:SENSEX2691778900CE,D,2026-06-09,2026-09-17,1,1,1,200,ok
2026-09-17 11:28:36,/history,BSE:SENSEX2691778900PE,D,2026-06-09,2026-09-17,1,1,1,200,no_data
2026-09-17 11:28:37,/history,BSE:SENSEX2691779000CE,5S,2026-06-09,2026-07-09,1,1,1,200,no_data
2026-09-17 11:28:39,/history,BSE:SENSEX2691779000CE,5S,2026-07-10,2026-08-09,1,1,1,200,no_data
2026-09-17 11:28:43,/history,BSE:SENSEX2691778900CE,60,2026-06-09,2026-09-17,1,1,1,200,ok
2026-09-17 11:28:45,/history,BSE:SENSEX2691778900CE,5,2026-06-09,2026-09-17,1,1,1,200,ok
2026-09-17 11:28:45,/history,BSE:SENSEX2691778900CE,5S,2026-07-10,2026-08-09,1,1,1,200,no_data
2026-09-17 11:28:45,/history,BSE:SENSEX2691778900PE,60,2026-06-09,2026-09-17,1,1,1,200,no_data
2026-09-17 11:28:46,/history,BSE:SENSEX2691779000CE,5S,2026-08-10,2026-09-09,1,1,1,200,ok
2026-09-17 11:28:47,/history,BSE:SENSEX2691779000PE,5S,2026-06-09,2026-07-09,1,1,1,200,no_data
2026-09-17 11:28:49,/history,BSE:SENSEX2691779000CE,1,2026-06-09,2026-09-17,1,1,1,200,ok
2026-09-17 11:28:51,/history,BSE:SENSEX2691779000PE,5S,2026-07-10,2026-08-09,1,1,1,200,no_data
2026-09-17 11:28:57,/history,BSE:SENSEX2691779000PE,5S,2026-08-10,2026-09-09,1,1,1,200,ok
2026-09-17 11:28:59,/history,BSE:SENSEX2691778900CE,5S,2026-08-10,2026-09-09,1,1,1,200,no_data
2026-09-17 11:28:59,/history,BSE:SENSEX2691779000PE,5S,2026-09-10,2026-09-17,1,1,1,200,ok
2026-09-17 11:28:59,/history,BSE:SENSEX2691779000PE,1,2026-06-09,2026-09-17,1,1,1,200,ok
2026-09-17 11:29:00,/history,BSE:SENSEX2691779000CE,5,2026-06-09,2026-09-17,1,1,1,200,ok
2026-09-17 11:29:00,/history,BSE:SENSEX2691779000CE,60,2026-06-09,2026-09-17,1,1,1,200,ok
2026-09-17 11:29:00,/history,BSE:SENSEX2691779000CE,5S,2026-09-10,2026-09-17,1,1,1,200,ok
2026-09-17 11:29:00,/history,BSE:SENSEX2691778900CE,5S,2026-09-10,2026-09-17,1,1,1,200,ok
2026-09-17 11:29:01,/history,BSE:SENSEX2691779000PE,5,2026-06-09,2026-09-17,1,1,1,200,ok
2026-09-17 11:29:01,/history,BSE:SENSEX2691779000PE,D,2026-06-09,2026-09-17,1,1,1,200,ok
2026-09-17 11:29:01,/history,BSE:SENSEX2691779100CE,5S,2026-06-09,2026-07-09,1,1,1,200,no_data
2026-09-17 11:29:01,/history,BSE:SENSEX2691779100PE,5S,2026-06-09,2026-07-09,1,1,1,200,no_data
2026-09-17 11:29:01,/history,BSE:SENSEX2691779100CE,1,2026-06-09,2026-09-17,1,1,1,200,ok
2026-09-17 11:29:01,/history,BSE:SENSEX2691779000CE,D,2026-06-09,2026-09-17,1,1,1,200,ok
2026-09-17 11:29:01,/history,BSE:SENSEX2691779100PE,1,2026-06-09,2026-09-17,1,1,1,200,no_data
2026-09-17 11:29:02,/history,BSE:SENSEX2691779100CE,5,2026-06-09,2026-09-17,1,1,1,200,ok
2026-09-17 11:29:03,/history,BSE:SENSEX2691779100PE,5,2026-06-09,2026-09-17,1,1,1,200,no_data
2026-09-17 11:29:03,/history,BSE:SENSEX2691779100CE,60,2026-06-09,2026-09-17,1,1,1,200,ok
2026-09-17 11:29:03,/history,BSE:SENSEX2691779100PE,60,2026-06-09,2026-09-17,1,1,1,200,no_data
2026-09-17 11:29:03,/history,BSE:SENSEX2691779100CE,D,2026-06-09,2026-09-17,1,1,1,200,ok
2026-09-17 11:29:03,/history,BSE:SENSEX2691779000PE,60,2026-06-09,2026-09-17,1,1,1,200,ok
2026-09-17 11:29:03,/history,BSE:SENSEX2691779100PE,D,2026-06-09,2026-09-17,1,1,1,200,no_data
2026-09-17 11:29:03,/history,BSE:SENSEX2691779200CE,5S,2026-06-09,2026-07-09,1,1,1,200,no_data
2026-09-17 11:29:03,/history,BSE:SENSEX2691779200PE,5S,2026-06-09,2026-07-09,1,1,1,200,no_data
2026-09-17 11:29:04,/history,BSE:SENSEX2691779200CE,5S,2026-07-10,2026-08-09,1,1,1,200,no_data
2026-09-17 11:29:04,/history,BSE:SENSEX2691779200PE,5S,2026-07-10,2026-08-09,1,1,1,200,no_data
2026-09-17 11:29:05,/history,BSE:SENSEX2691779200CE,5S,2026-08-10,2026-09-09,1,1,1,200,no_data
2026-09-17 11:29:05,/history,BSE:SENSEX2691779200PE,5S,2026-08-10,2026-09-09,1,1,1,200,no_data
2026-09-17 11:29:06,/history,BSE:SENSEX2691779200PE,5S,2026-09-10,2026-09-17,1,1,1,200,no_data
2026-09-17 11:29:06,/history,BSE:SENSEX2691779100CE,5S,2026-07-10,2026-08-09,1,1,1,200,no_data
2026-09-17 11:29:06,/history,BSE:SENSEX2691779100PE,5S,2026-07-10,2026-08-09,1,1,1,200,no_data
2026-09-17 11:29:07,/history,BSE:SENSEX2691779200CE,5S,2026-09-10,2026-09-17,1,1,1,200,ok
2026-09-17 11:29:07,/history,BSE:SENSEX2691779100PE,5S,2026-08-10,2026-09-09,1,1,1,200,no_data
2026-09-17 11:29:07,/history,BSE:SENSEX2691779200PE,1,2026-06-09,2026-09-17,1,1,1,200,no_data
2026-09-17 11:29:07,/history,BSE:SENSEX2691779100CE,5S,2026-08-10,2026-09-09,1,1,1,200,no_data
2026-09-17 11:29:07,/history,BSE:SENSEX2691779200CE,1,2026-06-09,2026-09-17,1,1,1,200,ok
2026-09-17 11:29:07,/history,BSE:SENSEX2691779100PE,5S,2026-09-10,2026-09-17,1,1,1,200,no_data
2026-09-17 11:29:07,/history,BSE:SENSEX2691779200CE,5,2026-06-09,2026-09-17,1,1,1,200,ok
2026-09-17 11:29:08,/history,BSE:SENSEX2691779100CE,5S,2026-09-10,2026-09-17,1,1,1,200,ok
2026-09-17 11:29:09,/history,BSE:SENSEX2691779200PE,D,2026-06-09,2026-09-17,1,1,1,200,no_data
2026-09-17 11:29:09,/history,BSE:SENSEX2691779200PE,5,2026-06-09,2026-09-17,1,1,1,200,no_data
2026-09-17 11:29:09,/history,BSE:SENSEX2691779200CE,60,2026-06-09,2026-09-17,1,1,1,200,ok
2026-09-17 11:29:09,/history,BSE:SENSEX2691779200PE,60,2026-06-09,2026-09-17,1,1,1,200,no_data
2026-09-17 11:29:09,/history,BSE:SENSEX2691779200CE,D,2026-06-09,2026-09-17,1,1,1,200,ok
2026-09-17 11:29:10,/history,BSE:SENSEX2691779300CE,5S,2026-06-09,2026-07-09,1,1,1,200,no_data
2026-09-17 11:29:10,/history,BSE:SENSEX2691779300PE,5S,2026-06-09,2026-07-09,1,1,1,200,no_data
2026-09-17 11:29:10,/history,BSE:SENSEX2691779300CE,5S,2026-07-10,2026-08-09,1,1,1,200,no_data
2026-09-17 11:29:11,/history,BSE:SENSEX2691779300CE,5S,2026-08-10,2026-09-09,1,1,1,200,ok
2026-09-17 11:29:11,/history,BSE:SENSEX2691779300PE,1,2026-06-09,2026-09-17,1,1,1,200,no_data
2026-09-17 11:29:11,/history,BSE:SENSEX2691779300CE,1,2026-06-09,2026-09-17,1,1,1,200,ok
2026-09-17 11:29:11,/history,BSE:SENSEX2691779300CE,5,2026-06-09,2026-09-17,1,1,1,200,ok
2026-09-17 11:29:11,/history,BSE:SENSEX2691779300PE,5S,2026-07-10,2026-08-09,1,1,1,200,no_data
2026-09-17 11:29:11,/history,BSE:SENSEX2691779300PE,5,2026-06-09,2026-09-17,1,1,1,200,no_data
2026-09-17 11:29:11,/history,BSE:SENSEX2691779300CE,60,2026-06-09,2026-09-17,1,1,1,200,ok
2026-09-17 11:29:11,/history,BSE:SENSEX2691779300CE,5S,2026-09-10,2026-09-17,1,1,1,200,ok
2026-09-17 11:29:12,/history,BSE:SENSEX2691779300PE,5S,2026-08-10,2026-09-09,1,1,1,200,no_data
2026-09-17 11:29:12,/history,BSE:SENSEX2691779300PE,60,2026-06-09,2026-09-17,1,1,1,200,no_data
2026-09-17 11:29:12,/history,BSE:SENSEX2691779300PE,5S,2026-09-10,2026-09-17,1,1,1,200,no_data
2026-09-17 11:29:12,/history,BSE:SENSEX2691779300CE,D,2026-06-09,2026-09-17,1,1,1,200,ok
2026-09-17 11:29:12,/history,BSE:SENSEX2691779300PE,D,2026-06-09,2026-09-17,1,1,1,200,no_data
