timestamp,endpoint,symbol,resolution,range_from,range_to,date_format,cont_flag,oi_flag,status_code,message
2026-09-24 12:37:22,/history,BSE:BANKEX-INDEX,5S,2026-06-16,2026-07-16,1,1,1,200,no_data
2026-09-24 12:37:22,/history,BSE:BANKEX-INDEX,5S,2026-07-17,2026-08-16,1,1,1,200,no_data
2026-09-24 12:37:25,/history,BSE:BANKEX-INDEX,5S,2026-08-17,2026-09-16,1,1,1,200,ok
2026-09-24 12:37:26,/history,BSE:BANKEX-INDEX,5S,2026-09-17,2026-09-24,1,1,1,200,ok
2026-09-24 12:37:29,/history,BSE:BANKEX-INDEX,1,2026-06-16,2026-09-24,1,1,1,200,ok
2026-09-24 12:37:30,/history,BSE:BANKEX-INDEX,5,2026-06-16,2026-09-24,1,1,1,200,ok
2026-09-24 12:37:30,/history,BSE:BANKEX-INDEX,60,2026-06-16,2026-09-24,1,1,1,200,ok
2026-09-24 12:37:30,/history,BSE:BANKEX-INDEX,D,2026-06-16,2026-09-24,1,1,1,200,ok
2026-09-24 12:37:31,/history,BSE:BANKEX26SEPFUT,5S,2026-06-16,2026-07-16,1,1,1,200,ok
2026-09-24 12:37:32,/history,BSE:BANKEX26SEPFUT,5S,2026-07-17,2026-08-16,1,1,1,200,ok
2026-09-24 12:37:34,/history,BSE:BANKEX26SEPFUT,5S,2026-08-17,2026-09-16,1,1,1,200,ok
2026-09-24 12:37:34,/history,BSE:BANKEX26SEPFUT,5S,2026-09-17,2026-09-24,1,1,1,200,ok
2026-09-24 12:37:37,/history,BSE:BANKEX26SEPFUT,1,2026-06-16,2026-09-24,1,1,1,200,ok
2026-09-24 12:37:37,/history,BSE:BANKEX26SEPFUT,5,2026-06-16,2026-09-24,1,1,1,200,ok
2026-09-24 12:37:37,/history,BSE:BANKEX26SEPFUT,60,2026-06-16,2026-09-24,1,1,1,200,ok
2026-09-24 12:37:38,/history,BSE:BANKEX26SEPFUT,D,2026-06-16,2026-09-24,1,1,1,200,ok
2026-09-24 12:37:38,/history,BSE:BANKEX26SEP56700CE,5S,2026-06-16,2026-07-16,1,1,1,200,no_data
2026-09-24 12:37:38,/history,BSE:BANKEX26SEP56700CE,5,2026-06-16,2026-09-24,1,1,1,200,no_data
2026-09-24 12:37:38,/history,BSE:BANKEX26SEP56700CE,1,2026-06-16,2026-09-24,1,1,1,200,no_data
2026-09-24 12:37:38,/history,BSE:BANKEX26SEP56700PE,5S,2026-06-16,2026-07-16,1,1,1,200,no_data
2026-09-24 12:37:38,/history,BSE:BANKEX26SEP56700PE,1,2026-06-16,2026-09-24,1,1,1,200,no_data
2026-09-24 12:37:38,/history,BSE:BANKEX26SEP56700CE,5S,2026-07-17,2026-08-16,1,1,1,200,no_data
2026-09-24 12:37:38,/history,BSE:BANKEX26SEP56700PE,5,2026-06-16,2026-09-24,1,1,1,200,no_data
2026-09-24 12:37:38,/history,BSE:BANKEX26SEP56700CE,60,2026-06-16,2026-09-24,1,1,1,200,no_data
2026-09-24 12:37:39,/history,BSE:BANKEX26SEP56700CE,5S,2026-08-17,2026-09-16,1,1,1,200,no_data
2026-09-24 12:37:39,/history,BSE:BANKEX26SEP56700PE,D,2026-06-16,2026-09-24,1,1,1,200,no_data
2026-09-24 12:37:39,/history,BSE:BANKEX26SEP56700CE,D,2026-06-16,2026-09-24,1,1,1,200,no_data
2026-09-24 12:37:39,/history,BSE:BANKEX26SEP56700PE,5S,2026-07-17,2026-08-16,1,1,1,200,no_data
2026-09-24 12:37:39,/history,BSE:BANKEX26SEP56700PE,60,2026-06-16,2026-09-24,1,1,1,200,no_data
2026-09-24 12:37:39,/history,BSE:BANKEX26SEP56700CE,5S,2026-09-17,2026-09-24,1,1,1,200,no_data
2026-09-24 12:37:39,/history,BSE:BANKEX26SEP56800CE,5S,2026-06-16,2026-07-16,1,1,1,200,no_data
2026-09-24 12:37:39,/history,BSE:BANKEX26SEP56800PE,5S,2026-06-16,2026-07-16,1,1,1,200,no_data
2026-09-24 12:37:39,/history,BSE:BANKEX26SEP56700PE,5S,2026-08-17,2026-09-16,1,1,1,200,no_data
2026-09-24 12:37:40,/history,BSE:BANKEX26SEP56800PE,1,2026-06-16,2026-09-24,1,1,1,200,no_data
2026-09-24 12:37:40,/history,BSE:BANKEX26SEP56800PE,5S,2026-07-17,2026-08-16,1,1,1,200,no_data
2026-09-24 12:37:40,/history,BSE:BANKEX26SEP56800CE,5S,2026-07-17,2026-08-16,1,1,1,200,no_data
2026-09-24 12:37:40,/history,BSE:BANKEX26SEP56800CE,1,2026-06-16,2026-09-24,1,1,1,200,no_data
2026-09-24 12:37:40,/history,BSE:BANKEX26SEP56700PE,5S,2026-09-17,2026-09-24,1,1,1,200,no_data
2026-09-24 12:37:40,/history,BSE:BANKEX26SEP56800CE,5,2026-06-16,2026-09-24,1,1,1,200,no_data
2026-09-24 12:37:40,/history,BSE:BANKEX26SEP56800PE,5S,2026-08-17,2026-09-16,1,1,1,200,no_data
2026-09-24 12:37:40,/history,BSE:BANKEX26SEP56800CE,5S,2026-08-17,2026-09-16,1,1,1,200,no_data
2026-09-24 12:37:40,/history,BSE:BANKEX26SEP56800PE,60,2026-06-16,2026-09-24,1,1,1,200,no_data
2026-09-24 12:37:41,/history,BSE:BANKEX26SEP56800PE,5S,2026-09-17,2026-09-24,1,1,1,200,no_data
2026-09-24 12:37:41,/history,BSE:BANKEX26SEP56800CE,5S,2026-09-17,2026-09-24,1,1,1,200,no_data
2026-09-24 12:37:41,/history,BSE:BANKEX26SEP56800CE,D,2026-06-16,2026-09-24,1,1,1,200,no_data
2026-09-24 12:37:41,/history,BSE:BANKEX26SEP56800PE,5,2026-06-16,2026-09-24,1,1,1,200,no_data
2026-09-24 12:37:41,/history,BSE:BANKEX26SEP56800CE,60,2026-06-16,2026-09-24,1,1,1,200,no_data
2026-09-24 12:37:41,/history,BSE:BANKEX26SEP56800PE,D,2026-06-16,2026-09-24,1,1,1,200,no_data
2026-09-24 12:37:41,/history,BSE:BANKEX26SEP56900PE,5S,2026-06-16,2026-07-16,1,1,1,200,no_data
2026-09-24 12:37:41,/history,BSE:BANKEX26SEP56900CE,1,2026-06-16,2026-09-24,1,1,1,200,no_data
2026-09-24 12:37:41,/history,BSE:BANKEX26SEP56900CE,5,2026-06-16,2026-09-24,1,1,1,200,no_data
2026-09-24 12:37:42,/history,BSE:BANKEX26SEP56900CE,5S,2026-06-16,2026-07-16,1,1,1,200,no_data
2026-09-24 12:37:42,/history,BSE:BANKEX26SEP56900PE,5S,2026-07-17,2026-08-16,1,1,1,200,no_data
2026-09-24 12:37:42,/history,BSE:BANKEX26SEP56900PE,5,2026-06-16,2026-09-24,1,1,1,200,no_data
2026-09-24 12:37:42,/history,BSE:BANKEX26SEP56900PE,1,2026-06-16,2026-09-24,1,1,1,200,no_data
2026-09-24 12:37:42,/history,BSE:BANKEX26SEP56900CE,60,2026-06-16,2026-09-24,1,1,1,200,no_data
2026-09-24 12:37:42,/history,BSE:BANKEX26SEP56900CE,5S,2026-07-17,2026-08-16,1,1,1,200,no_data
2026-09-24 12:37:42,/history,BSE:BANKEX26SEP56900PE,60,2026-06-16,2026-09-24,1,1,1,200,no_data
2026-09-24 12:37:42,/history,BSE:BANKEX26SEP56900CE,D,2026-06-16,2026-09-24,1,1,1,200,no_data
2026-09-24 12:37:42,/history,BSE:BANKEX26SEP56900CE,5S,2026-08-17,2026-09-16,1,1,1,200,no_data
2026-09-24 12:37:43,/history,BSE:BANKEX26SEP56900PE,5S,2026-08-17,2026-09-16,1,1,1,200,no_data
2026-09-24 12:37:43,/history,BSE:BANKEX26SEP57000PE,5S,2026-06-16,2026-07-16,1,1,1,200,no_data
2026-09-24 12:37:43,/history,BSE:BANKEX26SEP57000CE,5S,2026-06-16,2026-07-16,1,1,1,200,no_data
2026-09-24 12:37:43,/history,BSE:BANKEX26SEP56900CE,5S,2026-09-17,2026-09-24,1,1,1,200,no_data
2026-09-24 12:37:43,/history,BSE:BANKEX26SEP56900PE,5S,2026-09-17,2026-09-24,1,1,1,200,no_data
2026-09-24 12:37:43,/history,BSE:BANKEX26SEP56900PE,D,2026-06-16,2026-09-24,1,1,1,200,no_data
2026-09-24 12:37:43,/history,BSE:BANKEX26SEP57000CE,5S,2026-07-17,2026-08-16,1,1,1,200,no_data
2026-09-24 12:37:43,/history,BSE:BANKEX26SEP57000CE,1,2026-06-16,2026-09-24,1,1,1,200,no_data
2026-09-24 12:37:43,/history,BSE:BANKEX26SEP57000PE,5S,2026-07-17,2026-08-16,1,1,1,200,no_data
2026-09-24 12:37:44,/history,BSE:BANKEX26SEP57000CE,5,2026-06-16,2026-09-24,1,1,1,200,no_data
2026-09-24 12:37:44,/history,BSE:BANKEX26SEP57000CE,5S,2026-08-17,2026-09-16,1,1,1,200,no_data
2026-09-24 12:37:44,/history,BSE:BANKEX26SEP57000PE,1,2026-06-16,2026-09-24,1,1,1,200,no_data
2026-09-24 12:37:44,/history,BSE:BANKEX26SEP57000PE,5,2026-06-16,2026-09-24,1,1,1,200,no_data
2026-09-24 12:37:44,/history,BSE:BANKEX26SEP57000CE,60,2026-06-16,2026-09-24,1,1,1,200,no_data
2026-09-24 12:37:44,/history,BSE:BANKEX26SEP57000PE,5S,2026-08-17,2026-09-16,1,1,1,200,no_data
2026-09-24 12:37:44,/history,BSE:BANKEX26SEP57000CE,D,2026-06-16,2026-09-24,1,1,1,200,no_data
2026-09-24 12:37:44,/history,BSE:BANKEX26SEP57000PE,5S,2026-09-17,2026-09-24,1,1,1,200,no_data
2026-09-24 12:37:45,/history,BSE:BANKEX26SEP57000PE,60,2026-06-16,2026-09-24,1,1,1,200,no_data
2026-09-24 12:37:45,/history,BSE:BANKEX26SEP57000CE,5S,2026-09-17,2026-09-24,1,1,1,200,no_data
2026-09-24 12:37:45,/history,BSE:BANKEX26SEP57100CE,5S,2026-06-16,2026-07-16,1,1,1,200,no_data
2026-09-24 12:37:45,/history,BSE:BANKEX26SEP57100PE,1,2026-06-16,2026-09-24,1,1,1,200,no_data
2026-09-24 12:37:45,/history,BSE:BANKEX26SEP57100PE,5S,2026-06-16,2026-07-16,1,1,1,200,no_data
2026-09-24 12:37:45,/history,BSE:BANKEX26SEP57100CE,1,2026-06-16,2026-09-24,1,1,1,200,no_data
2026-09-24 12:37:45,/history,BSE:BANKEX26SEP57100CE,5,2026-06-16,2026-09-24,1,1,1,200,no_data
2026-09-24 12:37:45,/history,BSE:BANKEX26SEP57100PE,5S,2026-07-17,2026-08-16,1,1,1,200,no_data
2026-09-24 12:37:46,/history,BSE:BANKEX26SEP57100CE,5S,2026-07-17,2026-08-16,1,1,1,200,no_data
2026-09-24 12:37:46,/history,BSE:BANKEX26SEP57000PE,D,2026-06-16,2026-09-24,1,1,1,200,no_data
2026-09-24 12:37:46,/history,BSE:BANKEX26SEP57100PE,5,2026-06-16,2026-09-24,1,1,1,200,no_data
2026-09-24 12:37:46,/history,BSE:BANKEX26SEP57100CE,5S,2026-08-17,2026-09-16,1,1,1,200,no_data
2026-09-24 12:37:46,/history,BSE:BANKEX26SEP57100CE,D,2026-06-16,2026-09-24,1,1,1,200,no_data
2026-09-24 12:37:46,/history,BSE:BANKEX26SEP57100PE,60,2026-06-16,2026-09-24,1,1,1,200,no_data
2026-09-24 12:37:46,/history,BSE:BANKEX26SEP57100PE,5S,2026-08-17,2026-09-16,1,1,1,200,no_data
2026-09-24 12:37:46,/history,BSE:BANKEX26SEP57100CE,60,2026-06-16,2026-09-24,1,1,1,200,no_data
2026-09-24 12:37:46,/history,BSE:BANKEX26SEP57100CE,5S,2026-09-17,2026-09-24,1,1,1,200,no_data
2026-09-24 12:37:46,/history,BSE:BANKEX26SEP57200CE,5S,2026-06-16,2026-07-16,1,1,1,200,no_data
2026-09-24 12:37:47,/history,BSE:BANKEX26SEP57100PE,D,2026-06-16,2026-09-24,1,1,1,200,no_data
2026-09-24 12:37:47,/history,BSE:BANKEX26SEP57200PE,1,2026-06-16,2026-09-24,1,1,1,200,no_data
2026-09-24 12:37:47,/history,BSE:BANKEX26SEP57200CE,1,2026-06-16,2026-09-24,1,1,1,200,no_data
2026-09-24 12:37:47,/history,BSE:BANKEX26SEP57200CE,5,2026-06-16,2026-09-24,1,1,1,200,no_data
2026-09-24 12:37:47,/history,BSE:BANKEX26SEP57100PE,5S,2026-09-17,2026-09-24,1,1,1,200,no_data
2026-09-24 12:37:47,/history,BSE:BANKEX26SEP57200PE,5S,2026-06-16,2026-07-16,1,1,1,200,no_data
2026-09-24 12:37:47,/history,BSE:BANKEX26SEP57200CE,5S,2026-07-17,2026-08-16,1,1,1,200,no_data
2026-09-24 12:37:47,/history,BSE:BANKEX26SEP57200PE,5,2026-06-16,2026-09-24,1,1,1,200,no_data
2026-09-24 12:37:47,/history,BSE:BANKEX26SEP57200PE,5S,2026-07-17,2026-08-16,1,1,1,200,no_data
2026-09-24 12:37:48,/history,BSE:BANKEX26SEP57200CE,60,2026-06-16,2026-09-24,1,1,1,200,no_data
2026-09-24 12:37:48,/history,BSE:BANKEX26SEP57200CE,5S,2026-08-17,2026-09-16,1,1,1,200,no_data
2026-09-24 12:37:48,/history,BSE:BANKEX26SEP57200CE,5S,2026-09-17,2026-09-24,1,1,1,200,no_data
2026-09-24 12:37:48,/history,BSE:BANKEX26SEP57200PE,D,2026-06-16,2026-09-24,1,1,1,200,no_data
2026-09-24 12:37:48,/history,BSE:BANKEX26SEP57200CE,D,2026-06-16,2026-09-24,1,1,1,200,no_data
2026-09-24 12:37:48,/history,BSE:BANKEX26SEP57200PE,5S,2026-08-17,2026-09-16,1,1,1,200,no_data
2026-09-24 12:37:48,/history,BSE:BANKEX26SEP57200PE,60,2026-06-16,2026-09-24,1,1,1,200,no_data
2026-09-24 12:37:49,/history,BSE:BANKEX26SEP57300PE,5S,2026-06-16,2026-07-16,1,1,1,200,no_data
2026-09-24 12:37:49,/history,BSE:BANKEX26SEP57300CE,1,2026-06-16,2026-09-24,1,1,1,200,no_data
2026-09-24 12:37:49,/history,BSE:BANKEX26SEP57300CE,5S,2026-06-16,2026-07-16,1,1,1,200,no_data
2026-09-24 12:37:49,/history,BSE:BANKEX26SEP57300PE,1,2026-06-16,2026-09-24,1,1,1,200,no_data
2026-09-24 12:37:49,/history,BSE:BANKEX26SEP57300PE,5,2026-06-16,2026-09-24,1,1,1,200,no_data
2026-09-24 12:37:49,/history,BSE:BANKEX26SEP57300PE,5S,2026-07-17,2026-08-16,1,1,1,200,no_data
2026-09-24 12:37:49,/history,BSE:BANKEX26SEP57200PE,5S,2026-09-17,2026-09-24,1,1,1,200,no_data
2026-09-24 12:37:49,/history,BSE:BANKEX26SEP57300CE,5S,2026-07-17,2026-08-16,1,1,1,200,no_data
2026-09-24 12:37:49,/history,BSE:BANKEX26SEP57300CE,5,2026-06-16,2026-09-24,1,1,1,200,no_data
2026-09-24 12:37:50,/history,BSE:BANKEX26SEP57300PE,5S,2026-08-17,2026-09-16,1,1,1,200,no_data
2026-09-24 12:37:50,/history,BSE:BANKEX26SEP57300CE,60,2026-06-16,2026-09-24,1,1,1,200,no_data
2026-09-24 12:37:50,/history,BSE:BANKEX26SEP57300PE,60,2026-06-16,2026-09-24,1,1,1,200,no_data
2026-09-24 12:37:50,/history,BSE:BANKEX26SEP57300CE,5S,2026-08-17,2026-09-16,1,1,1,200,no_data
2026-09-24 12:37:50,/history,BSE:BANKEX26SEP57300CE,5S,2026-09-17,2026-09-24,1,1,1,200,no_data
2026-09-24 12:37:50,/history,BSE:BANKEX26SEP57300PE,5S,2026-09-17,2026-09-24,1,1,1,200,no_data
2026-09-24 12:37:50,/history,BSE:BANKEX26SEP57400CE,5S,2026-06-16,2026-07-16,1,1,1,200,no_data
2026-09-24 12:37:50,/history,BSE:BANKEX26SEP57300CE,D,2026-06-16,2026-09-24,1,1,1,200,no_data
2026-09-24 12:37:50,/history,BSE:BANKEX26SEP57300PE,D,2026-06-16,2026-09-24,1,1,1,200,no_data
2026-09-24 12:37:51,/history,BSE:BANKEX26SEP57400CE,1,2026-06-16,2026-09-24,1,1,1,200,no_data
2026-09-24 12:37:51,/history,BSE:BANKEX26SEP57400CE,5S,2026-07-17,2026-08-16,1,1,1,200,no_data
2026-09-24 12:37:51,/history,BSE:BANKEX26SEP57400PE,5S,2026-06-16,2026-07-16,1,1,1,200,no_data
2026-09-24 12:37:51,/history,BSE:BANKEX26SEP57400PE,1,2026-06-16,2026-09-24,1,1,1,200,no_data
2026-09-24 12:37:51,/history,BSE:BANKEX26SEP57400CE,5,2026-06-16,2026-09-24,1,1,1,200,no_data
2026-09-24 12:37:51,/history,BSE:BANKEX26SEP57400CE,60,2026-06-16,2026-09-24,1,1,1,200,no_data
2026-09-24 12:37:51,/history,BSE:BANKEX26SEP57400PE,5,2026-06-16,2026-09-24,1,1,1,200,no_data
2026-09-24 12:37:51,/history,BSE:BANKEX26SEP57400CE,5S,2026-08-17,2026-09-16,1,1,1,200,no_data
2026-09-24 12:37:51,/history,BSE:BANKEX26SEP57400PE,5S,2026-07-17,2026-08-16,1,1,1,200,no_data
2026-09-24 12:37:52,/history,BSE:BANKEX26SEP57400PE,60,2026-06-16,2026-09-24,1,1,1,200,no_data
2026-09-24 12:37:52,/history,BSE:BANKEX26SEP57400PE,D,2026-06-16,2026-09-24,1,1,1,200,no_data
2026-09-24 12:37:52,/history,BSE:BANKEX26SEP57400CE,5S,2026-09-17,2026-09-24,1,1,1,200,no_data
2026-09-24 12:37:52,/history,BSE:BANKEX26SEP57400CE,D,2026-06-16,2026-09-24,1,1,1,200,no_data
2026-09-24 12:37:52,/history,BSE:BANKEX26SEP57500PE,1,2026-06-16,2026-09-24,1,1,1,200,no_data
2026-09-24 12:37:52,/history,BSE:BANKEX26SEP57500CE,5S,2026-06-16,2026-07-16,1,1,1,200,no_data
2026-09-24 12:37:52,/history,BSE:BANKEX26SEP57500CE,1,2026-06-16,2026-09-24,1,1,1,200,no_data
2026-09-24 12:37:52,/history,BSE:BANKEX26SEP57400PE,5S,2026-08-17,2026-09-16,1,1,1,200,no_data
2026-09-24 12:37:53,/history,BSE:BANKEX26SEP57500CE,5,2026-06-16,2026-09-24,1,1,1,200,no_data
2026-09-24 12:37:53,/history,BSE:BANKEX26SEP57500PE,5S,2026-06-16,2026-07-16,1,1,1,200,no_data
2026-09-24 12:37:53,/history,BSE:BANKEX26SEP57500PE,5,2026-06-16,2026-09-24,1,1,1,200,no_data
2026-09-24 12:37:53,/history,BSE:BANKEX26SEP57400PE,5S,2026-09-17,2026-09-24,1,1,1,200,no_data
2026-09-24 12:37:53,/history,BSE:BANKEX26SEP57500PE,60,2026-06-16,2026-09-24,1,1,1,200,no_data
2026-09-24 12:37:53,/history,BSE:BANKEX26SEP57500PE,D,2026-06-16,2026-09-24,1,1,1,200,no_data
2026-09-24 12:37:53,/history,BSE:BANKEX26SEP57500CE,5S,2026-07-17,2026-08-16,1,1,1,200,no_data
2026-09-24 12:37:53,/history,BSE:BANKEX26SEP57500CE,60,2026-06-16,2026-09-24,1,1,1,200,no_data
2026-09-24 12:37:53,/history,BSE:BANKEX26SEP57500CE,D,2026-06-16,2026-09-24,1,1,1,200,no_data
2026-09-24 12:37:53,/history,BSE:BANKEX26SEP57500CE,5S,2026-08-17,2026-09-16,1,1,1,200,no_data
2026-09-24 12:37:54,/history,BSE:BANKEX26SEP57600CE,5S,2026-06-16,2026-07-16,1,1,1,200,no_data
2026-09-24 12:37:54,/history,BSE:BANKEX26SEP57600PE,5S,2026-06-16,2026-07-16,1,1,1,200,no_data
2026-09-24 12:37:54,/history,BSE:BANKEX26SEP57600CE,1,2026-06-16,2026-09-24,1,1,1,200,no_data
2026-09-24 12:37:54,/history,BSE:BANKEX26SEP57600PE,5S,2026-07-17,2026-08-16,1,1,1,200,no_data
2026-09-24 12:37:54,/history,BSE:BANKEX26SEP57600PE,5S,2026-08-17,2026-09-16,1,1,1,200,no_data
2026-09-24 12:37:54,/history,BSE:BANKEX26SEP57600PE,1,2026-06-16,2026-09-24,1,1,1,200,no_data
2026-09-24 12:37:54,/history,BSE:BANKEX26SEP57500PE,5S,2026-07-17,2026-08-16,1,1,1,200,no_data
2026-09-24 12:37:54,/history,BSE:BANKEX26SEP57500CE,5S,2026-09-17,2026-09-24,1,1,1,200,no_data
2026-09-24 12:37:55,/history,BSE:BANKEX26SEP57600CE,5,2026-06-16,2026-09-24,1,1,1,200,no_data
2026-09-24 12:37:55,/history,BSE:BANKEX26SEP57600CE,5S,2026-07-17,2026-08-16,1,1,1,200,no_data
2026-09-24 12:37:55,/history,BSE:BANKEX26SEP57600PE,5S,2026-09-17,2026-09-24,1,1,1,200,no_data
2026-09-24 12:37:55,/history,BSE:BANKEX26SEP57600PE,5,2026-06-16,2026-09-24,1,1,1,200,no_data
2026-09-24 12:37:55,/history,BSE:BANKEX26SEP57500PE,5S,2026-08-17,2026-09-16,1,1,1,200,no_data
2026-09-24 12:37:55,/history,BSE:BANKEX26SEP57500PE,5S,2026-09-17,2026-09-24,1,1,1,200,no_data
2026-09-24 12:37:55,/history,BSE:BANKEX26SEP57600CE,60,2026-06-16,2026-09-24,1,1,1,200,no_data
2026-09-24 12:37:55,/history,BSE:BANKEX26SEP57600CE,D,2026-06-16,2026-09-24,1,1,1,200,no_data
2026-09-24 12:37:56,/history,BSE:BANKEX26SEP57600CE,5S,2026-08-17,2026-09-16,1,1,1,200,no_data
2026-09-24 12:37:56,/history,BSE:BANKEX26SEP57700CE,5S,2026-06-16,2026-07-16,1,1,1,200,no_data
2026-09-24 12:37:56,/history,BSE:BANKEX26SEP57600PE,60,2026-06-16,2026-09-24,1,1,1,200,no_data
2026-09-24 12:37:56,/history,BSE:BANKEX26SEP57600CE,5S,2026-09-17,2026-09-24,1,1,1,200,no_data
2026-09-24 12:37:56,/history,BSE:BANKEX26SEP57600PE,D,2026-06-16,2026-09-24,1,1,1,200,no_data
2026-09-24 12:37:56,/history,BSE:BANKEX26SEP57700CE,5S,2026-07-17,2026-08-16,1,1,1,200,no_data
2026-09-24 12:37:56,/history,BSE:BANKEX26SEP57700PE,1,2026-06-16,2026-09-24,1,1,1,200,ok
2026-09-24 12:37:56,/history,BSE:BANKEX26SEP57700CE,5S,2026-08-17,2026-09-16,1,1,1,200,no_data
2026-09-24 12:37:56,/history,BSE:BANKEX26SEP57700CE,5,2026-06-16,2026-09-24,1,1,1,200,no_data
2026-09-24 12:37:57,/history,BSE:BANKEX26SEP57700PE,5S,2026-06-16,2026-07-16,1,1,1,200,no_data
2026-09-24 12:37:57,/history,BSE:BANKEX26SEP57700PE,5,2026-06-16,2026-09-24,1,1,1,200,ok
2026-09-24 12:37:57,/history,BSE:BANKEX26SEP57700CE,1,2026-06-16,2026-09-24,1,1,1,200,no_data
2026-09-24 12:37:57,/history,BSE:BANKEX26SEP57700CE,60,2026-06-16,2026-09-24,1,1,1,200,no_data
2026-09-24 12:37:57,/history,BSE:BANKEX26SEP57700CE,5S,2026-09-17,2026-09-24,1,1,1,200,no_data
2026-09-24 12:37:57,/history,BSE:BANKEX26SEP57700PE,60,2026-06-16,2026-09-24,1,1,1,200,ok
2026-09-24 12:37:57,/history,BSE:BANKEX26SEP57700CE,D,2026-06-16,2026-09-24,1,1,1,200,no_data
2026-09-24 12:37:57,/history,BSE:BANKEX26SEP57700PE,5S,2026-07-17,2026-08-16,1,1,1,200,no_data
2026-09-24 12:37:57,/history,BSE:BANKEX26SEP57800PE,5S,2026-06-16,2026-07-16,1,1,1,200,no_data
2026-09-24 12:37:58,/history,BSE:BANKEX26SEP57800CE,5S,2026-06-16,2026-07-16,1,1,1,200,no_data
2026-09-24 12:37:58,/history,BSE:BANKEX26SEP57800CE,1,2026-06-16,2026-09-24,1,1,1,200,no_data
2026-09-24 12:37:58,/history,BSE:BANKEX26SEP57700PE,D,2026-06-16,2026-09-24,1,1,1,200,no_data
2026-09-24 12:37:58,/history,BSE:BANKEX26SEP57700PE,5S,2026-08-17,2026-09-16,1,1,1,200,no_data
2026-09-24 12:37:58,/history,BSE:BANKEX26SEP57800PE,5S,2026-07-17,2026-08-16,1,1,1,200,no_data
2026-09-24 12:38:22,/history,BSE:BANKEX26SEP57700PE,5S,2026-09-17,2026-09-24,1,1,1,200,ok
2026-09-24 12:38:22,/history,BSE:BANKEX26SEP57800PE,5,2026-06-16,2026-09-24,1,1,1,200,no_data
2026-09-24 12:38:23,/history,BSE:BANKEX26SEP57800CE,5S,2026-07-17,2026-08-16,1,1,1,200,no_data
2026-09-24 12:38:25,/history,BSE:BANKEX26SEP57800PE,1,2026-06-16,2026-09-24,1,1,1,200,no_data
2026-09-24 12:38:28,/history,BSE:BANKEX26SEP57800PE,60,2026-06-16,2026-09-24,1,1,1,200,no_data
2026-09-24 12:38:30,/history,BSE:BANKEX26SEP57800CE,60,2026-06-16,2026-09-24,1,1,1,200,no_data
2026-09-24 12:38:30,/history,BSE:BANKEX26SEP57800PE,D,2026-06-16,2026-09-24,1,1,1,200,no_data
2026-09-24 12:38:30,/history,BSE:BANKEX26SEP57800CE,5S,2026-08-17,2026-09-16,1,1,1,200,no_data
2026-09-24 12:38:31,/history,BSE:BANKEX26SEP57800CE,5S,2026-09-17,2026-09-24,1,1,1,200,no_data
2026-09-24 12:38:32,/history,BSE:BANKEX26SEP57800CE,D,2026-06-16,2026-09-24,1,1,1,200,no_data
2026-09-24 12:38:33,/history,BSE:BANKEX26SEP57900PE,5S,2026-06-16,2026-07-16,1,1,1,200,no_data
2026-09-24 12:38:34,/history,BSE:BANKEX26SEP57800CE,5,2026-06-16,2026-09-24,1,1,1,200,no_data
2026-09-24 12:38:36,/history,BSE:BANKEX26SEP57900PE,1,2026-06-16,2026-09-24,1,1,1,200,ok
2026-09-24 12:38:37,/history,BSE:BANKEX26SEP57900CE,1,2026-06-16,2026-09-24,1,1,1,200,no_data
2026-09-24 12:38:38,/history,BSE:BANKEX26SEP57900CE,5,2026-06-16,2026-09-24,1,1,1,200,no_data
2026-09-24 12:38:38,/history,BSE:BANKEX26SEP57900CE,60,2026-06-16,2026-09-24,1,1,1,200,no_data
2026-09-24 12:38:38,/history,BSE:BANKEX26SEP57800PE,5S,2026-08-17,2026-09-16,1,1,1,200,no_data
2026-09-24 12:38:38,/history,BSE:BANKEX26SEP57900PE,5S,2026-07-17,2026-08-16,1,1,1,200,no_data
2026-09-24 12:38:38,/history,BSE:BANKEX26SEP57900CE,5S,2026-06-16,2026-07-16,1,1,1,200,no_data
2026-09-24 12:38:38,/history,BSE:BANKEX26SEP57900PE,5,2026-06-16,2026-09-24,1,1,1,200,ok
2026-09-24 12:38:38,/history,BSE:BANKEX26SEP57900PE,60,2026-06-16,2026-09-24,1,1,1,200,ok
2026-09-24 12:38:38,/history,BSE:BANKEX26SEP57800PE,5S,2026-09-17,2026-09-24,1,1,1,200,no_data
2026-09-24 12:38:38,/history,BSE:BANKEX26SEP57900PE,5S,2026-08-17,2026-09-16,1,1,1,200,no_data
2026-09-24 12:38:39,/history,BSE:BANKEX26SEP58000CE,5S,2026-06-16,2026-07-16,1,1,1,200,no_data
2026-09-24 12:38:39,/history,BSE:BANKEX26SEP57900CE,5S,2026-07-17,2026-08-16,1,1,1,200,no_data
2026-09-24 12:38:39,/history,BSE:BANKEX26SEP58000CE,5S,2026-07-17,2026-08-16,1,1,1,200,no_data
2026-09-24 12:38:39,/history,BSE:BANKEX26SEP57900PE,5S,2026-09-17,2026-09-24,1,1,1,200,ok
2026-09-24 12:38:39,/history,BSE:BANKEX26SEP57900CE,5S,2026-08-17,2026-09-16,1,1,1,200,no_data
2026-09-24 12:38:39,/history,BSE:BANKEX26SEP57900PE,D,2026-06-16,2026-09-24,1,1,1,200,no_data
2026-09-24 12:38:39,/history,BSE:BANKEX26SEP57900CE,D,2026-06-16,2026-09-24,1,1,1,200,no_data
2026-09-24 12:38:40,/history,BSE:BANKEX26SEP58000CE,5S,2026-08-17,2026-09-16,1,1,1,200,no_data
2026-09-24 12:38:40,/history,BSE:BANKEX26SEP58000PE,5S,2026-06-16,2026-07-16,1,1,1,200,no_data
2026-09-24 12:38:40,/history,BSE:BANKEX26SEP57900CE,5S,2026-09-17,2026-09-24,1,1,1,200,no_data
2026-09-24 12:38:40,/history,BSE:BANKEX26SEP58000CE,5S,2026-09-17,2026-09-24,1,1,1,200,no_data
2026-09-24 12:38:40,/history,BSE:BANKEX26SEP58000CE,1,2026-06-16,2026-09-24,1,1,1,200,no_data
2026-09-24 12:38:40,/history,BSE:BANKEX26SEP58000CE,5,2026-06-16,2026-09-24,1,1,1,200,no_data
2026-09-24 12:38:40,/history,BSE:BANKEX26SEP58000PE,1,2026-06-16,2026-09-24,1,1,1,200,ok
2026-09-24 12:38:40,/history,BSE:BANKEX26SEP58000PE,5,2026-06-16,2026-09-24,1,1,1,200,ok
2026-09-24 12:38:40,/history,BSE:BANKEX26SEP58000PE,5S,2026-07-17,2026-08-16,1,1,1,200,no_data
2026-09-24 12:38:41,/history,BSE:BANKEX26SEP58000PE,60,2026-06-16,2026-09-24,1,1,1,200,ok
2026-09-24 12:38:41,/history,BSE:BANKEX26SEP58000CE,60,2026-06-16,2026-09-24,1,1,1,200,no_data
2026-09-24 12:38:41,/history,BSE:BANKEX26SEP58000PE,D,2026-06-16,2026-09-24,1,1,1,200,no_data
2026-09-24 12:38:41,/history,BSE:BANKEX26SEP58100PE,5S,2026-06-16,2026-07-16,1,1,1,200,no_data
2026-09-24 12:38:41,/history,BSE:BANKEX26SEP58100CE,1,2026-06-16,2026-09-24,1,1,1,200,no_data
2026-09-24 12:38:41,/history,BSE:BANKEX26SEP58100CE,5S,2026-06-16,2026-07-16,1,1,1,200,no_data
2026-09-24 12:38:41,/history,BSE:BANKEX26SEP58100PE,5S,2026-07-17,2026-08-16,1,1,1,200,no_data
2026-09-24 12:38:41,/history,BSE:BANKEX26SEP58000CE,D,2026-06-16,2026-09-24,1,1,1,200,no_data
2026-09-24 12:38:41,/history,BSE:BANKEX26SEP58000PE,5S,2026-08-17,2026-09-16,1,1,1,200,no_data
2026-09-24 12:38:42,/history,BSE:BANKEX26SEP58100CE,5S,2026-07-17,2026-08-16,1,1,1,200,no_data
2026-09-24 12:38:42,/history,BSE:BANKEX26SEP58100PE,5S,2026-08-17,2026-09-16,1,1,1,200,no_data
2026-09-24 12:38:42,/history,BSE:BANKEX26SEP58100CE,5S,2026-08-17,2026-09-16,1,1,1,200,no_data
2026-09-24 12:38:42,/history,BSE:BANKEX26SEP58100CE,5,2026-06-16,2026-09-24,1,1,1,200,no_data
2026-09-24 12:38:42,/history,BSE:BANKEX26SEP58100PE,5S,2026-09-17,2026-09-24,1,1,1,200,no_data
2026-09-24 12:38:42,/history,BSE:BANKEX26SEP58000PE,5S,2026-09-17,2026-09-24,1,1,1,200,ok
2026-09-24 12:38:42,/history,BSE:BANKEX26SEP58100CE,5S,2026-09-17,2026-09-24,1,1,1,200,no_data
2026-09-24 12:38:42,/history,BSE:BANKEX26SEP58100PE,1,2026-06-16,2026-09-24,1,1,1,200,no_data
2026-09-24 12:38:43,/history,BSE:BANKEX26SEP58100CE,60,2026-06-16,2026-09-24,1,1,1,200,no_data
2026-09-24 12:38:43,/history,BSE:BANKEX26SEP58100PE,60,2026-06-16,2026-09-24,1,1,1,200,no_data
2026-09-24 12:38:43,/history,BSE:BANKEX26SEP58100PE,5,2026-06-16,2026-09-24,1,1,1,200,no_data
2026-09-24 12:38:43,/history,BSE:BANKEX26SEP58200PE,5S,2026-06-16,2026-07-16,1,1,1,200,no_data
2026-09-24 12:38:43,/history,BSE:BANKEX26SEP58100PE,D,2026-06-16,2026-09-24,1,1,1,200,no_data
2026-09-24 12:38:43,/history,BSE:BANKEX26SEP58200CE,1,2026-06-16,2026-09-24,1,1,1,200,no_data
2026-09-24 12:38:43,/history,BSE:BANKEX26SEP58100CE,D,2026-06-16,2026-09-24,1,1,1,200,no_data
2026-09-24 12:38:43,/history,BSE:BANKEX26SEP58200PE,1,2026-06-16,2026-09-24,1,1,1,200,ok
2026-09-24 12:38:43,/history,BSE:BANKEX26SEP58200CE,5S,2026-06-16,2026-07-16,1,1,1,200,no_data
2026-09-24 12:38:44,/history,BSE:BANKEX26SEP58200CE,5,2026-06-16,2026-09-24,1,1,1,200,no_data
2026-09-24 12:38:44,/history,BSE:BANKEX26SEP58200PE,5,2026-06-16,2026-09-24,1,1,1,200,ok
2026-09-24 12:38:44,/history,BSE:BANKEX26SEP58200CE,5S,2026-07-17,2026-08-16,1,1,1,200,no_data
2026-09-24 12:38:44,/history,BSE:BANKEX26SEP58200CE,D,2026-06-16,2026-09-24,1,1,1,200,no_data
2026-09-24 12:38:44,/history,BSE:BANKEX26SEP58200CE,5S,2026-08-17,2026-09-16,1,1,1,200,no_data
2026-09-24 12:38:44,/history,BSE:BANKEX26SEP58200PE,5S,2026-07-17,2026-08-16,1,1,1,200,no_data
2026-09-24 12:38:44,/history,BSE:BANKEX26SEP58200PE,D,2026-06-16,2026-09-24,1,1,1,200,no_data
2026-09-24 12:38:44,/history,BSE:BANKEX26SEP58200CE,5S,2026-09-17,2026-09-24,1,1,1,200,no_data
2026-09-24 12:38:44,/history,BSE:BANKEX26SEP58200PE,60,2026-06-16,2026-09-24,1,1,1,200,ok
2026-09-24 12:38:45,/history,BSE:BANKEX26SEP58200CE,60,2026-06-16,2026-09-24,1,1,1,200,no_data
2026-09-24 12:38:45,/history,BSE:BANKEX26SEP58300CE,5S,2026-06-16,2026-07-16,1,1,1,200,no_data
2026-09-24 12:38:45,/history,BSE:BANKEX26SEP58200PE,5S,2026-08-17,2026-09-16,1,1,1,200,no_data
2026-09-24 12:38:45,/history,BSE:BANKEX26SEP58300PE,1,2026-06-16,2026-09-24,1,1,1,200,no_data
2026-09-24 12:38:45,/history,BSE:BANKEX26SEP58300CE,1,2026-06-16,2026-09-24,1,1,1,200,no_data
2026-09-24 12:38:45,/history,BSE:BANKEX26SEP58300CE,5,2026-06-16,2026-09-24,1,1,1,200,no_data
2026-09-24 12:38:45,/history,BSE:BANKEX26SEP58300CE,5S,2026-07-17,2026-08-16,1,1,1,200,no_data
2026-09-24 12:38:45,/history,BSE:BANKEX26SEP58300PE,5,2026-06-16,2026-09-24,1,1,1,200,no_data
2026-09-24 12:38:46,/history,BSE:BANKEX26SEP58200PE,5S,2026-09-17,2026-09-24,1,1,1,200,ok
2026-09-24 12:38:46,/history,BSE:BANKEX26SEP58300PE,5S,2026-06-16,2026-07-16,1,1,1,200,no_data
2026-09-24 12:38:46,/history,BSE:BANKEX26SEP58300CE,60,2026-06-16,2026-09-24,1,1,1,200,no_data
2026-09-24 12:38:46,/history,BSE:BANKEX26SEP58300CE,5S,2026-08-17,2026-09-16,1,1,1,200,no_data
2026-09-24 12:38:46,/history,BSE:BANKEX26SEP58300PE,D,2026-06-16,2026-09-24,1,1,1,200,no_data
2026-09-24 12:38:46,/history,BSE:BANKEX26SEP58300PE,5S,2026-07-17,2026-08-16,1,1,1,200,no_data
2026-09-24 12:38:46,/history,BSE:BANKEX26SEP58300CE,5S,2026-09-17,2026-09-24,1,1,1,200,no_data
2026-09-24 12:38:46,/history,BSE:BANKEX26SEP58300PE,60,2026-06-16,2026-09-24,1,1,1,200,no_data
2026-09-24 12:38:46,/history,BSE:BANKEX26SEP58300CE,D,2026-06-16,2026-09-24,1,1,1,200,no_data
2026-09-24 12:38:47,/history,BSE:BANKEX26SEP58400CE,5S,2026-06-16,2026-07-16,1,1,1,200,no_data
2026-09-24 12:38:47,/history,BSE:BANKEX26SEP58400PE,5S,2026-06-16,2026-07-16,1,1,1,200,no_data
2026-09-24 12:38:47,/history,BSE:BANKEX26SEP58300PE,5S,2026-08-17,2026-09-16,1,1,1,200,no_data
2026-09-24 12:38:47,/history,BSE:BANKEX26SEP58400CE,1,2026-06-16,2026-09-24,1,1,1,200,no_data
2026-09-24 12:38:47,/history,BSE:BANKEX26SEP58300PE,5S,2026-09-17,2026-09-24,1,1,1,200,no_data
2026-09-24 12:38:47,/history,BSE:BANKEX26SEP58400PE,1,2026-06-16,2026-09-24,1,1,1,200,no_data
2026-09-24 12:38:47,/history,BSE:BANKEX26SEP58400CE,5S,2026-07-17,2026-08-16,1,1,1,200,no_data
2026-09-24 12:38:47,/history,BSE:BANKEX26SEP58400CE,5,2026-06-16,2026-09-24,1,1,1,200,no_data
2026-09-24 12:38:47,/history,BSE:BANKEX26SEP58400PE,5S,2026-07-17,2026-08-16,1,1,1,200,no_data
2026-09-24 12:38:48,/history,BSE:BANKEX26SEP58400CE,5S,2026-08-17,2026-09-16,1,1,1,200,no_data
2026-09-24 12:38:48,/history,BSE:BANKEX26SEP58400CE,60,2026-06-16,2026-09-24,1,1,1,200,no_data
2026-09-24 12:38:48,/history,BSE:BANKEX26SEP58400PE,5,2026-06-16,2026-09-24,1,1,1,200,no_data
2026-09-24 12:38:48,/history,BSE:BANKEX26SEP58400PE,60,2026-06-16,2026-09-24,1,1,1,200,no_data
2026-09-24 12:38:48,/history,BSE:BANKEX26SEP58400PE,5S,2026-08-17,2026-09-16,1,1,1,200,no_data
2026-09-24 12:38:48,/history,BSE:BANKEX26SEP58400CE,5S,2026-09-17,2026-09-24,1,1,1,200,no_data
2026-09-24 12:38:48,/history,BSE:BANKEX26SEP58400CE,D,2026-06-16,2026-09-24,1,1,1,200,no_data
2026-09-24 12:38:48,/history,BSE:BANKEX26SEP58400PE,5S,2026-09-17,2026-09-24,1,1,1,200,no_data
2026-09-24 12:38:49,/history,BSE:BANKEX26SEP58500CE,5S,2026-06-16,2026-07-16,1,1,1,200,no_data
2026-09-24 12:38:49,/history,BSE:BANKEX26SEP58500CE,1,2026-06-16,2026-09-24,1,1,1,200,no_data
2026-09-24 12:38:49,/history,BSE:BANKEX26SEP58500PE,5S,2026-06-16,2026-07-16,1,1,1,200,no_data
2026-09-24 12:38:49,/history,BSE:BANKEX26SEP58400PE,D,2026-06-16,2026-09-24,1,1,1,200,no_data
2026-09-24 12:38:49,/history,BSE:BANKEX26SEP58500CE,5S,2026-07-17,2026-08-16,1,1,1,200,no_data
2026-09-24 12:38:49,/history,BSE:BANKEX26SEP58500PE,5S,2026-07-17,2026-08-16,1,1,1,200,no_data
2026-09-24 12:38:49,/history,BSE:BANKEX26SEP58500CE,5S,2026-08-17,2026-09-16,1,1,1,200,no_data
2026-09-24 12:38:49,/history,BSE:BANKEX26SEP58500PE,1,2026-06-16,2026-09-24,1,1,1,200,ok
2026-09-24 12:38:49,/history,BSE:BANKEX26SEP58500CE,5,2026-06-16,2026-09-24,1,1,1,200,no_data
2026-09-24 12:38:50,/history,BSE:BANKEX26SEP58500PE,5,2026-06-16,2026-09-24,1,1,1,200,ok
2026-09-24 12:38:50,/history,BSE:BANKEX26SEP58500CE,5S,2026-09-17,2026-09-24,1,1,1,200,no_data
2026-09-24 12:38:50,/history,BSE:BANKEX26SEP58500CE,60,2026-06-16,2026-09-24,1,1,1,200,no_data
2026-09-24 12:38:50,/history,BSE:BANKEX26SEP58500PE,60,2026-06-16,2026-09-24,1,1,1,200,ok
2026-09-24 12:38:50,/history,BSE:BANKEX26SEP58500CE,D,2026-06-16,2026-09-24,1,1,1,200,no_data
2026-09-24 12:38:50,/history,BSE:BANKEX26SEP58500PE,D,2026-06-16,2026-09-24,1,1,1,200,ok
2026-09-24 12:38:50,/history,BSE:BANKEX26SEP58600CE,5S,2026-06-16,2026-07-16,1,1,1,200,no_data
2026-09-24 12:38:50,/history,BSE:BANKEX26SEP58600PE,5S,2026-06-16,2026-07-16,1,1,1,200,no_data
2026-09-24 12:38:50,/history,BSE:BANKEX26SEP58500PE,5S,2026-08-17,2026-09-16,1,1,1,200,ok
2026-09-24 12:38:51,/history,BSE:BANKEX26SEP58600CE,1,2026-06-16,2026-09-24,1,1,1,200,no_data
2026-09-24 12:38:51,/history,BSE:BANKEX26SEP58600PE,1,2026-06-16,2026-09-24,1,1,1,200,no_data
2026-09-24 12:38:51,/history,BSE:BANKEX26SEP58600PE,5S,2026-07-17,2026-08-16,1,1,1,200,no_data
2026-09-24 12:38:51,/history,BSE:BANKEX26SEP58600CE,5S,2026-07-17,2026-08-16,1,1,1,200,no_data
2026-09-24 12:38:51,/history,BSE:BANKEX26SEP58600CE,5,2026-06-16,2026-09-24,1,1,1,200,no_data
2026-09-24 12:38:51,/history,BSE:BANKEX26SEP58600PE,5,2026-06-16,2026-09-24,1,1,1,200,no_data
2026-09-24 12:38:51,/history,BSE:BANKEX26SEP58600PE,5S,2026-08-17,2026-09-16,1,1,1,200,no_data
2026-09-24 12:38:52,/history,BSE:BANKEX26SEP58600CE,5S,2026-08-17,2026-09-16,1,1,1,200,no_data
2026-09-24 12:38:52,/history,BSE:BANKEX26SEP58600CE,60,2026-06-16,2026-09-24,1,1,1,200,no_data
2026-09-24 12:38:52,/history,BSE:BANKEX26SEP58500PE,5S,2026-09-17,2026-09-24,1,1,1,200,ok
2026-09-24 12:38:52,/history,BSE:BANKEX26SEP58600PE,60,2026-06-16,2026-09-24,1,1,1,200,no_data
2026-09-24 12:38:52,/history,BSE:BANKEX26SEP58600CE,5S,2026-09-17,2026-09-24,1,1,1,200,no_data
2026-09-24 12:38:52,/history,BSE:BANKEX26SEP58600PE,5S,2026-09-17,2026-09-24,1,1,1,200,no_data
2026-09-24 12:38:52,/history,BSE:BANKEX26SEP58600CE,D,2026-06-16,2026-09-24,1,1,1,200,no_data
2026-09-24 12:38:52,/history,BSE:BANKEX26SEP58600PE,D,2026-06-16,2026-09-24,1,1,1,200,no_data
2026-09-24 12:38:52,/history,BSE:BANKEX26SEP58700CE,1,2026-06-16,2026-09-24,1,1,1,200,no_data
2026-09-24 12:38:52,/history,BSE:BANKEX26SEP58700PE,1,2026-06-16,2026-09-24,1,1,1,200,no_data
2026-09-24 12:38:53,/history,BSE:BANKEX26SEP58700CE,5,2026-06-16,2026-09-24,1,1,1,200,no_data
2026-09-24 12:38:53,/history,BSE:BANKEX26SEP58700PE,5,2026-06-16,2026-09-24,1,1,1,200,no_data
2026-09-24 12:38:53,/history,BSE:BANKEX26SEP58700CE,60,2026-06-16,2026-09-24,1,1,1,200,no_data
2026-09-24 12:38:53,/history,BSE:BANKEX26SEP58700PE,5S,2026-06-16,2026-07-16,1,1,1,200,no_data
2026-09-24 12:38:53,/history,BSE:BANKEX26SEP58700CE,5S,2026-06-16,2026-07-16,1,1,1,200,no_data
2026-09-24 12:38:53,/history,BSE:BANKEX26SEP58700PE,60,2026-06-16,2026-09-24,1,1,1,200,no_data
2026-09-24 12:38:53,/history,BSE:BANKEX26SEP58700PE,5S,2026-07-17,2026-08-16,1,1,1,200,no_data
2026-09-24 12:38:53,/history,BSE:BANKEX26SEP58800CE,5S,2026-06-16,2026-07-16,1,1,1,200,no_data
2026-09-24 12:38:53,/history,BSE:BANKEX26SEP58700CE,D,2026-06-16,2026-09-24,1,1,1,200,no_data
2026-09-24 12:38:54,/history,BSE:BANKEX26SEP58700PE,5S,2026-08-17,2026-09-16,1,1,1,200,no_data
2026-09-24 12:38:54,/history,BSE:BANKEX26SEP58800CE,5S,2026-07-17,2026-08-16,1,1,1,200,no_data
2026-09-24 12:38:54,/history,BSE:BANKEX26SEP58700PE,D,2026-06-16,2026-09-24,1,1,1,200,no_data
2026-09-24 12:38:54,/history,BSE:BANKEX26SEP58700PE,5S,2026-09-17,2026-09-24,1,1,1,200,no_data
2026-09-24 12:38:54,/history,BSE:BANKEX26SEP58800CE,1,2026-06-16,2026-09-24,1,1,1,200,ok
2026-09-24 12:38:54,/history,BSE:BANKEX26SEP58800CE,5S,2026-08-17,2026-09-16,1,1,1,200,ok
2026-09-24 12:38:54,/history,BSE:BANKEX26SEP58800PE,1,2026-06-16,2026-09-24,1,1,1,200,ok
2026-09-24 12:38:54,/history,BSE:BANKEX26SEP58800PE,5S,2026-06-16,2026-07-16,1,1,1,200,no_data
2026-09-24 12:38:54,/history,BSE:BANKEX26SEP58700CE,5S,2026-07-17,2026-08-16,1,1,1,200,no_data
2026-09-24 12:38:55,/history,BSE:BANKEX26SEP58800CE,5S,2026-09-17,2026-09-24,1,1,1,200,no_data
2026-09-24 12:38:55,/history,BSE:BANKEX26SEP58800PE,5,2026-06-16,2026-09-24,1,1,1,200,ok
2026-09-24 12:38:55,/history,BSE:BANKEX26SEP58800PE,5S,2026-07-17,2026-08-16,1,1,1,200,no_data
2026-09-24 12:38:55,/history,BSE:BANKEX26SEP58800PE,60,2026-06-16,2026-09-24,1,1,1,200,ok
2026-09-24 12:38:55,/history,BSE:BANKEX26SEP58700CE,5S,2026-08-17,2026-09-16,1,1,1,200,no_data
2026-09-24 12:38:55,/history,BSE:BANKEX26SEP58800PE,5S,2026-08-17,2026-09-16,1,1,1,200,no_data
2026-09-24 12:38:55,/history,BSE:BANKEX26SEP58800CE,D,2026-06-16,2026-09-24,1,1,1,200,ok
2026-09-24 12:38:55,/history,BSE:BANKEX26SEP58800CE,5,2026-06-16,2026-09-24,1,1,1,200,ok
2026-09-24 12:38:56,/history,BSE:BANKEX26SEP58800CE,60,2026-06-16,2026-09-24,1,1,1,200,ok
2026-09-24 12:38:56,/history,BSE:BANKEX26SEP58800PE,D,2026-06-16,2026-09-24,1,1,1,200,ok
2026-09-24 12:38:56,/history,BSE:BANKEX26SEP58900CE,5S,2026-06-16,2026-07-16,1,1,1,200,no_data
2026-09-24 12:38:56,/history,BSE:BANKEX26SEP58800PE,5S,2026-09-17,2026-09-24,1,1,1,200,ok
2026-09-24 12:38:56,/history,BSE:BANKEX26SEP58900CE,1,2026-06-16,2026-09-24,1,1,1,200,no_data
2026-09-24 12:38:56,/history,BSE:BANKEX26SEP58900CE,5S,2026-07-17,2026-08-16,1,1,1,200,no_data
2026-09-24 12:38:56,/history,BSE:BANKEX26SEP58900PE,5S,2026-06-16,2026-07-16,1,1,1,200,no_data
2026-09-24 12:38:56,/history,BSE:BANKEX26SEP58700CE,5S,2026-09-17,2026-09-24,1,1,1,200,no_data
2026-09-24 12:38:56,/history,BSE:BANKEX26SEP58900PE,5S,2026-07-17,2026-08-16,1,1,1,200,no_data
2026-09-24 12:38:57,/history,BSE:BANKEX26SEP58900PE,5,2026-06-16,2026-09-24,1,1,1,200,ok
2026-09-24 12:38:57,/history,BSE:BANKEX26SEP58900CE,5S,2026-08-17,2026-09-16,1,1,1,200,no_data
2026-09-24 12:38:57,/history,BSE:BANKEX26SEP58900PE,1,2026-06-16,2026-09-24,1,1,1,200,ok
2026-09-24 12:38:57,/history,BSE:BANKEX26SEP58900PE,5S,2026-08-17,2026-09-16,1,1,1,200,no_data
2026-09-24 12:38:57,/history,BSE:BANKEX26SEP58900CE,5S,2026-09-17,2026-09-24,1,1,1,200,no_data
2026-09-24 12:38:57,/history,BSE:BANKEX26SEP58900PE,60,2026-06-16,2026-09-24,1,1,1,200,ok
2026-09-24 12:38:57,/history,BSE:BANKEX26SEP58900CE,D,2026-06-16,2026-09-24,1,1,1,200,no_data
2026-09-24 12:38:57,/history,BSE:BANKEX26SEP58900PE,5S,2026-09-17,2026-09-24,1,1,1,200,ok
2026-09-24 12:38:57,/history,BSE:BANKEX26SEP58900CE,60,2026-06-16,2026-09-24,1,1,1,200,no_data
2026-09-24 12:38:58,/history,BSE:BANKEX26SEP58900CE,5,2026-06-16,2026-09-24,1,1,1,200,no_data
2026-09-24 12:38:58,/history,BSE:BANKEX26SEP58900PE,D,2026-06-16,2026-09-24,1,1,1,200,ok
2026-09-24 12:38:58,/history,BSE:BANKEX26SEP59000CE,5S,2026-06-16,2026-07-16,1,1,1,200,no_data
2026-09-24 12:38:58,/history,BSE:BANKEX26SEP59000PE,1,2026-06-16,2026-09-24,1,1,1,200,ok
2026-09-24 12:38:58,/history,BSE:BANKEX26SEP59000PE,5S,2026-06-16,2026-07-16,1,1,1,200,no_data
2026-09-24 12:38:58,/history,BSE:BANKEX26SEP59000CE,5,2026-06-16,2026-09-24,1,1,1,200,no_data
2026-09-24 12:38:58,/history,BSE:BANKEX26SEP59000CE,1,2026-06-16,2026-09-24,1,1,1,200,no_data
2026-09-24 12:38:58,/history,BSE:BANKEX26SEP59000CE,5S,2026-07-17,2026-08-16,1,1,1,200,no_data
2026-09-24 12:39:22,/history,BSE:BANKEX26SEP59000PE,60,2026-06-16,2026-09-24,1,1,1,200,ok
2026-09-24 12:39:22,/history,BSE:BANKEX26SEP59000PE,5S,2026-07-17,2026-08-16,1,1,1,200,no_data
2026-09-24 12:39:24,/history,BSE:BANKEX26SEP59000PE,5,2026-06-16,2026-09-24,1,1,1,200,ok
2026-09-24 12:39:26,/history,BSE:BANKEX26SEP59000CE,60,2026-06-16,2026-09-24,1,1,1,200,no_data
2026-09-24 12:39:29,/history,BSE:BANKEX26SEP59000CE,5S,2026-08-17,2026-09-16,1,1,1,200,no_data
2026-09-24 12:39:30,/history,BSE:BANKEX26SEP59000CE,D,2026-06-16,2026-09-24,1,1,1,200,no_data
2026-09-24 12:39:30,/history,BSE:BANKEX26SEP59100PE,5S,2026-06-16,2026-07-16,1,1,1,200,no_data
2026-09-24 12:39:31,/history,BSE:BANKEX26SEP59000PE,5S,2026-08-17,2026-09-16,1,1,1,200,no_data
2026-09-24 12:39:31,/history,BSE:BANKEX26SEP59000PE,D,2026-06-16,2026-09-24,1,1,1,200,ok
2026-09-24 12:39:32,/history,BSE:BANKEX26SEP59100CE,5S,2026-06-16,2026-07-16,1,1,1,200,no_data
2026-09-24 12:39:33,/history,BSE:BANKEX26SEP59000PE,5S,2026-09-17,2026-09-24,1,1,1,200,ok
2026-09-24 12:39:34,/history,BSE:BANKEX26SEP59100CE,1,2026-06-16,2026-09-24,1,1,1,200,no_data
2026-09-24 12:39:36,/history,BSE:BANKEX26SEP59100CE,5,2026-06-16,2026-09-24,1,1,1,200,no_data
2026-09-24 12:39:37,/history,BSE:BANKEX26SEP59100CE,5S,2026-07-17,2026-08-16,1,1,1,200,no_data
2026-09-24 12:39:38,/history,BSE:BANKEX26SEP59100PE,5,2026-06-16,2026-09-24,1,1,1,200,ok
2026-09-24 12:39:38,/history,BSE:BANKEX26SEP59100CE,60,2026-06-16,2026-09-24,1,1,1,200,no_data
2026-09-24 12:39:38,/history,BSE:BANKEX26SEP59100PE,60,2026-06-16,2026-09-24,1,1,1,200,ok
2026-09-24 12:39:38,/history,BSE:BANKEX26SEP59100PE,5S,2026-07-17,2026-08-16,1,1,1,200,no_data
2026-09-24 12:39:38,/history,BSE:BANKEX26SEP59100CE,5S,2026-08-17,2026-09-16,1,1,1,200,no_data
2026-09-24 12:39:39,/history,BSE:BANKEX26SEP59100PE,1,2026-06-16,2026-09-24,1,1,1,200,ok
2026-09-24 12:39:39,/history,BSE:BANKEX26SEP59100CE,D,2026-06-16,2026-09-24,1,1,1,200,no_data
2026-09-24 12:39:39,/history,BSE:BANKEX26SEP59100PE,5S,2026-08-17,2026-09-16,1,1,1,200,no_data
2026-09-24 12:39:39,/history,BSE:BANKEX26SEP59100CE,5S,2026-09-17,2026-09-24,1,1,1,200,no_data
2026-09-24 12:39:39,/history,BSE:BANKEX26SEP59000CE,5S,2026-09-17,2026-09-24,1,1,1,200,no_data
2026-09-24 12:39:39,/history,BSE:BANKEX26SEP59200CE,5S,2026-06-16,2026-07-16,1,1,1,200,no_data
2026-09-24 12:39:39,/history,BSE:BANKEX26SEP59200CE,5S,2026-07-17,2026-08-16,1,1,1,200,no_data
2026-09-24 12:39:39,/history,BSE:BANKEX26SEP59200CE,1,2026-06-16,2026-09-24,1,1,1,200,no_data
2026-09-24 12:39:39,/history,BSE:BANKEX26SEP59100PE,D,2026-06-16,2026-09-24,1,1,1,200,ok
2026-09-24 12:39:40,/history,BSE:BANKEX26SEP59200CE,5S,2026-08-17,2026-09-16,1,1,1,200,no_data
2026-09-24 12:39:40,/history,BSE:BANKEX26SEP59200PE,5S,2026-06-16,2026-07-16,1,1,1,200,no_data
2026-09-24 12:39:40,/history,BSE:BANKEX26SEP59200CE,5,2026-06-16,2026-09-24,1,1,1,200,no_data
2026-09-24 12:39:40,/history,BSE:BANKEX26SEP59100PE,5S,2026-09-17,2026-09-24,1,1,1,200,ok
2026-09-24 12:39:40,/history,BSE:BANKEX26SEP59200PE,1,2026-06-16,2026-09-24,1,1,1,200,ok
2026-09-24 12:39:40,/history,BSE:BANKEX26SEP59200CE,5S,2026-09-17,2026-09-24,1,1,1,200,no_data
2026-09-24 12:39:40,/history,BSE:BANKEX26SEP59200PE,5S,2026-07-17,2026-08-16,1,1,1,200,no_data
2026-09-24 12:39:40,/history,BSE:BANKEX26SEP59200PE,60,2026-06-16,2026-09-24,1,1,1,200,ok
2026-09-24 12:39:40,/history,BSE:BANKEX26SEP59200CE,60,2026-06-16,2026-09-24,1,1,1,200,no_data
2026-09-24 12:39:41,/history,BSE:BANKEX26SEP59200CE,D,2026-06-16,2026-09-24,1,1,1,200,no_data
2026-09-24 12:39:41,/history,BSE:BANKEX26SEP59200PE,D,2026-06-16,2026-09-24,1,1,1,200,ok
2026-09-24 12:39:41,/history,BSE:BANKEX26SEP59200PE,5,2026-06-16,2026-09-24,1,1,1,200,ok
2026-09-24 12:39:41,/history,BSE:BANKEX26SEP59200PE,5S,2026-08-17,2026-09-16,1,1,1,200,no_data
2026-09-24 12:39:41,/history,BSE:BANKEX26SEP59300CE,5S,2026-06-16,2026-07-16,1,1,1,200,no_data
2026-09-24 12:39:41,/history,BSE:BANKEX26SEP59300PE,5S,2026-06-16,2026-07-16,1,1,1,200,no_data
2026-09-24 12:39:41,/history,BSE:BANKEX26SEP59300PE,5S,2026-07-17,2026-08-16,1,1,1,200,no_data
2026-09-24 12:39:41,/history,BSE:BANKEX26SEP59300CE,1,2026-06-16,2026-09-24,1,1,1,200,no_data
2026-09-24 12:39:41,/history,BSE:BANKEX26SEP59300PE,1,2026-06-16,2026-09-24,1,1,1,200,ok
2026-09-24 12:39:42,/history,BSE:BANKEX26SEP59300PE,5S,2026-08-17,2026-09-16,1,1,1,200,no_data
2026-09-24 12:39:42,/history,BSE:BANKEX26SEP59300CE,5S,2026-07-17,2026-08-16,1,1,1,200,no_data
2026-09-24 12:39:42,/history,BSE:BANKEX26SEP59300PE,5,2026-06-16,2026-09-24,1,1,1,200,ok
2026-09-24 12:39:42,/history,BSE:BANKEX26SEP59200PE,5S,2026-09-17,2026-09-24,1,1,1,200,ok
2026-09-24 12:39:42,/history,BSE:BANKEX26SEP59300CE,5,2026-06-16,2026-09-24,1,1,1,200,no_data
2026-09-24 12:39:42,/history,BSE:BANKEX26SEP59300PE,5S,2026-09-17,2026-09-24,1,1,1,200,ok
2026-09-24 12:39:42,/history,BSE:BANKEX26SEP59300PE,D,2026-06-16,2026-09-24,1,1,1,200,ok
2026-09-24 12:39:42,/history,BSE:BANKEX26SEP59300CE,D,2026-06-16,2026-09-24,1,1,1,200,no_data
2026-09-24 12:39:42,/history,BSE:BANKEX26SEP59300CE,5S,2026-08-17,2026-09-16,1,1,1,200,no_data
2026-09-24 12:39:43,/history,BSE:BANKEX26SEP59400CE,5S,2026-06-16,2026-07-16,1,1,1,200,no_data
2026-09-24 12:39:43,/history,BSE:BANKEX26SEP59300CE,5S,2026-09-17,2026-09-24,1,1,1,200,no_data
2026-09-24 12:39:43,/history,BSE:BANKEX26SEP59300CE,60,2026-06-16,2026-09-24,1,1,1,200,no_data
2026-09-24 12:39:43,/history,BSE:BANKEX26SEP59300PE,60,2026-06-16,2026-09-24,1,1,1,200,ok
2026-09-24 12:39:43,/history,BSE:BANKEX26SEP59400PE,5S,2026-06-16,2026-07-16,1,1,1,200,no_data
2026-09-24 12:39:43,/history,BSE:BANKEX26SEP59400CE,5,2026-06-16,2026-09-24,1,1,1,200,no_data
2026-09-24 12:39:43,/history,BSE:BANKEX26SEP59400PE,5S,2026-07-17,2026-08-16,1,1,1,200,no_data
2026-09-24 12:39:43,/history,BSE:BANKEX26SEP59400CE,1,2026-06-16,2026-09-24,1,1,1,200,no_data
2026-09-24 12:39:43,/history,BSE:BANKEX26SEP59400PE,1,2026-06-16,2026-09-24,1,1,1,200,ok
2026-09-24 12:39:44,/history,BSE:BANKEX26SEP59400CE,60,2026-06-16,2026-09-24,1,1,1,200,no_data
2026-09-24 12:39:44,/history,BSE:BANKEX26SEP59400PE,60,2026-06-16,2026-09-24,1,1,1,200,ok
2026-09-24 12:39:44,/history,BSE:BANKEX26SEP59400CE,5S,2026-07-17,2026-08-16,1,1,1,200,no_data
2026-09-24 12:39:44,/history,BSE:BANKEX26SEP59400PE,5,2026-06-16,2026-09-24,1,1,1,200,ok
2026-09-24 12:39:44,/history,BSE:BANKEX26SEP59400CE,D,2026-06-16,2026-09-24,1,1,1,200,no_data
2026-09-24 12:39:44,/history,BSE:BANKEX26SEP59400PE,5S,2026-08-17,2026-09-16,1,1,1,200,no_data
2026-09-24 12:39:44,/history,BSE:BANKEX26SEP59500PE,5S,2026-06-16,2026-07-16,1,1,1,200,no_data
2026-09-24 12:39:44,/history,BSE:BANKEX26SEP59400PE,D,2026-06-16,2026-09-24,1,1,1,200,ok
2026-09-24 12:39:45,/history,BSE:BANKEX26SEP59400CE,5S,2026-08-17,2026-09-16,1,1,1,200,no_data
2026-09-24 12:39:45,/history,BSE:BANKEX26SEP59500CE,1,2026-06-16,2026-09-24,1,1,1,200,no_data
2026-09-24 12:39:45,/history,BSE:BANKEX26SEP59400CE,5S,2026-09-17,2026-09-24,1,1,1,200,no_data
2026-09-24 12:39:45,/history,BSE:BANKEX26SEP59500CE,5S,2026-06-16,2026-07-16,1,1,1,200,no_data
2026-09-24 12:39:45,/history,BSE:BANKEX26SEP59400PE,5S,2026-09-17,2026-09-24,1,1,1,200,ok
2026-09-24 12:39:45,/history,BSE:BANKEX26SEP59500PE,1,2026-06-16,2026-09-24,1,1,1,200,ok
2026-09-24 12:39:45,/history,BSE:BANKEX26SEP59500PE,5S,2026-07-17,2026-08-16,1,1,1,200,no_data
2026-09-24 12:39:45,/history,BSE:BANKEX26SEP59500CE,60,2026-06-16,2026-09-24,1,1,1,200,no_data
2026-09-24 12:39:46,/history,BSE:BANKEX26SEP59500CE,5,2026-06-16,2026-09-24,1,1,1,200,no_data
2026-09-24 12:39:46,/history,BSE:BANKEX26SEP59500CE,5S,2026-07-17,2026-08-16,1,1,1,200,no_data
2026-09-24 12:39:46,/history,BSE:BANKEX26SEP59500CE,D,2026-06-16,2026-09-24,1,1,1,200,no_data
2026-09-24 12:39:46,/history,BSE:BANKEX26SEP59500CE,5S,2026-08-17,2026-09-16,1,1,1,200,no_data
2026-09-24 12:39:46,/history,BSE:BANKEX26SEP59500PE,5S,2026-08-17,2026-09-16,1,1,1,200,no_data
2026-09-24 12:39:46,/history,BSE:BANKEX26SEP59500PE,5,2026-06-16,2026-09-24,1,1,1,200,ok
2026-09-24 12:39:46,/history,BSE:BANKEX26SEP59500PE,D,2026-06-16,2026-09-24,1,1,1,200,ok
2026-09-24 12:39:46,/history,BSE:BANKEX26SEP59500PE,60,2026-06-16,2026-09-24,1,1,1,200,ok
2026-09-24 12:39:46,/history,BSE:BANKEX26SEP59600PE,5S,2026-06-16,2026-07-16,1,1,1,200,no_data
2026-09-24 12:39:47,/history,BSE:BANKEX26SEP59500CE,5S,2026-09-17,2026-09-24,1,1,1,200,no_data
2026-09-24 12:39:47,/history,BSE:BANKEX26SEP59500PE,5S,2026-09-17,2026-09-24,1,1,1,200,ok
2026-09-24 12:39:47,/history,BSE:BANKEX26SEP59600PE,1,2026-06-16,2026-09-24,1,1,1,200,ok
2026-09-24 12:39:47,/history,BSE:BANKEX26SEP59600CE,5S,2026-06-16,2026-07-16,1,1,1,200,no_data
2026-09-24 12:39:47,/history,BSE:BANKEX26SEP59600CE,1,2026-06-16,2026-09-24,1,1,1,200,no_data
2026-09-24 12:39:47,/history,BSE:BANKEX26SEP59600PE,5S,2026-07-17,2026-08-16,1,1,1,200,no_data
2026-09-24 12:39:47,/history,BSE:BANKEX26SEP59600CE,5S,2026-07-17,2026-08-16,1,1,1,200,no_data
2026-09-24 12:39:47,/history,BSE:BANKEX26SEP59600CE,60,2026-06-16,2026-09-24,1,1,1,200,no_data
2026-09-24 12:39:48,/history,BSE:BANKEX26SEP59600PE,5S,2026-08-17,2026-09-16,1,1,1,200,no_data
2026-09-24 12:39:48,/history,BSE:BANKEX26SEP59600CE,5S,2026-08-17,2026-09-16,1,1,1,200,no_data
2026-09-24 12:39:48,/history,BSE:BANKEX26SEP59600PE,60,2026-06-16,2026-09-24,1,1,1,200,ok
2026-09-24 12:39:48,/history,BSE:BANKEX26SEP59600CE,5S,2026-09-17,2026-09-24,1,1,1,200,no_data
2026-09-24 12:39:48,/history,BSE:BANKEX26SEP59600CE,D,2026-06-16,2026-09-24,1,1,1,200,no_data
2026-09-24 12:39:48,/history,BSE:BANKEX26SEP59600PE,5,2026-06-16,2026-09-24,1,1,1,200,ok
2026-09-24 12:39:48,/history,BSE:BANKEX26SEP59600CE,5,2026-06-16,2026-09-24,1,1,1,200,no_data
2026-09-24 12:39:48,/history,BSE:BANKEX26SEP59700PE,5S,2026-06-16,2026-07-16,1,1,1,200,no_data
2026-09-24 12:39:48,/history,BSE:BANKEX26SEP59600PE,D,2026-06-16,2026-09-24,1,1,1,200,ok
2026-09-24 12:39:49,/history,BSE:BANKEX26SEP59700CE,5S,2026-06-16,2026-07-16,1,1,1,200,no_data
2026-09-24 12:39:49,/history,BSE:BANKEX26SEP59700CE,1,2026-06-16,2026-09-24,1,1,1,200,no_data
2026-09-24 12:39:49,/history,BSE:BANKEX26SEP59600PE,5S,2026-09-17,2026-09-24,1,1,1,200,ok
2026-09-24 12:39:49,/history,BSE:BANKEX26SEP59700PE,5S,2026-07-17,2026-08-16,1,1,1,200,no_data
2026-09-24 12:39:49,/history,BSE:BANKEX26SEP59700PE,1,2026-06-16,2026-09-24,1,1,1,200,ok
2026-09-24 12:39:49,/history,BSE:BANKEX26SEP59700CE,5S,2026-07-17,2026-08-16,1,1,1,200,no_data
2026-09-24 12:39:49,/history,BSE:BANKEX26SEP59700CE,5,2026-06-16,2026-09-24,1,1,1,200,no_data
2026-09-24 12:39:49,/history,BSE:BANKEX26SEP59700CE,60,2026-06-16,2026-09-24,1,1,1,200,no_data
2026-09-24 12:39:49,/history,BSE:BANKEX26SEP59700CE,5S,2026-08-17,2026-09-16,1,1,1,200,no_data
2026-09-24 12:39:50,/history,BSE:BANKEX26SEP59700PE,60,2026-06-16,2026-09-24,1,1,1,200,ok
2026-09-24 12:39:50,/history,BSE:BANKEX26SEP59700CE,D,2026-06-16,2026-09-24,1,1,1,200,no_data
2026-09-24 12:39:50,/history,BSE:BANKEX26SEP59700PE,5,2026-06-16,2026-09-24,1,1,1,200,ok
2026-09-24 12:39:50,/history,BSE:BANKEX26SEP59700PE,5S,2026-08-17,2026-09-16,1,1,1,200,no_data
2026-09-24 12:39:50,/history,BSE:BANKEX26SEP59700PE,D,2026-06-16,2026-09-24,1,1,1,200,ok
2026-09-24 12:39:50,/history,BSE:BANKEX26SEP59800CE,5S,2026-06-16,2026-07-16,1,1,1,200,no_data
2026-09-24 12:39:50,/history,BSE:BANKEX26SEP59700CE,5S,2026-09-17,2026-09-24,1,1,1,200,no_data
2026-09-24 12:39:50,/history,BSE:BANKEX26SEP59800PE,5S,2026-06-16,2026-07-16,1,1,1,200,no_data
2026-09-24 12:39:51,/history,BSE:BANKEX26SEP59800CE,1,2026-06-16,2026-09-24,1,1,1,200,no_data
2026-09-24 12:39:51,/history,BSE:BANKEX26SEP59800PE,5S,2026-07-17,2026-08-16,1,1,1,200,no_data
2026-09-24 12:39:51,/history,BSE:BANKEX26SEP59800CE,5S,2026-07-17,2026-08-16,1,1,1,200,no_data
2026-09-24 12:39:51,/history,BSE:BANKEX26SEP59700PE,5S,2026-09-17,2026-09-24,1,1,1,200,ok
2026-09-24 12:39:51,/history,BSE:BANKEX26SEP59800CE,5,2026-06-16,2026-09-24,1,1,1,200,no_data
2026-09-24 12:39:51,/history,BSE:BANKEX26SEP59800PE,5S,2026-08-17,2026-09-16,1,1,1,200,no_data
2026-09-24 12:39:51,/history,BSE:BANKEX26SEP59800PE,1,2026-06-16,2026-09-24,1,1,1,200,ok
2026-09-24 12:39:51,/history,BSE:BANKEX26SEP59800CE,5S,2026-08-17,2026-09-16,1,1,1,200,no_data
2026-09-24 12:39:51,/history,BSE:BANKEX26SEP59800CE,60,2026-06-16,2026-09-24,1,1,1,200,no_data
2026-09-24 12:39:52,/history,BSE:BANKEX26SEP59800CE,D,2026-06-16,2026-09-24,1,1,1,200,no_data
2026-09-24 12:39:52,/history,BSE:BANKEX26SEP59800CE,5S,2026-09-17,2026-09-24,1,1,1,200,no_data
2026-09-24 12:39:52,/history,BSE:BANKEX26SEP59800PE,60,2026-06-16,2026-09-24,1,1,1,200,ok
2026-09-24 12:39:52,/history,BSE:BANKEX26SEP59800PE,5S,2026-09-17,2026-09-24,1,1,1,200,ok
2026-09-24 12:39:52,/history,BSE:BANKEX26SEP59800PE,5,2026-06-16,2026-09-24,1,1,1,200,ok
2026-09-24 12:39:52,/history,BSE:BANKEX26SEP59900CE,5S,2026-06-16,2026-07-16,1,1,1,200,no_data
2026-09-24 12:39:52,/history,BSE:BANKEX26SEP59800PE,D,2026-06-16,2026-09-24,1,1,1,200,ok
2026-09-24 12:39:52,/history,BSE:BANKEX26SEP59900PE,5S,2026-06-16,2026-07-16,1,1,1,200,no_data
2026-09-24 12:39:52,/history,BSE:BANKEX26SEP59900PE,1,2026-06-16,2026-09-24,1,1,1,200,ok
2026-09-24 12:39:52,/history,BSE:BANKEX26SEP59900CE,1,2026-06-16,2026-09-24,1,1,1,200,no_data
2026-09-24 12:39:53,/history,BSE:BANKEX26SEP59900CE,5S,2026-07-17,2026-08-16,1,1,1,200,no_data
2026-09-24 12:39:53,/history,BSE:BANKEX26SEP59900CE,60,2026-06-16,2026-09-24,1,1,1,200,no_data
2026-09-24 12:39:53,/history,BSE:BANKEX26SEP59900CE,5,2026-06-16,2026-09-24,1,1,1,200,no_data
2026-09-24 12:39:53,/history,BSE:BANKEX26SEP59900PE,5S,2026-07-17,2026-08-16,1,1,1,200,no_data
2026-09-24 12:39:53,/history,BSE:BANKEX26SEP59900CE,D,2026-06-16,2026-09-24,1,1,1,200,no_data
2026-09-24 12:39:53,/history,BSE:BANKEX26SEP59900PE,5,2026-06-16,2026-09-24,1,1,1,200,ok
2026-09-24 12:39:53,/history,BSE:BANKEX26SEP59900PE,60,2026-06-16,2026-09-24,1,1,1,200,ok
2026-09-24 12:39:53,/history,BSE:BANKEX26SEP59900CE,5S,2026-08-17,2026-09-16,1,1,1,200,no_data
2026-09-24 12:39:53,/history,BSE:BANKEX26SEP59900PE,D,2026-06-16,2026-09-24,1,1,1,200,no_data
2026-09-24 12:39:54,/history,BSE:BANKEX26SEP59900CE,5S,2026-09-17,2026-09-24,1,1,1,200,no_data
2026-09-24 12:39:54,/history,BSE:BANKEX26SEP60000PE,5S,2026-06-16,2026-07-16,1,1,1,200,no_data
2026-09-24 12:39:54,/history,BSE:BANKEX26SEP59900PE,5S,2026-08-17,2026-09-16,1,1,1,200,no_data
2026-09-24 12:39:54,/history,BSE:BANKEX26SEP60000CE,5S,2026-06-16,2026-07-16,1,1,1,200,no_data
2026-09-24 12:39:54,/history,BSE:BANKEX26SEP60000PE,5S,2026-07-17,2026-08-16,1,1,1,200,no_data
2026-09-24 12:39:54,/history,BSE:BANKEX26SEP60000PE,1,2026-06-16,2026-09-24,1,1,1,200,ok
2026-09-24 12:39:54,/history,BSE:BANKEX26SEP59900PE,5S,2026-09-17,2026-09-24,1,1,1,200,ok
2026-09-24 12:39:54,/history,BSE:BANKEX26SEP60000CE,1,2026-06-16,2026-09-24,1,1,1,200,no_data
2026-09-24 12:39:55,/history,BSE:BANKEX26SEP60000CE,5S,2026-07-17,2026-08-16,1,1,1,200,no_data
2026-09-24 12:39:55,/history,BSE:BANKEX26SEP60000CE,5,2026-06-16,2026-09-24,1,1,1,200,no_data
2026-09-24 12:39:55,/history,BSE:BANKEX26SEP60000CE,5S,2026-08-17,2026-09-16,1,1,1,200,no_data
2026-09-24 12:39:55,/history,BSE:BANKEX26SEP60000PE,5S,2026-08-17,2026-09-16,1,1,1,200,ok
2026-09-24 12:39:55,/history,BSE:BANKEX26SEP60000PE,60,2026-06-16,2026-09-24,1,1,1,200,ok
2026-09-24 12:39:55,/history,BSE:BANKEX26SEP60000CE,5S,2026-09-17,2026-09-24,1,1,1,200,no_data
2026-09-24 12:39:55,/history,BSE:BANKEX26SEP60000PE,5,2026-06-16,2026-09-24,1,1,1,200,ok
2026-09-24 12:39:56,/history,BSE:BANKEX26SEP60000CE,60,2026-06-16,2026-09-24,1,1,1,200,no_data
2026-09-24 12:39:56,/history,BSE:BANKEX26SEP60000CE,D,2026-06-16,2026-09-24,1,1,1,200,no_data
2026-09-24 12:39:56,/history,BSE:BANKEX26SEP60000PE,5S,2026-09-17,2026-09-24,1,1,1,200,ok
2026-09-24 12:39:56,/history,BSE:BANKEX26SEP60000PE,D,2026-06-16,2026-09-24,1,1,1,200,ok
2026-09-24 12:39:56,/history,BSE:BANKEX26SEP60100CE,5S,2026-06-16,2026-07-16,1,1,1,200,no_data
2026-09-24 12:39:56,/history,BSE:BANKEX26SEP60100PE,5S,2026-06-16,2026-07-16,1,1,1,200,no_data
2026-09-24 12:39:56,/history,BSE:BANKEX26SEP60100CE,1,2026-06-16,2026-09-24,1,1,1,200,no_data
2026-09-24 12:39:56,/history,BSE:BANKEX26SEP60100CE,5,2026-06-16,2026-09-24,1,1,1,200,no_data
2026-09-24 12:39:56,/history,BSE:BANKEX26SEP60100CE,5S,2026-07-17,2026-08-16,1,1,1,200,no_data
2026-09-24 12:39:56,/history,BSE:BANKEX26SEP60100PE,1,2026-06-16,2026-09-24,1,1,1,200,ok
2026-09-24 12:39:57,/history,BSE:BANKEX26SEP60100PE,5S,2026-07-17,2026-08-16,1,1,1,200,no_data
2026-09-24 12:39:57,/history,BSE:BANKEX26SEP60100PE,5,2026-06-16,2026-09-24,1,1,1,200,ok
2026-09-24 12:39:57,/history,BSE:BANKEX26SEP60100CE,60,2026-06-16,2026-09-24,1,1,1,200,no_data
2026-09-24 12:39:57,/history,BSE:BANKEX26SEP60100CE,D,2026-06-16,2026-09-24,1,1,1,200,no_data
2026-09-24 12:39:57,/history,BSE:BANKEX26SEP60100PE,5S,2026-08-17,2026-09-16,1,1,1,200,no_data
2026-09-24 12:39:57,/history,BSE:BANKEX26SEP60100PE,D,2026-06-16,2026-09-24,1,1,1,200,no_data
2026-09-24 12:39:57,/history,BSE:BANKEX26SEP60100PE,60,2026-06-16,2026-09-24,1,1,1,200,ok
2026-09-24 12:39:57,/history,BSE:BANKEX26SEP60100CE,5S,2026-08-17,2026-09-16,1,1,1,200,no_data
2026-09-24 12:39:57,/history,BSE:BANKEX26SEP60100PE,5S,2026-09-17,2026-09-24,1,1,1,200,ok
2026-09-24 12:39:58,/history,BSE:BANKEX26SEP60200PE,5S,2026-06-16,2026-07-16,1,1,1,200,no_data
2026-09-24 12:39:58,/history,BSE:BANKEX26SEP60200CE,5S,2026-06-16,2026-07-16,1,1,1,200,no_data
2026-09-24 12:39:58,/history,BSE:BANKEX26SEP60200CE,1,2026-06-16,2026-09-24,1,1,1,200,no_data
2026-09-24 12:39:58,/history,BSE:BANKEX26SEP60100CE,5S,2026-09-17,2026-09-24,1,1,1,200,no_data
2026-09-24 12:39:58,/history,BSE:BANKEX26SEP60200PE,1,2026-06-16,2026-09-24,1,1,1,200,ok
2026-09-24 12:39:58,/history,BSE:BANKEX26SEP60200PE,5,2026-06-16,2026-09-24,1,1,1,200,ok
2026-09-24 12:39:58,/history,BSE:BANKEX26SEP60200CE,60,2026-06-16,2026-09-24,1,1,1,200,no_data
2026-09-24 12:39:58,/history,BSE:BANKEX26SEP60200PE,5S,2026-07-17,2026-08-16,1,1,1,200,no_data
2026-09-24 12:39:58,/history,BSE:BANKEX26SEP60200CE,5S,2026-07-17,2026-08-16,1,1,1,200,no_data
2026-09-24 12:39:59,/history,BSE:BANKEX26SEP60200CE,5,2026-06-16,2026-09-24,1,1,1,200,no_data
2026-09-24 12:40:23,/history,BSE:BANKEX26SEP60200PE,60,2026-06-16,2026-09-24,1,1,1,200,ok
2026-09-24 12:40:23,/history,BSE:BANKEX26SEP60200CE,D,2026-06-16,2026-09-24,1,1,1,200,no_data
2026-09-24 12:40:24,/history,BSE:BANKEX26SEP60200PE,5S,2026-08-17,2026-09-16,1,1,1,200,ok
2026-09-24 12:40:26,/history,BSE:BANKEX26SEP60200CE,5S,2026-08-17,2026-09-16,1,1,1,200,no_data
2026-09-24 12:40:29,/history,BSE:BANKEX26SEP60200PE,D,2026-06-16,2026-09-24,1,1,1,200,ok
2026-09-24 12:40:30,/history,BSE:BANKEX26SEP60300CE,5S,2026-06-16,2026-07-16,1,1,1,200,no_data
2026-09-24 12:40:30,/history,BSE:BANKEX26SEP60300CE,1,2026-06-16,2026-09-24,1,1,1,200,no_data
2026-09-24 12:40:31,/history,BSE:BANKEX26SEP60300PE,5S,2026-06-16,2026-07-16,1,1,1,200,no_data
2026-09-24 12:40:31,/history,BSE:BANKEX26SEP60200CE,5S,2026-09-17,2026-09-24,1,1,1,200,no_data
2026-09-24 12:40:32,/history,BSE:BANKEX26SEP60300CE,5S,2026-07-17,2026-08-16,1,1,1,200,no_data
2026-09-24 12:40:33,/history,BSE:BANKEX26SEP60300PE,5S,2026-07-17,2026-08-16,1,1,1,200,no_data
2026-09-24 12:40:34,/history,BSE:BANKEX26SEP60300CE,5,2026-06-16,2026-09-24,1,1,1,200,no_data
2026-09-24 12:40:36,/history,BSE:BANKEX26SEP60300PE,1,2026-06-16,2026-09-24,1,1,1,200,ok
2026-09-24 12:40:37,/history,BSE:BANKEX26SEP60200PE,5S,2026-09-17,2026-09-24,1,1,1,200,ok
2026-09-24 12:40:38,/history,BSE:BANKEX26SEP60300CE,60,2026-06-16,2026-09-24,1,1,1,200,no_data
2026-09-24 12:40:38,/history,BSE:BANKEX26SEP60300CE,D,2026-06-16,2026-09-24,1,1,1,200,no_data
2026-09-24 12:40:38,/history,BSE:BANKEX26SEP60300PE,D,2026-06-16,2026-09-24,1,1,1,200,ok
2026-09-24 12:40:38,/history,BSE:BANKEX26SEP60300CE,5S,2026-08-17,2026-09-16,1,1,1,200,no_data
2026-09-24 12:40:39,/history,BSE:BANKEX26SEP60300PE,5S,2026-08-17,2026-09-16,1,1,1,200,no_data
2026-09-24 12:40:39,/history,BSE:BANKEX26SEP60400CE,5S,2026-06-16,2026-07-16,1,1,1,200,no_data
2026-09-24 12:40:39,/history,BSE:BANKEX26SEP60300CE,5S,2026-09-17,2026-09-24,1,1,1,200,no_data
2026-09-24 12:40:39,/history,BSE:BANKEX26SEP60300PE,5S,2026-09-17,2026-09-24,1,1,1,200,ok
2026-09-24 12:40:39,/history,BSE:BANKEX26SEP60300PE,60,2026-06-16,2026-09-24,1,1,1,200,ok
2026-09-24 12:40:39,/history,BSE:BANKEX26SEP60400CE,5S,2026-07-17,2026-08-16,1,1,1,200,no_data
2026-09-24 12:40:39,/history,BSE:BANKEX26SEP60400PE,5S,2026-06-16,2026-07-16,1,1,1,200,no_data
2026-09-24 12:40:39,/history,BSE:BANKEX26SEP60400CE,5S,2026-08-17,2026-09-16,1,1,1,200,no_data
2026-09-24 12:40:39,/history,BSE:BANKEX26SEP60400PE,5S,2026-07-17,2026-08-16,1,1,1,200,no_data
2026-09-24 12:40:40,/history,BSE:BANKEX26SEP60400PE,1,2026-06-16,2026-09-24,1,1,1,200,ok
2026-09-24 12:40:40,/history,BSE:BANKEX26SEP60400CE,5S,2026-09-17,2026-09-24,1,1,1,200,no_data
2026-09-24 12:40:40,/history,BSE:BANKEX26SEP60300PE,5,2026-06-16,2026-09-24,1,1,1,200,ok
2026-09-24 12:40:40,/history,BSE:BANKEX26SEP60400PE,5S,2026-08-17,2026-09-16,1,1,1,200,no_data
2026-09-24 12:40:40,/history,BSE:BANKEX26SEP60400CE,5,2026-06-16,2026-09-24,1,1,1,200,no_data
2026-09-24 12:40:40,/history,BSE:BANKEX26SEP60400PE,5,2026-06-16,2026-09-24,1,1,1,200,ok
2026-09-24 12:40:40,/history,BSE:BANKEX26SEP60400CE,1,2026-06-16,2026-09-24,1,1,1,200,no_data
2026-09-24 12:40:40,/history,BSE:BANKEX26SEP60400PE,60,2026-06-16,2026-09-24,1,1,1,200,ok
2026-09-24 12:40:41,/history,BSE:BANKEX26SEP60400PE,D,2026-06-16,2026-09-24,1,1,1,200,ok
2026-09-24 12:40:41,/history,BSE:BANKEX26SEP60400PE,5S,2026-09-17,2026-09-24,1,1,1,200,ok
2026-09-24 12:40:41,/history,BSE:BANKEX26SEP60500CE,5S,2026-06-16,2026-07-16,1,1,1,200,no_data
2026-09-24 12:40:41,/history,BSE:BANKEX26SEP60500PE,5S,2026-06-16,2026-07-16,1,1,1,200,no_data
2026-09-24 12:40:41,/history,BSE:BANKEX26SEP60400CE,60,2026-06-16,2026-09-24,1,1,1,200,no_data
2026-09-24 12:40:41,/history,BSE:BANKEX26SEP60500CE,5S,2026-07-17,2026-08-16,1,1,1,200,no_data
2026-09-24 12:40:41,/history,BSE:BANKEX26SEP60400CE,D,2026-06-16,2026-09-24,1,1,1,200,no_data
2026-09-24 12:40:41,/history,BSE:BANKEX26SEP60500PE,1,2026-06-16,2026-09-24,1,1,1,200,ok
2026-09-24 12:40:41,/history,BSE:BANKEX26SEP60500CE,5,2026-06-16,2026-09-24,1,1,1,200,no_data
2026-09-24 12:40:42,/history,BSE:BANKEX26SEP60500PE,5S,2026-07-17,2026-08-16,1,1,1,200,no_data
2026-09-24 12:40:42,/history,BSE:BANKEX26SEP60500PE,5,2026-06-16,2026-09-24,1,1,1,200,ok
2026-09-24 12:40:42,/history,BSE:BANKEX26SEP60500CE,60,2026-06-16,2026-09-24,1,1,1,200,no_data
2026-09-24 12:40:42,/history,BSE:BANKEX26SEP60500PE,5S,2026-08-17,2026-09-16,1,1,1,200,no_data
2026-09-24 12:40:42,/history,BSE:BANKEX26SEP60500CE,1,2026-06-16,2026-09-24,1,1,1,200,no_data
2026-09-24 12:40:42,/history,BSE:BANKEX26SEP60500PE,60,2026-06-16,2026-09-24,1,1,1,200,ok
2026-09-24 12:40:42,/history,BSE:BANKEX26SEP60500CE,5S,2026-08-17,2026-09-16,1,1,1,200,no_data
2026-09-24 12:40:42,/history,BSE:BANKEX26SEP60500CE,D,2026-06-16,2026-09-24,1,1,1,200,no_data
2026-09-24 12:40:43,/history,BSE:BANKEX26SEP60500CE,5S,2026-09-17,2026-09-24,1,1,1,200,no_data
2026-09-24 12:40:43,/history,BSE:BANKEX26SEP60500PE,5S,2026-09-17,2026-09-24,1,1,1,200,ok
2026-09-24 12:40:43,/history,BSE:BANKEX26SEP60500PE,D,2026-06-16,2026-09-24,1,1,1,200,ok
2026-09-24 12:40:43,/history,BSE:BANKEX26SEP60600CE,5S,2026-06-16,2026-07-16,1,1,1,200,no_data
2026-09-24 12:40:43,/history,BSE:BANKEX26SEP60600PE,5S,2026-06-16,2026-07-16,1,1,1,200,no_data
2026-09-24 12:40:43,/history,BSE:BANKEX26SEP60600PE,1,2026-06-16,2026-09-24,1,1,1,200,ok
2026-09-24 12:40:43,/history,BSE:BANKEX26SEP60600CE,5,2026-06-16,2026-09-24,1,1,1,200,no_data
2026-09-24 12:40:43,/history,BSE:BANKEX26SEP60600CE,5S,2026-07-17,2026-08-16,1,1,1,200,no_data
2026-09-24 12:40:43,/history,BSE:BANKEX26SEP60600PE,5,2026-06-16,2026-09-24,1,1,1,200,ok
2026-09-24 12:40:43,/history,BSE:BANKEX26SEP60600CE,5S,2026-08-17,2026-09-16,1,1,1,200,no_data
2026-09-24 12:40:44,/history,BSE:BANKEX26SEP60600CE,1,2026-06-16,2026-09-24,1,1,1,200,no_data
2026-09-24 12:40:44,/history,BSE:BANKEX26SEP60600CE,60,2026-06-16,2026-09-24,1,1,1,200,no_data
2026-09-24 12:40:44,/history,BSE:BANKEX26SEP60600CE,5S,2026-09-17,2026-09-24,1,1,1,200,no_data
2026-09-24 12:40:44,/history,BSE:BANKEX26SEP60600CE,D,2026-06-16,2026-09-24,1,1,1,200,no_data
2026-09-24 12:40:44,/history,BSE:BANKEX26SEP60600PE,5S,2026-07-17,2026-08-16,1,1,1,200,no_data
2026-09-24 12:40:44,/history,BSE:BANKEX26SEP60700CE,5S,2026-06-16,2026-07-16,1,1,1,200,no_data
2026-09-24 12:40:44,/history,BSE:BANKEX26SEP60700PE,5S,2026-06-16,2026-07-16,1,1,1,200,no_data
2026-09-24 12:40:44,/history,BSE:BANKEX26SEP60600PE,60,2026-06-16,2026-09-24,1,1,1,200,ok
2026-09-24 12:40:44,/history,BSE:BANKEX26SEP60600PE,5S,2026-08-17,2026-09-16,1,1,1,200,no_data
2026-09-24 12:40:45,/history,BSE:BANKEX26SEP60600PE,D,2026-06-16,2026-09-24,1,1,1,200,ok
2026-09-24 12:40:45,/history,BSE:BANKEX26SEP60700CE,5S,2026-07-17,2026-08-16,1,1,1,200,no_data
2026-09-24 12:40:45,/history,BSE:BANKEX26SEP60700CE,1,2026-06-16,2026-09-24,1,1,1,200,no_data
2026-09-24 12:40:45,/history,BSE:BANKEX26SEP60700PE,1,2026-06-16,2026-09-24,1,1,1,200,ok
2026-09-24 12:40:45,/history,BSE:BANKEX26SEP60600PE,5S,2026-09-17,2026-09-24,1,1,1,200,ok
2026-09-24 12:40:45,/history,BSE:BANKEX26SEP60700CE,5,2026-06-16,2026-09-24,1,1,1,200,no_data
2026-09-24 12:40:45,/history,BSE:BANKEX26SEP60700CE,5S,2026-08-17,2026-09-16,1,1,1,200,no_data
2026-09-24 12:40:45,/history,BSE:BANKEX26SEP60700PE,5,2026-06-16,2026-09-24,1,1,1,200,ok
2026-09-24 12:40:46,/history,BSE:BANKEX26SEP60700CE,5S,2026-09-17,2026-09-24,1,1,1,200,no_data
2026-09-24 12:40:46,/history,BSE:BANKEX26SEP60700CE,60,2026-06-16,2026-09-24,1,1,1,200,no_data
2026-09-24 12:40:46,/history,BSE:BANKEX26SEP60700PE,60,2026-06-16,2026-09-24,1,1,1,200,ok
2026-09-24 12:40:46,/history,BSE:BANKEX26SEP60700CE,D,2026-06-16,2026-09-24,1,1,1,200,no_data
2026-09-24 12:40:46,/history,BSE:BANKEX26SEP60700PE,5S,2026-07-17,2026-08-16,1,1,1,200,no_data
2026-09-24 12:40:46,/history,BSE:BANKEX26SEP60800CE,5S,2026-06-16,2026-07-16,1,1,1,200,no_data
2026-09-24 12:40:46,/history,BSE:BANKEX26SEP60700PE,D,2026-06-16,2026-09-24,1,1,1,200,ok
2026-09-24 12:40:46,/history,BSE:BANKEX26SEP60800CE,1,2026-06-16,2026-09-24,1,1,1,200,no_data
2026-09-24 12:40:46,/history,BSE:BANKEX26SEP60800PE,5S,2026-06-16,2026-07-16,1,1,1,200,no_data
2026-09-24 12:40:47,/history,BSE:BANKEX26SEP60800CE,5,2026-06-16,2026-09-24,1,1,1,200,no_data
2026-09-24 12:40:47,/history,BSE:BANKEX26SEP60700PE,5S,2026-08-17,2026-09-16,1,1,1,200,no_data
2026-09-24 12:40:47,/history,BSE:BANKEX26SEP60800PE,5S,2026-07-17,2026-08-16,1,1,1,200,no_data
2026-09-24 12:40:47,/history,BSE:BANKEX26SEP60800CE,5S,2026-07-17,2026-08-16,1,1,1,200,no_data
2026-09-24 12:40:47,/history,BSE:BANKEX26SEP60800PE,5,2026-06-16,2026-09-24,1,1,1,200,ok
2026-09-24 12:40:47,/history,BSE:BANKEX26SEP60800PE,1,2026-06-16,2026-09-24,1,1,1,200,ok
2026-09-24 12:40:47,/history,BSE:BANKEX26SEP60700PE,5S,2026-09-17,2026-09-24,1,1,1,200,ok
2026-09-24 12:40:47,/history,BSE:BANKEX26SEP60800PE,5S,2026-08-17,2026-09-16,1,1,1,200,no_data
2026-09-24 12:40:47,/history,BSE:BANKEX26SEP60800CE,5S,2026-08-17,2026-09-16,1,1,1,200,no_data
2026-09-24 12:40:48,/history,BSE:BANKEX26SEP60800CE,5S,2026-09-17,2026-09-24,1,1,1,200,no_data
2026-09-24 12:40:48,/history,BSE:BANKEX26SEP60800CE,D,2026-06-16,2026-09-24,1,1,1,200,no_data
2026-09-24 12:40:48,/history,BSE:BANKEX26SEP60800PE,5S,2026-09-17,2026-09-24,1,1,1,200,ok
2026-09-24 12:40:48,/history,BSE:BANKEX26SEP60800CE,60,2026-06-16,2026-09-24,1,1,1,200,no_data
2026-09-24 12:40:48,/history,BSE:BANKEX26SEP60800PE,60,2026-06-16,2026-09-24,1,1,1,200,ok
2026-09-24 12:40:48,/history,BSE:BANKEX26SEP60900CE,5S,2026-06-16,2026-07-16,1,1,1,200,no_data
2026-09-24 12:40:48,/history,BSE:BANKEX26SEP60900PE,5S,2026-06-16,2026-07-16,1,1,1,200,no_data
2026-09-24 12:40:48,/history,BSE:BANKEX26SEP60900CE,1,2026-06-16,2026-09-24,1,1,1,200,no_data
2026-09-24 12:40:48,/history,BSE:BANKEX26SEP60900CE,5S,2026-07-17,2026-08-16,1,1,1,200,no_data
2026-09-24 12:40:49,/history,BSE:BANKEX26SEP60800PE,D,2026-06-16,2026-09-24,1,1,1,200,ok
2026-09-24 12:40:49,/history,BSE:BANKEX26SEP60900CE,5S,2026-08-17,2026-09-16,1,1,1,200,no_data
2026-09-24 12:40:49,/history,BSE:BANKEX26SEP60900PE,5S,2026-07-17,2026-08-16,1,1,1,200,no_data
2026-09-24 12:40:49,/history,BSE:BANKEX26SEP60900PE,1,2026-06-16,2026-09-24,1,1,1,200,ok
2026-09-24 12:40:49,/history,BSE:BANKEX26SEP60900CE,5,2026-06-16,2026-09-24,1,1,1,200,no_data
2026-09-24 12:40:49,/history,BSE:BANKEX26SEP60900PE,5,2026-06-16,2026-09-24,1,1,1,200,ok
2026-09-24 12:40:49,/history,BSE:BANKEX26SEP60900PE,5S,2026-08-17,2026-09-16,1,1,1,200,no_data
2026-09-24 12:40:49,/history,BSE:BANKEX26SEP60900CE,60,2026-06-16,2026-09-24,1,1,1,200,no_data
2026-09-24 12:40:49,/history,BSE:BANKEX26SEP60900CE,5S,2026-09-17,2026-09-24,1,1,1,200,no_data
2026-09-24 12:40:50,/history,BSE:BANKEX26SEP60900CE,D,2026-06-16,2026-09-24,1,1,1,200,no_data
2026-09-24 12:40:50,/history,BSE:BANKEX26SEP60900PE,D,2026-06-16,2026-09-24,1,1,1,200,ok
2026-09-24 12:40:50,/history,BSE:BANKEX26SEP60900PE,5S,2026-09-17,2026-09-24,1,1,1,200,ok
2026-09-24 12:40:50,/history,BSE:BANKEX26SEP61000PE,5S,2026-06-16,2026-07-16,1,1,1,200,no_data
2026-09-24 12:40:50,/history,BSE:BANKEX26SEP60900PE,60,2026-06-16,2026-09-24,1,1,1,200,ok
2026-09-24 12:40:50,/history,BSE:BANKEX26SEP61000CE,1,2026-06-16,2026-09-24,1,1,1,200,no_data
2026-09-24 12:40:50,/history,BSE:BANKEX26SEP61000CE,5S,2026-06-16,2026-07-16,1,1,1,200,no_data
2026-09-24 12:40:50,/history,BSE:BANKEX26SEP61000CE,5,2026-06-16,2026-09-24,1,1,1,200,no_data
2026-09-24 12:40:50,/history,BSE:BANKEX26SEP61000PE,5S,2026-07-17,2026-08-16,1,1,1,200,no_data
2026-09-24 12:40:51,/history,BSE:BANKEX26SEP61000CE,5S,2026-07-17,2026-08-16,1,1,1,200,no_data
2026-09-24 12:40:51,/history,BSE:BANKEX26SEP61000PE,5,2026-06-16,2026-09-24,1,1,1,200,ok
2026-09-24 12:40:51,/history,BSE:BANKEX26SEP61000CE,60,2026-06-16,2026-09-24,1,1,1,200,no_data
2026-09-24 12:40:51,/history,BSE:BANKEX26SEP61000PE,5S,2026-08-17,2026-09-16,1,1,1,200,ok
2026-09-24 12:40:51,/history,BSE:BANKEX26SEP61000PE,1,2026-06-16,2026-09-24,1,1,1,200,ok
2026-09-24 12:40:51,/history,BSE:BANKEX26SEP61000CE,5S,2026-08-17,2026-09-16,1,1,1,200,no_data
2026-09-24 12:40:51,/history,BSE:BANKEX26SEP61000CE,D,2026-06-16,2026-09-24,1,1,1,200,no_data
2026-09-24 12:40:51,/history,BSE:BANKEX26SEP61000CE,5S,2026-09-17,2026-09-24,1,1,1,200,no_data
2026-09-24 12:40:51,/history,BSE:BANKEX26SEP61000PE,D,2026-06-16,2026-09-24,1,1,1,200,ok
2026-09-24 12:40:52,/history,BSE:BANKEX26SEP61100CE,5S,2026-06-16,2026-07-16,1,1,1,200,no_data
2026-09-24 12:40:52,/history,BSE:BANKEX26SEP61100CE,1,2026-06-16,2026-09-24,1,1,1,200,no_data
2026-09-24 12:40:52,/history,BSE:BANKEX26SEP61100PE,5S,2026-06-16,2026-07-16,1,1,1,200,no_data
2026-09-24 12:40:53,/history,BSE:BANKEX26SEP61000PE,5S,2026-09-17,2026-09-24,1,1,1,200,ok
2026-09-24 12:40:53,/history,BSE:BANKEX26SEP61100CE,5S,2026-07-17,2026-08-16,1,1,1,200,no_data
2026-09-24 12:40:53,/history,BSE:BANKEX26SEP61000PE,60,2026-06-16,2026-09-24,1,1,1,200,ok
2026-09-24 12:40:53,/history,BSE:BANKEX26SEP61100PE,1,2026-06-16,2026-09-24,1,1,1,200,ok
2026-09-24 12:40:53,/history,BSE:BANKEX26SEP61100PE,5S,2026-07-17,2026-08-16,1,1,1,200,no_data
2026-09-24 12:40:53,/history,BSE:BANKEX26SEP61100CE,5S,2026-08-17,2026-09-16,1,1,1,200,no_data
2026-09-24 12:40:53,/history,BSE:BANKEX26SEP61100PE,5S,2026-08-17,2026-09-16,1,1,1,200,no_data
2026-09-24 12:40:53,/history,BSE:BANKEX26SEP61100CE,5,2026-06-16,2026-09-24,1,1,1,200,no_data
2026-09-24 12:40:53,/history,BSE:BANKEX26SEP61100PE,5,2026-06-16,2026-09-24,1,1,1,200,ok
2026-09-24 12:40:54,/history,BSE:BANKEX26SEP61100CE,60,2026-06-16,2026-09-24,1,1,1,200,no_data
2026-09-24 12:40:54,/history,BSE:BANKEX26SEP61100PE,60,2026-06-16,2026-09-24,1,1,1,200,ok
2026-09-24 12:40:54,/history,BSE:BANKEX26SEP61100PE,D,2026-06-16,2026-09-24,1,1,1,200,ok
2026-09-24 12:40:54,/history,BSE:BANKEX26SEP61100CE,5S,2026-09-17,2026-09-24,1,1,1,200,no_data
2026-09-24 12:40:54,/history,BSE:BANKEX26SEP61100PE,5S,2026-09-17,2026-09-24,1,1,1,200,ok
2026-09-24 12:40:54,/history,BSE:BANKEX26SEP61200CE,5S,2026-06-16,2026-07-16,1,1,1,200,no_data
2026-09-24 12:40:54,/history,BSE:BANKEX26SEP61200PE,5S,2026-06-16,2026-07-16,1,1,1,200,no_data
2026-09-24 12:40:54,/history,BSE:BANKEX26SEP61100CE,D,2026-06-16,2026-09-24,1,1,1,200,no_data
2026-09-24 12:40:54,/history,BSE:BANKEX26SEP61200CE,1,2026-06-16,2026-09-24,1,1,1,200,no_data
2026-09-24 12:40:55,/history,BSE:BANKEX26SEP61200PE,1,2026-06-16,2026-09-24,1,1,1,200,ok
2026-09-24 12:40:55,/history,BSE:BANKEX26SEP61200CE,5,2026-06-16,2026-09-24,1,1,1,200,no_data
2026-09-24 12:40:55,/history,BSE:BANKEX26SEP61200CE,5S,2026-07-17,2026-08-16,1,1,1,200,no_data
2026-09-24 12:40:55,/history,BSE:BANKEX26SEP61200CE,60,2026-06-16,2026-09-24,1,1,1,200,no_data
2026-09-24 12:40:55,/history,BSE:BANKEX26SEP61200PE,5,2026-06-16,2026-09-24,1,1,1,200,ok
2026-09-24 12:40:55,/history,BSE:BANKEX26SEP61200CE,5S,2026-08-17,2026-09-16,1,1,1,200,no_data
2026-09-24 12:40:55,/history,BSE:BANKEX26SEP61200PE,60,2026-06-16,2026-09-24,1,1,1,200,ok
2026-09-24 12:40:55,/history,BSE:BANKEX26SEP61200CE,D,2026-06-16,2026-09-24,1,1,1,200,no_data
2026-09-24 12:40:55,/history,BSE:BANKEX26SEP61200PE,D,2026-06-16,2026-09-24,1,1,1,200,no_data
2026-09-24 12:40:56,/history,BSE:BANKEX26SEP61200CE,5S,2026-09-17,2026-09-24,1,1,1,200,no_data
2026-09-24 12:40:56,/history,BSE:BANKEX26SEP61300CE,5S,2026-06-16,2026-07-16,1,1,1,200,no_data
2026-09-24 12:40:56,/history,BSE:BANKEX26SEP61300PE,5S,2026-06-16,2026-07-16,1,1,1,200,no_data
2026-09-24 12:40:56,/history,BSE:BANKEX26SEP61200PE,5S,2026-07-17,2026-08-16,1,1,1,200,no_data
2026-09-24 12:40:56,/history,BSE:BANKEX26SEP61300CE,1,2026-06-16,2026-09-24,1,1,1,200,no_data
2026-09-24 12:40:56,/history,BSE:BANKEX26SEP61300PE,1,2026-06-16,2026-09-24,1,1,1,200,ok
2026-09-24 12:40:56,/history,BSE:BANKEX26SEP61300PE,5S,2026-07-17,2026-08-16,1,1,1,200,no_data
2026-09-24 12:40:57,/history,BSE:BANKEX26SEP61300CE,5S,2026-07-17,2026-08-16,1,1,1,200,no_data
2026-09-24 12:40:57,/history,BSE:BANKEX26SEP61200PE,5S,2026-08-17,2026-09-16,1,1,1,200,no_data
2026-09-24 12:40:57,/history,BSE:BANKEX26SEP61300PE,5,2026-06-16,2026-09-24,1,1,1,200,ok
2026-09-24 12:40:57,/history,BSE:BANKEX26SEP61300PE,5S,2026-08-17,2026-09-16,1,1,1,200,no_data
2026-09-24 12:40:57,/history,BSE:BANKEX26SEP61300CE,5S,2026-08-17,2026-09-16,1,1,1,200,no_data
2026-09-24 12:40:57,/history,BSE:BANKEX26SEP61300CE,5,2026-06-16,2026-09-24,1,1,1,200,no_data
2026-09-24 12:40:57,/history,BSE:BANKEX26SEP61300CE,60,2026-06-16,2026-09-24,1,1,1,200,no_data
2026-09-24 12:40:57,/history,BSE:BANKEX26SEP61200PE,5S,2026-09-17,2026-09-24,1,1,1,200,ok
2026-09-24 12:40:57,/history,BSE:BANKEX26SEP61300PE,60,2026-06-16,2026-09-24,1,1,1,200,ok
2026-09-24 12:40:58,/history,BSE:BANKEX26SEP61300PE,5S,2026-09-17,2026-09-24,1,1,1,200,ok
2026-09-24 12:40:58,/history,BSE:BANKEX26SEP61300CE,5S,2026-09-17,2026-09-24,1,1,1,200,no_data
2026-09-24 12:40:58,/history,BSE:BANKEX26SEP61300CE,D,2026-06-16,2026-09-24,1,1,1,200,no_data
2026-09-24 12:40:58,/history,BSE:BANKEX26SEP61400PE,5S,2026-06-16,2026-07-16,1,1,1,200,no_data
2026-09-24 12:40:58,/history,BSE:BANKEX26SEP61300PE,D,2026-06-16,2026-09-24,1,1,1,200,no_data
2026-09-24 12:40:58,/history,BSE:BANKEX26SEP61400CE,1,2026-06-16,2026-09-24,1,1,1,200,no_data
2026-09-24 12:40:58,/history,BSE:BANKEX26SEP61400CE,5S,2026-06-16,2026-07-16,1,1,1,200,no_data
2026-09-24 12:40:58,/history,BSE:BANKEX26SEP61400CE,5,2026-06-16,2026-09-24,1,1,1,200,no_data
2026-09-24 12:40:59,/history,BSE:BANKEX26SEP61400PE,5S,2026-07-17,2026-08-16,1,1,1,200,no_data
2026-09-24 12:40:59,/history,BSE:BANKEX26SEP61400PE,5,2026-06-16,2026-09-24,1,1,1,200,ok
2026-09-24 12:40:59,/history,BSE:BANKEX26SEP61400PE,1,2026-06-16,2026-09-24,1,1,1,200,ok
2026-09-24 12:40:59,/history,BSE:BANKEX26SEP61400CE,60,2026-06-16,2026-09-24,1,1,1,200,no_data
2026-09-24 12:40:59,/history,BSE:BANKEX26SEP61400PE,60,2026-06-16,2026-09-24,1,1,1,200,ok
2026-09-24 12:40:59,/history,BSE:BANKEX26SEP61400CE,D,2026-06-16,2026-09-24,1,1,1,200,no_data
2026-09-24 12:40:59,/history,BSE:BANKEX26SEP61400CE,5S,2026-07-17,2026-08-16,1,1,1,200,no_data
2026-09-24 12:40:59,/history,BSE:BANKEX26SEP61400PE,D,2026-06-16,2026-09-24,1,1,1,200,no_data
2026-09-24 12:41:23,/history,BSE:BANKEX26SEP61500CE,1,2026-06-16,2026-09-24,1,1,1,200,no_data
2026-09-24 12:41:23,/history,BSE:BANKEX26SEP61500PE,1,2026-06-16,2026-09-24,1,1,1,200,ok
2026-09-24 12:41:24,/history,BSE:BANKEX26SEP61500CE,5,2026-06-16,2026-09-24,1,1,1,200,no_data
2026-09-24 12:41:27,/history,BSE:BANKEX26SEP61400PE,5S,2026-08-17,2026-09-16,1,1,1,200,no_data
2026-09-24 12:41:30,/history,BSE:BANKEX26SEP61500PE,5S,2026-06-16,2026-07-16,1,1,1,200,no_data
2026-09-24 12:41:31,/history,BSE:BANKEX26SEP61500CE,5S,2026-06-16,2026-07-16,1,1,1,200,no_data
2026-09-24 12:41:31,/history,BSE:BANKEX26SEP61400CE,5S,2026-08-17,2026-09-16,1,1,1,200,no_data
2026-09-24 12:41:32,/history,BSE:BANKEX26SEP61500PE,5,2026-06-16,2026-09-24,1,1,1,200,ok
2026-09-24 12:41:32,/history,BSE:BANKEX26SEP61400PE,5S,2026-09-17,2026-09-24,1,1,1,200,ok
2026-09-24 12:41:33,/history,BSE:BANKEX26SEP61500PE,5S,2026-07-17,2026-08-16,1,1,1,200,no_data
2026-09-24 12:41:34,/history,BSE:BANKEX26SEP61500CE,5S,2026-07-17,2026-08-16,1,1,1,200,no_data
2026-09-24 12:41:35,/history,BSE:BANKEX26SEP61400CE,5S,2026-09-17,2026-09-24,1,1,1,200,no_data
2026-09-24 12:41:37,/history,BSE:BANKEX26SEP61500CE,60,2026-06-16,2026-09-24,1,1,1,200,no_data
2026-09-24 12:41:38,/history,BSE:BANKEX26SEP61500PE,60,2026-06-16,2026-09-24,1,1,1,200,ok
2026-09-24 12:41:38,/history,BSE:BANKEX26SEP61500CE,5S,2026-08-17,2026-09-16,1,1,1,200,no_data
2026-09-24 12:41:38,/history,BSE:BANKEX26SEP61500PE,5S,2026-08-17,2026-09-16,1,1,1,200,no_data
2026-09-24 12:41:38,/history,BSE:BANKEX26SEP61600CE,5S,2026-06-16,2026-07-16,1,1,1,200,no_data
2026-09-24 12:41:39,/history,BSE:BANKEX26SEP61600CE,5S,2026-07-17,2026-08-16,1,1,1,200,no_data
2026-09-24 12:41:39,/history,BSE:BANKEX26SEP61600CE,5S,2026-08-17,2026-09-16,1,1,1,200,no_data
2026-09-24 12:41:39,/history,BSE:BANKEX26SEP61500CE,D,2026-06-16,2026-09-24,1,1,1,200,no_data
2026-09-24 12:41:39,/history,BSE:BANKEX26SEP61500PE,D,2026-06-16,2026-09-24,1,1,1,200,ok
2026-09-24 12:41:39,/history,BSE:BANKEX26SEP61600CE,5S,2026-09-17,2026-09-24,1,1,1,200,no_data
2026-09-24 12:41:39,/history,BSE:BANKEX26SEP61500CE,5S,2026-09-17,2026-09-24,1,1,1,200,no_data
2026-09-24 12:41:39,/history,BSE:BANKEX26SEP61600PE,5S,2026-06-16,2026-07-16,1,1,1,200,no_data
2026-09-24 12:41:40,/history,BSE:BANKEX26SEP61600CE,1,2026-06-16,2026-09-24,1,1,1,200,no_data
2026-09-24 12:41:40,/history,BSE:BANKEX26SEP61600PE,1,2026-06-16,2026-09-24,1,1,1,200,ok
2026-09-24 12:41:40,/history,BSE:BANKEX26SEP61500PE,5S,2026-09-17,2026-09-24,1,1,1,200,ok
2026-09-24 12:41:40,/history,BSE:BANKEX26SEP61600PE,5,2026-06-16,2026-09-24,1,1,1,200,ok
2026-09-24 12:41:40,/history,BSE:BANKEX26SEP61600CE,5,2026-06-16,2026-09-24,1,1,1,200,no_data
2026-09-24 12:41:40,/history,BSE:BANKEX26SEP61600PE,5S,2026-07-17,2026-08-16,1,1,1,200,no_data
2026-09-24 12:41:40,/history,BSE:BANKEX26SEP61600CE,D,2026-06-16,2026-09-24,1,1,1,200,no_data
2026-09-24 12:41:40,/history,BSE:BANKEX26SEP61600PE,D,2026-06-16,2026-09-24,1,1,1,200,no_data
2026-09-24 12:41:41,/history,BSE:BANKEX26SEP61600PE,60,2026-06-16,2026-09-24,1,1,1,200,ok
2026-09-24 12:41:41,/history,BSE:BANKEX26SEP61600CE,60,2026-06-16,2026-09-24,1,1,1,200,no_data
2026-09-24 12:41:41,/history,BSE:BANKEX26SEP61600PE,5S,2026-08-17,2026-09-16,1,1,1,200,no_data
2026-09-24 12:41:41,/history,BSE:BANKEX26SEP61700CE,5S,2026-06-16,2026-07-16,1,1,1,200,no_data
2026-09-24 12:41:41,/history,BSE:BANKEX26SEP61700PE,5S,2026-06-16,2026-07-16,1,1,1,200,no_data
2026-09-24 12:41:41,/history,BSE:BANKEX26SEP61700CE,5S,2026-07-17,2026-08-16,1,1,1,200,no_data
2026-09-24 12:41:41,/history,BSE:BANKEX26SEP61700CE,1,2026-06-16,2026-09-24,1,1,1,200,no_data
2026-09-24 12:41:41,/history,BSE:BANKEX26SEP61700PE,1,2026-06-16,2026-09-24,1,1,1,200,ok
2026-09-24 12:41:42,/history,BSE:BANKEX26SEP61700PE,5S,2026-07-17,2026-08-16,1,1,1,200,no_data
2026-09-24 12:41:42,/history,BSE:BANKEX26SEP61700CE,5S,2026-08-17,2026-09-16,1,1,1,200,no_data
2026-09-24 12:41:42,/history,BSE:BANKEX26SEP61700CE,5,2026-06-16,2026-09-24,1,1,1,200,no_data
2026-09-24 12:41:42,/history,BSE:BANKEX26SEP61600PE,5S,2026-09-17,2026-09-24,1,1,1,200,ok
2026-09-24 12:41:42,/history,BSE:BANKEX26SEP61700PE,5,2026-06-16,2026-09-24,1,1,1,200,ok
2026-09-24 12:41:42,/history,BSE:BANKEX26SEP61700CE,5S,2026-09-17,2026-09-24,1,1,1,200,no_data
2026-09-24 12:41:42,/history,BSE:BANKEX26SEP61700PE,60,2026-06-16,2026-09-24,1,1,1,200,ok
2026-09-24 12:41:42,/history,BSE:BANKEX26SEP61700CE,D,2026-06-16,2026-09-24,1,1,1,200,no_data
2026-09-24 12:41:42,/history,BSE:BANKEX26SEP61700PE,5S,2026-08-17,2026-09-16,1,1,1,200,no_data
2026-09-24 12:41:43,/history,BSE:BANKEX26SEP61700CE,60,2026-06-16,2026-09-24,1,1,1,200,no_data
2026-09-24 12:41:43,/history,BSE:BANKEX26SEP61800CE,5S,2026-06-16,2026-07-16,1,1,1,200,no_data
2026-09-24 12:41:43,/history,BSE:BANKEX26SEP61700PE,D,2026-06-16,2026-09-24,1,1,1,200,no_data
2026-09-24 12:41:43,/history,BSE:BANKEX26SEP61800PE,5S,2026-06-16,2026-07-16,1,1,1,200,no_data
2026-09-24 12:41:43,/history,BSE:BANKEX26SEP61800CE,1,2026-06-16,2026-09-24,1,1,1,200,no_data
2026-09-24 12:41:43,/history,BSE:BANKEX26SEP61800PE,5S,2026-07-17,2026-08-16,1,1,1,200,no_data
2026-09-24 12:41:43,/history,BSE:BANKEX26SEP61800CE,5,2026-06-16,2026-09-24,1,1,1,200,no_data
2026-09-24 12:41:43,/history,BSE:BANKEX26SEP61700PE,5S,2026-09-17,2026-09-24,1,1,1,200,ok
2026-09-24 12:41:43,/history,BSE:BANKEX26SEP61800CE,5S,2026-07-17,2026-08-16,1,1,1,200,no_data
2026-09-24 12:41:44,/history,BSE:BANKEX26SEP61800PE,5S,2026-08-17,2026-09-16,1,1,1,200,no_data
2026-09-24 12:41:44,/history,BSE:BANKEX26SEP61800PE,1,2026-06-16,2026-09-24,1,1,1,200,ok
2026-09-24 12:41:44,/history,BSE:BANKEX26SEP61800PE,5,2026-06-16,2026-09-24,1,1,1,200,ok
2026-09-24 12:41:44,/history,BSE:BANKEX26SEP61800CE,5S,2026-08-17,2026-09-16,1,1,1,200,no_data
2026-09-24 12:41:44,/history,BSE:BANKEX26SEP61800PE,5S,2026-09-17,2026-09-24,1,1,1,200,ok
2026-09-24 12:41:44,/history,BSE:BANKEX26SEP61800CE,5S,2026-09-17,2026-09-24,1,1,1,200,no_data
2026-09-24 12:41:44,/history,BSE:BANKEX26SEP61800CE,D,2026-06-16,2026-09-24,1,1,1,200,no_data
2026-09-24 12:41:44,/history,BSE:BANKEX26SEP61800CE,60,2026-06-16,2026-09-24,1,1,1,200,no_data
2026-09-24 12:41:45,/history,BSE:BANKEX26SEP61800PE,60,2026-06-16,2026-09-24,1,1,1,200,ok
2026-09-24 12:41:45,/history,BSE:BANKEX26SEP61900CE,5S,2026-06-16,2026-07-16,1,1,1,200,no_data
2026-09-24 12:41:45,/history,BSE:BANKEX26SEP61800PE,D,2026-06-16,2026-09-24,1,1,1,200,no_data
2026-09-24 12:41:45,/history,BSE:BANKEX26SEP61900PE,5S,2026-06-16,2026-07-16,1,1,1,200,no_data
2026-09-24 12:41:45,/history,BSE:BANKEX26SEP61900PE,1,2026-06-16,2026-09-24,1,1,1,200,ok
2026-09-24 12:41:45,/history,BSE:BANKEX26SEP61900CE,1,2026-06-16,2026-09-24,1,1,1,200,no_data
2026-09-24 12:41:45,/history,BSE:BANKEX26SEP61900CE,60,2026-06-16,2026-09-24,1,1,1,200,no_data
2026-09-24 12:41:45,/history,BSE:BANKEX26SEP61900PE,5S,2026-07-17,2026-08-16,1,1,1,200,no_data
2026-09-24 12:41:45,/history,BSE:BANKEX26SEP61900PE,5,2026-06-16,2026-09-24,1,1,1,200,ok
2026-09-24 12:41:45,/history,BSE:BANKEX26SEP61900PE,60,2026-06-16,2026-09-24,1,1,1,200,ok
2026-09-24 12:41:46,/history,BSE:BANKEX26SEP61900CE,5,2026-06-16,2026-09-24,1,1,1,200,no_data
2026-09-24 12:41:46,/history,BSE:BANKEX26SEP61900PE,5S,2026-08-17,2026-09-16,1,1,1,200,no_data
2026-09-24 12:41:46,/history,BSE:BANKEX26SEP61900CE,5S,2026-07-17,2026-08-16,1,1,1,200,no_data
2026-09-24 12:41:46,/history,BSE:BANKEX26SEP61900CE,D,2026-06-16,2026-09-24,1,1,1,200,no_data
2026-09-24 12:41:46,/history,BSE:BANKEX26SEP62000CE,5S,2026-06-16,2026-07-16,1,1,1,200,no_data
2026-09-24 12:41:46,/history,BSE:BANKEX26SEP61900PE,D,2026-06-16,2026-09-24,1,1,1,200,no_data
2026-09-24 12:41:46,/history,BSE:BANKEX26SEP62000PE,5S,2026-06-16,2026-07-16,1,1,1,200,no_data
2026-09-24 12:41:46,/history,BSE:BANKEX26SEP62000CE,5S,2026-07-17,2026-08-16,1,1,1,200,no_data
2026-09-24 12:41:47,/history,BSE:BANKEX26SEP61900PE,5S,2026-09-17,2026-09-24,1,1,1,200,ok
2026-09-24 12:41:47,/history,BSE:BANKEX26SEP62000PE,5S,2026-07-17,2026-08-16,1,1,1,200,no_data
2026-09-24 12:41:47,/history,BSE:BANKEX26SEP61900CE,5S,2026-08-17,2026-09-16,1,1,1,200,no_data
2026-09-24 12:41:47,/history,BSE:BANKEX26SEP62000CE,5S,2026-08-17,2026-09-16,1,1,1,200,no_data
2026-09-24 12:41:47,/history,BSE:BANKEX26SEP62000CE,1,2026-06-16,2026-09-24,1,1,1,200,ok
2026-09-24 12:41:47,/history,BSE:BANKEX26SEP62000PE,1,2026-06-16,2026-09-24,1,1,1,200,ok
2026-09-24 12:41:47,/history,BSE:BANKEX26SEP62000CE,5S,2026-09-17,2026-09-24,1,1,1,200,ok
2026-09-24 12:41:47,/history,BSE:BANKEX26SEP62000PE,5,2026-06-16,2026-09-24,1,1,1,200,ok
2026-09-24 12:41:48,/history,BSE:BANKEX26SEP62000CE,60,2026-06-16,2026-09-24,1,1,1,200,ok
2026-09-24 12:41:48,/history,BSE:BANKEX26SEP62000CE,5,2026-06-16,2026-09-24,1,1,1,200,ok
2026-09-24 12:41:48,/history,BSE:BANKEX26SEP61900CE,5S,2026-09-17,2026-09-24,1,1,1,200,no_data
2026-09-24 12:41:48,/history,BSE:BANKEX26SEP62000PE,60,2026-06-16,2026-09-24,1,1,1,200,ok
2026-09-24 12:41:48,/history,BSE:BANKEX26SEP62000PE,5S,2026-08-17,2026-09-16,1,1,1,200,ok
2026-09-24 12:41:48,/history,BSE:BANKEX26SEP62000PE,D,2026-06-16,2026-09-24,1,1,1,200,ok
2026-09-24 12:41:48,/history,BSE:BANKEX26SEP62100CE,5S,2026-06-16,2026-07-16,1,1,1,200,no_data
2026-09-24 12:41:48,/history,BSE:BANKEX26SEP62000CE,D,2026-06-16,2026-09-24,1,1,1,200,no_data
2026-09-24 12:41:48,/history,BSE:BANKEX26SEP62100CE,1,2026-06-16,2026-09-24,1,1,1,200,ok
2026-09-24 12:41:48,/history,BSE:BANKEX26SEP62100CE,5S,2026-07-17,2026-08-16,1,1,1,200,no_data
2026-09-24 12:41:49,/history,BSE:BANKEX26SEP62100PE,5S,2026-06-16,2026-07-16,1,1,1,200,no_data
2026-09-24 12:41:49,/history,BSE:BANKEX26SEP62100CE,5,2026-06-16,2026-09-24,1,1,1,200,ok
2026-09-24 12:41:49,/history,BSE:BANKEX26SEP62100PE,1,2026-06-16,2026-09-24,1,1,1,200,ok
2026-09-24 12:41:49,/history,BSE:BANKEX26SEP62100PE,5S,2026-07-17,2026-08-16,1,1,1,200,no_data
2026-09-24 12:41:49,/history,BSE:BANKEX26SEP62100CE,5S,2026-08-17,2026-09-16,1,1,1,200,no_data
2026-09-24 12:41:49,/history,BSE:BANKEX26SEP62100PE,5,2026-06-16,2026-09-24,1,1,1,200,ok
2026-09-24 12:41:49,/history,BSE:BANKEX26SEP62000PE,5S,2026-09-17,2026-09-24,1,1,1,200,ok
2026-09-24 12:41:50,/history,BSE:BANKEX26SEP62100CE,60,2026-06-16,2026-09-24,1,1,1,200,ok
2026-09-24 12:41:50,/history,BSE:BANKEX26SEP62100CE,5S,2026-09-17,2026-09-24,1,1,1,200,ok
2026-09-24 12:41:50,/history,BSE:BANKEX26SEP62100PE,5S,2026-08-17,2026-09-16,1,1,1,200,no_data
2026-09-24 12:41:50,/history,BSE:BANKEX26SEP62100PE,60,2026-06-16,2026-09-24,1,1,1,200,ok
2026-09-24 12:41:50,/history,BSE:BANKEX26SEP62100CE,D,2026-06-16,2026-09-24,1,1,1,200,ok
2026-09-24 12:41:50,/history,BSE:BANKEX26SEP62100PE,D,2026-06-16,2026-09-24,1,1,1,200,no_data
2026-09-24 12:41:50,/history,BSE:BANKEX26SEP62200CE,5S,2026-06-16,2026-07-16,1,1,1,200,no_data
2026-09-24 12:41:50,/history,BSE:BANKEX26SEP62100PE,5S,2026-09-17,2026-09-24,1,1,1,200,ok
2026-09-24 12:41:50,/history,BSE:BANKEX26SEP62200CE,1,2026-06-16,2026-09-24,1,1,1,200,ok
2026-09-24 12:41:50,/history,BSE:BANKEX26SEP62200PE,1,2026-06-16,2026-09-24,1,1,1,200,ok
2026-09-24 12:41:51,/history,BSE:BANKEX26SEP62200PE,5S,2026-06-16,2026-07-16,1,1,1,200,no_data
2026-09-24 12:41:51,/history,BSE:BANKEX26SEP62200CE,5S,2026-07-17,2026-08-16,1,1,1,200,no_data
2026-09-24 12:41:51,/history,BSE:BANKEX26SEP62200CE,60,2026-06-16,2026-09-24,1,1,1,200,ok
2026-09-24 12:41:51,/history,BSE:BANKEX26SEP62200PE,5,2026-06-16,2026-09-24,1,1,1,200,ok
2026-09-24 12:41:51,/history,BSE:BANKEX26SEP62200CE,5,2026-06-16,2026-09-24,1,1,1,200,ok
2026-09-24 12:41:51,/history,BSE:BANKEX26SEP62200PE,5S,2026-07-17,2026-08-16,1,1,1,200,no_data
2026-09-24 12:41:51,/history,BSE:BANKEX26SEP62200PE,60,2026-06-16,2026-09-24,1,1,1,200,ok
2026-09-24 12:41:51,/history,BSE:BANKEX26SEP62200CE,5S,2026-08-17,2026-09-16,1,1,1,200,no_data
2026-09-24 12:41:51,/history,BSE:BANKEX26SEP62200PE,D,2026-06-16,2026-09-24,1,1,1,200,no_data
2026-09-24 12:41:52,/history,BSE:BANKEX26SEP62300CE,5S,2026-06-16,2026-07-16,1,1,1,200,no_data
2026-09-24 12:41:52,/history,BSE:BANKEX26SEP62200CE,D,2026-06-16,2026-09-24,1,1,1,200,ok
2026-09-24 12:41:52,/history,BSE:BANKEX26SEP62300PE,5S,2026-06-16,2026-07-16,1,1,1,200,no_data
2026-09-24 12:41:52,/history,BSE:BANKEX26SEP62200PE,5S,2026-08-17,2026-09-16,1,1,1,200,no_data
2026-09-24 12:41:52,/history,BSE:BANKEX26SEP62200CE,5S,2026-09-17,2026-09-24,1,1,1,200,ok
2026-09-24 12:41:52,/history,BSE:BANKEX26SEP62300CE,5S,2026-07-17,2026-08-16,1,1,1,200,no_data
2026-09-24 12:41:52,/history,BSE:BANKEX26SEP62300PE,5S,2026-07-17,2026-08-16,1,1,1,200,no_data
2026-09-24 12:41:52,/history,BSE:BANKEX26SEP62300CE,1,2026-06-16,2026-09-24,1,1,1,200,ok
2026-09-24 12:41:53,/history,BSE:BANKEX26SEP62200PE,5S,2026-09-17,2026-09-24,1,1,1,200,ok
2026-09-24 12:41:54,/history,BSE:BANKEX26SEP62300PE,1,2026-06-16,2026-09-24,1,1,1,200,ok
2026-09-24 12:41:54,/history,BSE:BANKEX26SEP62300CE,5,2026-06-16,2026-09-24,1,1,1,200,ok
2026-09-24 12:41:54,/history,BSE:BANKEX26SEP62300CE,5S,2026-08-17,2026-09-16,1,1,1,200,no_data
2026-09-24 12:41:54,/history,BSE:BANKEX26SEP62300PE,5S,2026-08-17,2026-09-16,1,1,1,200,no_data
2026-09-24 12:41:54,/history,BSE:BANKEX26SEP62300CE,60,2026-06-16,2026-09-24,1,1,1,200,ok
2026-09-24 12:41:54,/history,BSE:BANKEX26SEP62300PE,60,2026-06-16,2026-09-24,1,1,1,200,ok
2026-09-24 12:41:54,/history,BSE:BANKEX26SEP62300PE,5,2026-06-16,2026-09-24,1,1,1,200,ok
2026-09-24 12:41:54,/history,BSE:BANKEX26SEP62300CE,5S,2026-09-17,2026-09-24,1,1,1,200,ok
2026-09-24 12:41:54,/history,BSE:BANKEX26SEP62300PE,5S,2026-09-17,2026-09-24,1,1,1,200,ok
2026-09-24 12:41:55,/history,BSE:BANKEX26SEP62400CE,1,2026-06-16,2026-09-24,1,1,1,200,ok
2026-09-24 12:41:55,/history,BSE:BANKEX26SEP62400CE,5S,2026-06-16,2026-07-16,1,1,1,200,no_data
2026-09-24 12:41:55,/history,BSE:BANKEX26SEP62400PE,5S,2026-06-16,2026-07-16,1,1,1,200,no_data
2026-09-24 12:41:55,/history,BSE:BANKEX26SEP62300CE,D,2026-06-16,2026-09-24,1,1,1,200,ok
2026-09-24 12:41:55,/history,BSE:BANKEX26SEP62300PE,D,2026-06-16,2026-09-24,1,1,1,200,no_data
2026-09-24 12:41:55,/history,BSE:BANKEX26SEP62400CE,5S,2026-07-17,2026-08-16,1,1,1,200,no_data
2026-09-24 12:41:55,/history,BSE:BANKEX26SEP62400PE,5S,2026-07-17,2026-08-16,1,1,1,200,no_data
2026-09-24 12:41:55,/history,BSE:BANKEX26SEP62400PE,1,2026-06-16,2026-09-24,1,1,1,200,ok
2026-09-24 12:41:55,/history,BSE:BANKEX26SEP62400CE,5,2026-06-16,2026-09-24,1,1,1,200,ok
2026-09-24 12:41:56,/history,BSE:BANKEX26SEP62400CE,60,2026-06-16,2026-09-24,1,1,1,200,ok
2026-09-24 12:41:56,/history,BSE:BANKEX26SEP62400CE,5S,2026-08-17,2026-09-16,1,1,1,200,no_data
2026-09-24 12:41:56,/history,BSE:BANKEX26SEP62400PE,5,2026-06-16,2026-09-24,1,1,1,200,ok
2026-09-24 12:41:56,/history,BSE:BANKEX26SEP62400PE,60,2026-06-16,2026-09-24,1,1,1,200,ok
2026-09-24 12:41:56,/history,BSE:BANKEX26SEP62400PE,5S,2026-08-17,2026-09-16,1,1,1,200,no_data
2026-09-24 12:41:56,/history,BSE:BANKEX26SEP62400CE,D,2026-06-16,2026-09-24,1,1,1,200,ok
2026-09-24 12:41:56,/history,BSE:BANKEX26SEP62400PE,D,2026-06-16,2026-09-24,1,1,1,200,no_data
2026-09-24 12:41:56,/history,BSE:BANKEX26SEP62500CE,5S,2026-06-16,2026-07-16,1,1,1,200,no_data
2026-09-24 12:41:56,/history,BSE:BANKEX26SEP62400CE,5S,2026-09-17,2026-09-24,1,1,1,200,ok
2026-09-24 12:41:57,/history,BSE:BANKEX26SEP62500PE,1,2026-06-16,2026-09-24,1,1,1,200,ok
2026-09-24 12:41:57,/history,BSE:BANKEX26SEP62500PE,5S,2026-06-16,2026-07-16,1,1,1,200,no_data
2026-09-24 12:41:57,/history,BSE:BANKEX26SEP62400PE,5S,2026-09-17,2026-09-24,1,1,1,200,ok
2026-09-24 12:41:57,/history,BSE:BANKEX26SEP62500CE,1,2026-06-16,2026-09-24,1,1,1,200,ok
2026-09-24 12:41:57,/history,BSE:BANKEX26SEP62500CE,5S,2026-07-17,2026-08-16,1,1,1,200,no_data
2026-09-24 12:41:57,/history,BSE:BANKEX26SEP62500PE,5S,2026-07-17,2026-08-16,1,1,1,200,no_data
2026-09-24 12:41:57,/history,BSE:BANKEX26SEP62500CE,60,2026-06-16,2026-09-24,1,1,1,200,ok
2026-09-24 12:41:57,/history,BSE:BANKEX26SEP62500CE,5,2026-06-16,2026-09-24,1,1,1,200,ok
2026-09-24 12:41:57,/history,BSE:BANKEX26SEP62500PE,5,2026-06-16,2026-09-24,1,1,1,200,ok
2026-09-24 12:41:58,/history,BSE:BANKEX26SEP62500CE,D,2026-06-16,2026-09-24,1,1,1,200,ok
2026-09-24 12:41:58,/history,BSE:BANKEX26SEP62500CE,5S,2026-08-17,2026-09-16,1,1,1,200,no_data
2026-09-24 12:41:58,/history,BSE:BANKEX26SEP62500PE,D,2026-06-16,2026-09-24,1,1,1,200,ok
2026-09-24 12:41:58,/history,BSE:BANKEX26SEP62500PE,5S,2026-08-17,2026-09-16,1,1,1,200,ok
2026-09-24 12:41:58,/history,BSE:BANKEX26SEP62500PE,60,2026-06-16,2026-09-24,1,1,1,200,ok
2026-09-24 12:41:58,/history,BSE:BANKEX26SEP62600PE,5S,2026-06-16,2026-07-16,1,1,1,200,no_data
2026-09-24 12:41:58,/history,BSE:BANKEX26SEP62600CE,5S,2026-06-16,2026-07-16,1,1,1,200,no_data
2026-09-24 12:41:58,/history,BSE:BANKEX26SEP62500CE,5S,2026-09-17,2026-09-24,1,1,1,200,ok
2026-09-24 12:41:59,/history,BSE:BANKEX26SEP62600CE,5S,2026-07-17,2026-08-16,1,1,1,200,no_data
2026-09-24 12:41:59,/history,BSE:BANKEX26SEP62600PE,5S,2026-07-17,2026-08-16,1,1,1,200,no_data
2026-09-24 12:41:59,/history,BSE:BANKEX26SEP62500PE,5S,2026-09-17,2026-09-24,1,1,1,200,ok
2026-09-24 12:41:59,/history,BSE:BANKEX26SEP62600CE,1,2026-06-16,2026-09-24,1,1,1,200,ok
2026-09-24 12:41:59,/history,BSE:BANKEX26SEP62600PE,1,2026-06-16,2026-09-24,1,1,1,200,ok
2026-09-24 12:41:59,/history,BSE:BANKEX26SEP62600PE,5S,2026-08-17,2026-09-16,1,1,1,200,no_data
2026-09-24 12:41:59,/history,BSE:BANKEX26SEP62600CE,5S,2026-08-17,2026-09-16,1,1,1,200,no_data
2026-09-24 12:41:59,/history,BSE:BANKEX26SEP62600CE,5,2026-06-16,2026-09-24,1,1,1,200,ok
2026-09-24 12:41:59,/history,BSE:BANKEX26SEP62600PE,5,2026-06-16,2026-09-24,1,1,1,200,ok
2026-09-24 12:41:59,/history,BSE:BANKEX26SEP62600CE,60,2026-06-16,2026-09-24,1,1,1,200,ok
2026-09-24 12:42:00,/history,BSE:BANKEX26SEP62600PE,60,2026-06-16,2026-09-24,1,1,1,200,ok
2026-09-24 12:42:00,/history,BSE:BANKEX26SEP62600CE,D,2026-06-16,2026-09-24,1,1,1,200,no_data
2026-09-24 12:42:00,/history,BSE:BANKEX26SEP62600PE,D,2026-06-16,2026-09-24,1,1,1,200,ok
2026-09-24 12:42:00,/history,BSE:BANKEX26SEP62600PE,5S,2026-09-17,2026-09-24,1,1,1,200,ok
2026-09-24 12:42:23,/history,BSE:BANKEX26SEP62700CE,5S,2026-06-16,2026-07-16,1,1,1,200,no_data
2026-09-24 12:42:23,/history,BSE:BANKEX26SEP62600CE,5S,2026-09-17,2026-09-24,1,1,1,200,ok
2026-09-24 12:42:25,/history,BSE:BANKEX26SEP62700CE,1,2026-06-16,2026-09-24,1,1,1,200,ok
2026-09-24 12:42:27,/history,BSE:BANKEX26SEP62700CE,5S,2026-07-17,2026-08-16,1,1,1,200,no_data
2026-09-24 12:42:30,/history,BSE:BANKEX26SEP62700PE,1,2026-06-16,2026-09-24,1,1,1,200,ok
2026-09-24 12:42:31,/history,BSE:BANKEX26SEP62700CE,5,2026-06-16,2026-09-24,1,1,1,200,ok
2026-09-24 12:42:31,/history,BSE:BANKEX26SEP62700CE,5S,2026-08-17,2026-09-16,1,1,1,200,no_data
2026-09-24 12:42:32,/history,BSE:BANKEX26SEP62700PE,5,2026-06-16,2026-09-24,1,1,1,200,ok
2026-09-24 12:42:32,/history,BSE:BANKEX26SEP62700CE,60,2026-06-16,2026-09-24,1,1,1,200,ok
2026-09-24 12:42:33,/history,BSE:BANKEX26SEP62700PE,60,2026-06-16,2026-09-24,1,1,1,200,ok
2026-09-24 12:42:34,/history,BSE:BANKEX26SEP62700CE,5S,2026-09-17,2026-09-24,1,1,1,200,ok
2026-09-24 12:42:35,/history,BSE:BANKEX26SEP62700CE,D,2026-06-16,2026-09-24,1,1,1,200,no_data
2026-09-24 12:42:37,/history,BSE:BANKEX26SEP62700PE,D,2026-06-16,2026-09-24,1,1,1,200,ok
2026-09-24 12:42:38,/history,BSE:BANKEX26SEP62800CE,5S,2026-06-16,2026-07-16,1,1,1,200,no_data
2026-09-24 12:42:38,/history,BSE:BANKEX26SEP62700PE,5S,2026-06-16,2026-07-16,1,1,1,200,no_data
2026-09-24 12:42:38,/history,BSE:BANKEX26SEP62800CE,1,2026-06-16,2026-09-24,1,1,1,200,ok
2026-09-24 12:42:38,/history,BSE:BANKEX26SEP62800PE,1,2026-06-16,2026-09-24,1,1,1,200,ok
2026-09-24 12:42:39,/history,BSE:BANKEX26SEP62800CE,5,2026-06-16,2026-09-24,1,1,1,200,ok
2026-09-24 12:42:39,/history,BSE:BANKEX26SEP62800CE,60,2026-06-16,2026-09-24,1,1,1,200,ok
2026-09-24 12:42:39,/history,BSE:BANKEX26SEP62800PE,60,2026-06-16,2026-09-24,1,1,1,200,ok
2026-09-24 12:42:40,/history,BSE:BANKEX26SEP62800CE,5S,2026-07-17,2026-08-16,1,1,1,200,no_data
2026-09-24 12:42:40,/history,BSE:BANKEX26SEP62700PE,5S,2026-07-17,2026-08-16,1,1,1,200,no_data
2026-09-24 12:42:40,/history,BSE:BANKEX26SEP62800PE,5S,2026-06-16,2026-07-16,1,1,1,200,no_data
2026-09-24 12:42:40,/history,BSE:BANKEX26SEP62800CE,D,2026-06-16,2026-09-24,1,1,1,200,no_data
2026-09-24 12:42:40,/history,BSE:BANKEX26SEP62800PE,5,2026-06-16,2026-09-24,1,1,1,200,ok
2026-09-24 12:42:40,/history,BSE:BANKEX26SEP62800CE,5S,2026-08-17,2026-09-16,1,1,1,200,no_data
2026-09-24 12:42:40,/history,BSE:BANKEX26SEP62700PE,5S,2026-08-17,2026-09-16,1,1,1,200,no_data
2026-09-24 12:42:40,/history,BSE:BANKEX26SEP62800CE,5S,2026-09-17,2026-09-24,1,1,1,200,ok
2026-09-24 12:42:40,/history,BSE:BANKEX26SEP62900CE,5S,2026-06-16,2026-07-16,1,1,1,200,no_data
2026-09-24 12:42:41,/history,BSE:BANKEX26SEP62800PE,5S,2026-07-17,2026-08-16,1,1,1,200,no_data
2026-09-24 12:42:41,/history,BSE:BANKEX26SEP62800PE,D,2026-06-16,2026-09-24,1,1,1,200,ok
2026-09-24 12:42:41,/history,BSE:BANKEX26SEP62900PE,5S,2026-06-16,2026-07-16,1,1,1,200,no_data
2026-09-24 12:42:41,/history,BSE:BANKEX26SEP62900CE,5S,2026-07-17,2026-08-16,1,1,1,200,no_data
2026-09-24 12:42:41,/history,BSE:BANKEX26SEP62800PE,5S,2026-08-17,2026-09-16,1,1,1,200,no_data
2026-09-24 12:42:41,/history,BSE:BANKEX26SEP62900CE,1,2026-06-16,2026-09-24,1,1,1,200,ok
2026-09-24 12:42:41,/history,BSE:BANKEX26SEP62700PE,5S,2026-09-17,2026-09-24,1,1,1,200,ok
2026-09-24 12:42:41,/history,BSE:BANKEX26SEP62900PE,5S,2026-07-17,2026-08-16,1,1,1,200,no_data
2026-09-24 12:42:42,/history,BSE:BANKEX26SEP62900CE,5S,2026-08-17,2026-09-16,1,1,1,200,ok
2026-09-24 12:42:42,/history,BSE:BANKEX26SEP62900CE,5,2026-06-16,2026-09-24,1,1,1,200,ok
2026-09-24 12:42:42,/history,BSE:BANKEX26SEP62900PE,1,2026-06-16,2026-09-24,1,1,1,200,ok
2026-09-24 12:42:42,/history,BSE:BANKEX26SEP62900PE,5S,2026-08-17,2026-09-16,1,1,1,200,ok
2026-09-24 12:42:42,/history,BSE:BANKEX26SEP62800PE,5S,2026-09-17,2026-09-24,1,1,1,200,ok
2026-09-24 12:42:42,/history,BSE:BANKEX26SEP62900CE,60,2026-06-16,2026-09-24,1,1,1,200,ok
2026-09-24 12:42:42,/history,BSE:BANKEX26SEP62900CE,5S,2026-09-17,2026-09-24,1,1,1,200,ok
2026-09-24 12:42:42,/history,BSE:BANKEX26SEP62900PE,5S,2026-09-17,2026-09-24,1,1,1,200,ok
2026-09-24 12:42:42,/history,BSE:BANKEX26SEP62900PE,5,2026-06-16,2026-09-24,1,1,1,200,ok
2026-09-24 12:42:43,/history,BSE:BANKEX26SEP62900PE,60,2026-06-16,2026-09-24,1,1,1,200,ok
2026-09-24 12:42:43,/history,BSE:BANKEX26SEP62900CE,D,2026-06-16,2026-09-24,1,1,1,200,ok
2026-09-24 12:42:43,/history,BSE:BANKEX26SEP62900PE,D,2026-06-16,2026-09-24,1,1,1,200,ok
2026-09-24 12:42:43,/history,BSE:BANKEX26SEP63000CE,5S,2026-06-16,2026-07-16,1,1,1,200,no_data
2026-09-24 12:42:43,/history,BSE:BANKEX26SEP63000PE,5S,2026-06-16,2026-07-16,1,1,1,200,no_data
2026-09-24 12:42:43,/history,BSE:BANKEX26SEP63000CE,1,2026-06-16,2026-09-24,1,1,1,200,ok
2026-09-24 12:42:43,/history,BSE:BANKEX26SEP63000CE,5,2026-06-16,2026-09-24,1,1,1,200,ok
2026-09-24 12:42:43,/history,BSE:BANKEX26SEP63000PE,1,2026-06-16,2026-09-24,1,1,1,200,ok
2026-09-24 12:42:43,/history,BSE:BANKEX26SEP63000PE,5,2026-06-16,2026-09-24,1,1,1,200,ok
2026-09-24 12:42:44,/history,BSE:BANKEX26SEP63000CE,60,2026-06-16,2026-09-24,1,1,1,200,ok
2026-09-24 12:42:44,/history,BSE:BANKEX26SEP63000CE,D,2026-06-16,2026-09-24,1,1,1,200,ok
2026-09-24 12:42:44,/history,BSE:BANKEX26SEP63000PE,60,2026-06-16,2026-09-24,1,1,1,200,ok
2026-09-24 12:42:44,/history,BSE:BANKEX26SEP63000CE,5S,2026-07-17,2026-08-16,1,1,1,200,no_data
2026-09-24 12:42:44,/history,BSE:BANKEX26SEP63000PE,5S,2026-07-17,2026-08-16,1,1,1,200,no_data
2026-09-24 12:42:44,/history,BSE:BANKEX26SEP63000PE,D,2026-06-16,2026-09-24,1,1,1,200,ok
2026-09-24 12:42:44,/history,BSE:BANKEX26SEP63100CE,5S,2026-06-16,2026-07-16,1,1,1,200,no_data
2026-09-24 12:42:44,/history,BSE:BANKEX26SEP63000CE,5S,2026-08-17,2026-09-16,1,1,1,200,ok
2026-09-24 12:42:44,/history,BSE:BANKEX26SEP63100CE,5S,2026-07-17,2026-08-16,1,1,1,200,no_data
2026-09-24 12:42:45,/history,BSE:BANKEX26SEP63100PE,5S,2026-06-16,2026-07-16,1,1,1,200,no_data
2026-09-24 12:42:45,/history,BSE:BANKEX26SEP63100CE,1,2026-06-16,2026-09-24,1,1,1,200,ok
2026-09-24 12:42:45,/history,BSE:BANKEX26SEP63100PE,5S,2026-07-17,2026-08-16,1,1,1,200,no_data
2026-09-24 12:42:45,/history,BSE:BANKEX26SEP63100CE,5S,2026-08-17,2026-09-16,1,1,1,200,ok
2026-09-24 12:42:45,/history,BSE:BANKEX26SEP63100PE,5S,2026-08-17,2026-09-16,1,1,1,200,no_data
2026-09-24 12:42:46,/history,BSE:BANKEX26SEP63000CE,5S,2026-09-17,2026-09-24,1,1,1,200,ok
2026-09-24 12:42:46,/history,BSE:BANKEX26SEP63100PE,1,2026-06-16,2026-09-24,1,1,1,200,ok
2026-09-24 12:42:46,/history,BSE:BANKEX26SEP63100CE,5S,2026-09-17,2026-09-24,1,1,1,200,ok
2026-09-24 12:42:47,/history,BSE:BANKEX26SEP63100CE,5,2026-06-16,2026-09-24,1,1,1,200,ok
2026-09-24 12:42:47,/history,BSE:BANKEX26SEP63100PE,5S,2026-09-17,2026-09-24,1,1,1,200,ok
2026-09-24 12:42:47,/history,BSE:BANKEX26SEP63100PE,5,2026-06-16,2026-09-24,1,1,1,200,ok
2026-09-24 12:42:47,/history,BSE:BANKEX26SEP63000PE,5S,2026-08-17,2026-09-16,1,1,1,200,ok
2026-09-24 12:42:48,/history,BSE:BANKEX26SEP63100PE,60,2026-06-16,2026-09-24,1,1,1,200,ok
2026-09-24 12:42:48,/history,BSE:BANKEX26SEP63100CE,60,2026-06-16,2026-09-24,1,1,1,200,ok
2026-09-24 12:42:48,/history,BSE:BANKEX26SEP63100CE,D,2026-06-16,2026-09-24,1,1,1,200,ok
2026-09-24 12:42:48,/history,BSE:BANKEX26SEP63100PE,D,2026-06-16,2026-09-24,1,1,1,200,ok
2026-09-24 12:42:48,/history,BSE:BANKEX26SEP63200CE,5S,2026-06-16,2026-07-16,1,1,1,200,no_data
2026-09-24 12:42:48,/history,BSE:BANKEX26SEP63200PE,5S,2026-06-16,2026-07-16,1,1,1,200,no_data
2026-09-24 12:42:48,/history,BSE:BANKEX26SEP63200CE,1,2026-06-16,2026-09-24,1,1,1,200,ok
2026-09-24 12:42:48,/history,BSE:BANKEX26SEP63200CE,5S,2026-07-17,2026-08-16,1,1,1,200,no_data
2026-09-24 12:42:48,/history,BSE:BANKEX26SEP63000PE,5S,2026-09-17,2026-09-24,1,1,1,200,ok
2026-09-24 12:42:49,/history,BSE:BANKEX26SEP63200PE,5S,2026-07-17,2026-08-16,1,1,1,200,no_data
2026-09-24 12:42:49,/history,BSE:BANKEX26SEP63200CE,5,2026-06-16,2026-09-24,1,1,1,200,ok
2026-09-24 12:42:49,/history,BSE:BANKEX26SEP63200PE,1,2026-06-16,2026-09-24,1,1,1,200,ok
2026-09-24 12:42:49,/history,BSE:BANKEX26SEP63200CE,5S,2026-08-17,2026-09-16,1,1,1,200,ok
2026-09-24 12:42:49,/history,BSE:BANKEX26SEP63200PE,5S,2026-08-17,2026-09-16,1,1,1,200,ok
2026-09-24 12:42:49,/history,BSE:BANKEX26SEP63200PE,5,2026-06-16,2026-09-24,1,1,1,200,ok
2026-09-24 12:42:49,/history,BSE:BANKEX26SEP63200CE,60,2026-06-16,2026-09-24,1,1,1,200,ok
2026-09-24 12:42:50,/history,BSE:BANKEX26SEP63200CE,5S,2026-09-17,2026-09-24,1,1,1,200,ok
2026-09-24 12:42:50,/history,BSE:BANKEX26SEP63200CE,D,2026-06-16,2026-09-24,1,1,1,200,ok
2026-09-24 12:42:50,/history,BSE:BANKEX26SEP63200PE,60,2026-06-16,2026-09-24,1,1,1,200,ok
2026-09-24 12:42:50,/history,BSE:BANKEX26SEP63200PE,5S,2026-09-17,2026-09-24,1,1,1,200,ok
2026-09-24 12:42:50,/history,BSE:BANKEX26SEP63200PE,D,2026-06-16,2026-09-24,1,1,1,200,ok
2026-09-24 12:42:50,/history,BSE:BANKEX26SEP63300CE,5S,2026-06-16,2026-07-16,1,1,1,200,no_data
2026-09-24 12:42:50,/history,BSE:BANKEX26SEP63300PE,5S,2026-06-16,2026-07-16,1,1,1,200,no_data
2026-09-24 12:42:50,/history,BSE:BANKEX26SEP63300CE,1,2026-06-16,2026-09-24,1,1,1,200,ok
2026-09-24 12:42:50,/history,BSE:BANKEX26SEP63300CE,5S,2026-07-17,2026-08-16,1,1,1,200,no_data
2026-09-24 12:42:50,/history,BSE:BANKEX26SEP63300PE,1,2026-06-16,2026-09-24,1,1,1,200,ok
2026-09-24 12:42:51,/history,BSE:BANKEX26SEP63300CE,5,2026-06-16,2026-09-24,1,1,1,200,ok
2026-09-24 12:42:51,/history,BSE:BANKEX26SEP63300PE,5S,2026-07-17,2026-08-16,1,1,1,200,no_data
2026-09-24 12:42:51,/history,BSE:BANKEX26SEP63300PE,5,2026-06-16,2026-09-24,1,1,1,200,ok
2026-09-24 12:42:51,/history,BSE:BANKEX26SEP63300CE,D,2026-06-16,2026-09-24,1,1,1,200,ok
2026-09-24 12:42:51,/history,BSE:BANKEX26SEP63300PE,5S,2026-08-17,2026-09-16,1,1,1,200,no_data
2026-09-24 12:42:51,/history,BSE:BANKEX26SEP63300CE,5S,2026-08-17,2026-09-16,1,1,1,200,ok
2026-09-24 12:42:51,/history,BSE:BANKEX26SEP63300PE,D,2026-06-16,2026-09-24,1,1,1,200,ok
2026-09-24 12:42:52,/history,BSE:BANKEX26SEP63300PE,60,2026-06-16,2026-09-24,1,1,1,200,ok
2026-09-24 12:42:52,/history,BSE:BANKEX26SEP63300CE,60,2026-06-16,2026-09-24,1,1,1,200,ok
2026-09-24 12:42:52,/history,BSE:BANKEX26SEP63400CE,5S,2026-06-16,2026-07-16,1,1,1,200,no_data
2026-09-24 12:42:52,/history,BSE:BANKEX26SEP63300PE,5S,2026-09-17,2026-09-24,1,1,1,200,ok
2026-09-24 12:42:52,/history,BSE:BANKEX26SEP63300CE,5S,2026-09-17,2026-09-24,1,1,1,200,ok
2026-09-24 12:42:52,/history,BSE:BANKEX26SEP63400CE,5S,2026-07-17,2026-08-16,1,1,1,200,no_data
2026-09-24 12:42:52,/history,BSE:BANKEX26SEP63400CE,1,2026-06-16,2026-09-24,1,1,1,200,ok
2026-09-24 12:42:52,/history,BSE:BANKEX26SEP63400PE,5S,2026-06-16,2026-07-16,1,1,1,200,no_data
2026-09-24 12:42:53,/history,BSE:BANKEX26SEP63400PE,1,2026-06-16,2026-09-24,1,1,1,200,ok
2026-09-24 12:42:53,/history,BSE:BANKEX26SEP63400CE,5,2026-06-16,2026-09-24,1,1,1,200,ok
2026-09-24 12:42:53,/history,BSE:BANKEX26SEP63400PE,5S,2026-07-17,2026-08-16,1,1,1,200,no_data
2026-09-24 12:42:53,/history,BSE:BANKEX26SEP63400PE,5,2026-06-16,2026-09-24,1,1,1,200,ok
2026-09-24 12:42:53,/history,BSE:BANKEX26SEP63400CE,5S,2026-08-17,2026-09-16,1,1,1,200,ok
2026-09-24 12:42:53,/history,BSE:BANKEX26SEP63400CE,60,2026-06-16,2026-09-24,1,1,1,200,ok
2026-09-24 12:42:53,/history,BSE:BANKEX26SEP63400PE,60,2026-06-16,2026-09-24,1,1,1,200,ok
2026-09-24 12:42:53,/history,BSE:BANKEX26SEP63400PE,5S,2026-08-17,2026-09-16,1,1,1,200,ok
2026-09-24 12:42:53,/history,BSE:BANKEX26SEP63400CE,D,2026-06-16,2026-09-24,1,1,1,200,ok
2026-09-24 12:42:54,/history,BSE:BANKEX26SEP63400PE,D,2026-06-16,2026-09-24,1,1,1,200,ok
2026-09-24 12:42:54,/history,BSE:BANKEX26SEP63500CE,5S,2026-06-16,2026-07-16,1,1,1,200,no_data
2026-09-24 12:42:54,/history,BSE:BANKEX26SEP63500PE,5S,2026-06-16,2026-07-16,1,1,1,200,no_data
2026-09-24 12:42:54,/history,BSE:BANKEX26SEP63500CE,1,2026-06-16,2026-09-24,1,1,1,200,ok
2026-09-24 12:42:54,/history,BSE:BANKEX26SEP63500PE,5S,2026-07-17,2026-08-16,1,1,1,200,no_data
2026-09-24 12:42:54,/history,BSE:BANKEX26SEP63500CE,5S,2026-07-17,2026-08-16,1,1,1,200,no_data
2026-09-24 12:42:54,/history,BSE:BANKEX26SEP63400PE,5S,2026-09-17,2026-09-24,1,1,1,200,ok
2026-09-24 12:42:55,/history,BSE:BANKEX26SEP63400CE,5S,2026-09-17,2026-09-24,1,1,1,200,ok
2026-09-24 12:42:55,/history,BSE:BANKEX26SEP63500PE,1,2026-06-16,2026-09-24,1,1,1,200,ok
2026-09-24 12:42:55,/history,BSE:BANKEX26SEP63500CE,5S,2026-08-17,2026-09-16,1,1,1,200,ok
2026-09-24 12:42:56,/history,BSE:BANKEX26SEP63500CE,5,2026-06-16,2026-09-24,1,1,1,200,ok
2026-09-24 12:42:56,/history,BSE:BANKEX26SEP63500CE,60,2026-06-16,2026-09-24,1,1,1,200,ok
2026-09-24 12:42:56,/history,BSE:BANKEX26SEP63500PE,5,2026-06-16,2026-09-24,1,1,1,200,ok
2026-09-24 12:42:56,/history,BSE:BANKEX26SEP63500PE,60,2026-06-16,2026-09-24,1,1,1,200,ok
2026-09-24 12:42:56,/history,BSE:BANKEX26SEP63500CE,D,2026-06-16,2026-09-24,1,1,1,200,ok
2026-09-24 12:42:56,/history,BSE:BANKEX26SEP63500CE,5S,2026-09-17,2026-09-24,1,1,1,200,ok
2026-09-24 12:42:56,/history,BSE:BANKEX26SEP63500PE,D,2026-06-16,2026-09-24,1,1,1,200,ok
2026-09-24 12:42:56,/history,BSE:BANKEX26SEP63500PE,5S,2026-08-17,2026-09-16,1,1,1,200,ok
2026-09-24 12:42:57,/history,BSE:BANKEX26SEP63600CE,5S,2026-06-16,2026-07-16,1,1,1,200,no_data
2026-09-24 12:42:57,/history,BSE:BANKEX26SEP63600PE,5S,2026-06-16,2026-07-16,1,1,1,200,no_data
2026-09-24 12:42:57,/history,BSE:BANKEX26SEP63600CE,1,2026-06-16,2026-09-24,1,1,1,200,ok
2026-09-24 12:42:57,/history,BSE:BANKEX26SEP63600CE,5S,2026-07-17,2026-08-16,1,1,1,200,no_data
2026-09-24 12:42:57,/history,BSE:BANKEX26SEP63600PE,5S,2026-07-17,2026-08-16,1,1,1,200,no_data
2026-09-24 12:42:57,/history,BSE:BANKEX26SEP63600PE,5S,2026-08-17,2026-09-16,1,1,1,200,no_data
2026-09-24 12:42:58,/history,BSE:BANKEX26SEP63600PE,1,2026-06-16,2026-09-24,1,1,1,200,ok
2026-09-24 12:42:58,/history,BSE:BANKEX26SEP63600CE,5S,2026-08-17,2026-09-16,1,1,1,200,ok
2026-09-24 12:42:58,/history,BSE:BANKEX26SEP63600CE,5,2026-06-16,2026-09-24,1,1,1,200,ok
2026-09-24 12:42:58,/history,BSE:BANKEX26SEP63500PE,5S,2026-09-17,2026-09-24,1,1,1,200,ok
2026-09-24 12:42:58,/history,BSE:BANKEX26SEP63600PE,5,2026-06-16,2026-09-24,1,1,1,200,ok
2026-09-24 12:42:59,/history,BSE:BANKEX26SEP63600CE,60,2026-06-16,2026-09-24,1,1,1,200,ok
2026-09-24 12:42:59,/history,BSE:BANKEX26SEP63600PE,5S,2026-09-17,2026-09-24,1,1,1,200,ok
2026-09-24 12:42:59,/history,BSE:BANKEX26SEP63600PE,60,2026-06-16,2026-09-24,1,1,1,200,ok
2026-09-24 12:42:59,/history,BSE:BANKEX26SEP63600CE,D,2026-06-16,2026-09-24,1,1,1,200,ok
2026-09-24 12:42:59,/history,BSE:BANKEX26SEP63600CE,5S,2026-09-17,2026-09-24,1,1,1,200,ok
2026-09-24 12:43:00,/history,BSE:BANKEX26SEP63600PE,D,2026-06-16,2026-09-24,1,1,1,200,ok
2026-09-24 12:43:00,/history,BSE:BANKEX26SEP63700CE,5S,2026-06-16,2026-07-16,1,1,1,200,no_data
2026-09-24 12:43:00,/history,BSE:BANKEX26SEP63700PE,5S,2026-06-16,2026-07-16,1,1,1,200,no_data
2026-09-24 12:43:00,/history,BSE:BANKEX26SEP63700CE,5S,2026-07-17,2026-08-16,1,1,1,200,no_data
2026-09-24 12:43:01,/history,BSE:BANKEX26SEP63700PE,5S,2026-07-17,2026-08-16,1,1,1,200,no_data
2026-09-24 12:43:01,/history,BSE:BANKEX26SEP63700CE,1,2026-06-16,2026-09-24,1,1,1,200,ok
2026-09-24 12:43:01,/history,BSE:BANKEX26SEP63700PE,1,2026-06-16,2026-09-24,1,1,1,200,ok
2026-09-24 12:43:02,/history,BSE:BANKEX26SEP63700PE,5S,2026-08-17,2026-09-16,1,1,1,200,ok
2026-09-24 12:43:02,/history,BSE:BANKEX26SEP63700CE,5S,2026-08-17,2026-09-16,1,1,1,200,ok
2026-09-24 12:43:02,/history,BSE:BANKEX26SEP63700CE,5,2026-06-16,2026-09-24,1,1,1,200,ok
2026-09-24 12:43:02,/history,BSE:BANKEX26SEP63700PE,5,2026-06-16,2026-09-24,1,1,1,200,ok
2026-09-24 12:43:02,/history,BSE:BANKEX26SEP63700CE,60,2026-06-16,2026-09-24,1,1,1,200,ok
2026-09-24 12:43:02,/history,BSE:BANKEX26SEP63700CE,D,2026-06-16,2026-09-24,1,1,1,200,ok
2026-09-24 12:43:02,/history,BSE:BANKEX26SEP63700PE,60,2026-06-16,2026-09-24,1,1,1,200,ok
2026-09-24 12:43:03,/history,BSE:BANKEX26SEP63700PE,5S,2026-09-17,2026-09-24,1,1,1,200,ok
2026-09-24 12:43:03,/history,BSE:BANKEX26SEP63700CE,5S,2026-09-17,2026-09-24,1,1,1,200,ok
2026-09-24 12:43:03,/history,BSE:BANKEX26SEP63700PE,D,2026-06-16,2026-09-24,1,1,1,200,ok
2026-09-24 12:43:03,/history,BSE:BANKEX26SEP63800CE,5S,2026-06-16,2026-07-16,1,1,1,200,no_data
2026-09-24 12:43:03,/history,BSE:BANKEX26SEP63800PE,5S,2026-06-16,2026-07-16,1,1,1,200,no_data
2026-09-24 12:43:03,/history,BSE:BANKEX26SEP63800CE,5S,2026-07-17,2026-08-16,1,1,1,200,no_data
2026-09-24 12:43:03,/history,BSE:BANKEX26SEP63800PE,5S,2026-07-17,2026-08-16,1,1,1,200,no_data
2026-09-24 12:43:03,/history,BSE:BANKEX26SEP63800CE,1,2026-06-16,2026-09-24,1,1,1,200,ok
2026-09-24 12:43:04,/history,BSE:BANKEX26SEP63800PE,5,2026-06-16,2026-09-24,1,1,1,200,ok
2026-09-24 12:43:04,/history,BSE:BANKEX26SEP63800CE,5,2026-06-16,2026-09-24,1,1,1,200,ok
2026-09-24 12:43:04,/history,BSE:BANKEX26SEP63800PE,1,2026-06-16,2026-09-24,1,1,1,200,ok
2026-09-24 12:43:04,/history,BSE:BANKEX26SEP63800CE,5S,2026-08-17,2026-09-16,1,1,1,200,ok
2026-09-24 12:43:04,/history,BSE:BANKEX26SEP63800PE,5S,2026-08-17,2026-09-16,1,1,1,200,ok
2026-09-24 12:43:05,/history,BSE:BANKEX26SEP63800CE,60,2026-06-16,2026-09-24,1,1,1,200,ok
2026-09-24 12:43:05,/history,BSE:BANKEX26SEP63800PE,60,2026-06-16,2026-09-24,1,1,1,200,ok
2026-09-24 12:43:05,/history,BSE:BANKEX26SEP63800CE,D,2026-06-16,2026-09-24,1,1,1,200,ok
2026-09-24 12:43:05,/history,BSE:BANKEX26SEP63900CE,5S,2026-06-16,2026-07-16,1,1,1,200,no_data
2026-09-24 12:43:05,/history,BSE:BANKEX26SEP63800PE,D,2026-06-16,2026-09-24,1,1,1,200,ok
2026-09-24 12:43:05,/history,BSE:BANKEX26SEP63900PE,5S,2026-06-16,2026-07-16,1,1,1,200,no_data
2026-09-24 12:43:05,/history,BSE:BANKEX26SEP63800CE,5S,2026-09-17,2026-09-24,1,1,1,200,ok
2026-09-24 12:43:05,/history,BSE:BANKEX26SEP63800PE,5S,2026-09-17,2026-09-24,1,1,1,200,ok
2026-09-24 12:43:23,/history,BSE:BANKEX26SEP63900CE,5S,2026-07-17,2026-08-16,1,1,1,200,no_data
2026-09-24 12:43:24,/history,BSE:BANKEX26SEP63900PE,1,2026-06-16,2026-09-24,1,1,1,200,ok
2026-09-24 12:43:25,/history,BSE:BANKEX26SEP63900CE,5,2026-06-16,2026-09-24,1,1,1,200,ok
2026-09-24 12:43:27,/history,BSE:BANKEX26SEP63900PE,5S,2026-07-17,2026-08-16,1,1,1,200,no_data
2026-09-24 12:43:30,/history,BSE:BANKEX26SEP63900CE,5S,2026-08-17,2026-09-16,1,1,1,200,ok
2026-09-24 12:43:31,/history,BSE:BANKEX26SEP63900PE,5,2026-06-16,2026-09-24,1,1,1,200,ok
2026-09-24 12:43:31,/history,BSE:BANKEX26SEP63900PE,5S,2026-08-17,2026-09-16,1,1,1,200,ok
2026-09-24 12:43:32,/history,BSE:BANKEX26SEP63900CE,60,2026-06-16,2026-09-24,1,1,1,200,ok
2026-09-24 12:43:32,/history,BSE:BANKEX26SEP63900CE,D,2026-06-16,2026-09-24,1,1,1,200,ok
2026-09-24 12:43:33,/history,BSE:BANKEX26SEP63900PE,60,2026-06-16,2026-09-24,1,1,1,200,ok
2026-09-24 12:43:34,/history,BSE:BANKEX26SEP63900PE,D,2026-06-16,2026-09-24,1,1,1,200,ok
2026-09-24 12:43:35,/history,BSE:BANKEX26SEP64000CE,5S,2026-06-16,2026-07-16,1,1,1,200,no_data
2026-09-24 12:43:38,/history,BSE:BANKEX26SEP63900PE,5S,2026-09-17,2026-09-24,1,1,1,200,ok
2026-09-24 12:43:39,/history,BSE:BANKEX26SEP63900CE,1,2026-06-16,2026-09-24,1,1,1,200,ok
2026-09-24 12:43:39,/history,BSE:BANKEX26SEP64000PE,5S,2026-06-16,2026-07-16,1,1,1,200,no_data
2026-09-24 12:43:39,/history,BSE:BANKEX26SEP64000CE,5S,2026-07-17,2026-08-16,1,1,1,200,no_data
2026-09-24 12:43:39,/history,BSE:BANKEX26SEP64000CE,1,2026-06-16,2026-09-24,1,1,1,200,ok
2026-09-24 12:43:40,/history,BSE:BANKEX26SEP64000PE,1,2026-06-16,2026-09-24,1,1,1,200,ok
2026-09-24 12:43:40,/history,BSE:BANKEX26SEP64000PE,5S,2026-07-17,2026-08-16,1,1,1,200,no_data
2026-09-24 12:43:40,/history,BSE:BANKEX26SEP63900CE,5S,2026-09-17,2026-09-24,1,1,1,200,ok
2026-09-24 12:43:40,/history,BSE:BANKEX26SEP64000CE,5,2026-06-16,2026-09-24,1,1,1,200,ok
2026-09-24 12:43:41,/history,BSE:BANKEX26SEP64000CE,5S,2026-08-17,2026-09-16,1,1,1,200,ok
2026-09-24 12:43:41,/history,BSE:BANKEX26SEP64000PE,5,2026-06-16,2026-09-24,1,1,1,200,ok
2026-09-24 12:43:41,/history,BSE:BANKEX26SEP64000CE,60,2026-06-16,2026-09-24,1,1,1,200,ok
2026-09-24 12:43:42,/history,BSE:BANKEX26SEP64000PE,60,2026-06-16,2026-09-24,1,1,1,200,ok
2026-09-24 12:43:42,/history,BSE:BANKEX26SEP64000CE,D,2026-06-16,2026-09-24,1,1,1,200,ok
2026-09-24 12:43:42,/history,BSE:BANKEX26SEP64000PE,D,2026-06-16,2026-09-24,1,1,1,200,ok
2026-09-24 12:43:42,/history,BSE:BANKEX26SEP64100CE,5S,2026-06-16,2026-07-16,1,1,1,200,no_data
2026-09-24 12:43:43,/history,BSE:BANKEX26SEP64100PE,5S,2026-06-16,2026-07-16,1,1,1,200,no_data
2026-09-24 12:43:43,/history,BSE:BANKEX26SEP64100CE,5S,2026-07-17,2026-08-16,1,1,1,200,no_data
2026-09-24 12:43:43,/history,BSE:BANKEX26SEP64000CE,5S,2026-09-17,2026-09-24,1,1,1,200,ok
2026-09-24 12:43:43,/history,BSE:BANKEX26SEP64100PE,5S,2026-07-17,2026-08-16,1,1,1,200,no_data
2026-09-24 12:43:44,/history,BSE:BANKEX26SEP64000PE,5S,2026-08-17,2026-09-16,1,1,1,200,ok
2026-09-24 12:43:44,/history,BSE:BANKEX26SEP64100CE,1,2026-06-16,2026-09-24,1,1,1,200,ok
2026-09-24 12:43:44,/history,BSE:BANKEX26SEP64100CE,5S,2026-08-17,2026-09-16,1,1,1,200,ok
2026-09-24 12:43:44,/history,BSE:BANKEX26SEP64100PE,5S,2026-08-17,2026-09-16,1,1,1,200,ok
2026-09-24 12:43:44,/history,BSE:BANKEX26SEP64100PE,1,2026-06-16,2026-09-24,1,1,1,200,ok
2026-09-24 12:43:45,/history,BSE:BANKEX26SEP64100CE,5,2026-06-16,2026-09-24,1,1,1,200,ok
2026-09-24 12:43:45,/history,BSE:BANKEX26SEP64000PE,5S,2026-09-17,2026-09-24,1,1,1,200,ok
2026-09-24 12:43:45,/history,BSE:BANKEX26SEP64100PE,5S,2026-09-17,2026-09-24,1,1,1,200,ok
2026-09-24 12:43:45,/history,BSE:BANKEX26SEP64100CE,5S,2026-09-17,2026-09-24,1,1,1,200,ok
2026-09-24 12:43:45,/history,BSE:BANKEX26SEP64100PE,5,2026-06-16,2026-09-24,1,1,1,200,ok
2026-09-24 12:43:45,/history,BSE:BANKEX26SEP64100CE,60,2026-06-16,2026-09-24,1,1,1,200,ok
2026-09-24 12:43:46,/history,BSE:BANKEX26SEP64100CE,D,2026-06-16,2026-09-24,1,1,1,200,ok
2026-09-24 12:43:46,/history,BSE:BANKEX26SEP64100PE,60,2026-06-16,2026-09-24,1,1,1,200,ok
2026-09-24 12:43:46,/history,BSE:BANKEX26SEP64100PE,D,2026-06-16,2026-09-24,1,1,1,200,ok
2026-09-24 12:43:46,/history,BSE:BANKEX26SEP64200CE,5S,2026-06-16,2026-07-16,1,1,1,200,no_data
2026-09-24 12:43:46,/history,BSE:BANKEX26SEP64200PE,5S,2026-06-16,2026-07-16,1,1,1,200,no_data
2026-09-24 12:43:46,/history,BSE:BANKEX26SEP64200PE,1,2026-06-16,2026-09-24,1,1,1,200,ok
2026-09-24 12:43:46,/history,BSE:BANKEX26SEP64200CE,5S,2026-07-17,2026-08-16,1,1,1,200,no_data
2026-09-24 12:43:46,/history,BSE:BANKEX26SEP64200CE,1,2026-06-16,2026-09-24,1,1,1,200,ok
2026-09-24 12:43:47,/history,BSE:BANKEX26SEP64200PE,5S,2026-07-17,2026-08-16,1,1,1,200,no_data
2026-09-24 12:43:47,/history,BSE:BANKEX26SEP64200CE,5,2026-06-16,2026-09-24,1,1,1,200,ok
2026-09-24 12:43:47,/history,BSE:BANKEX26SEP64200CE,5S,2026-08-17,2026-09-16,1,1,1,200,ok
2026-09-24 12:43:47,/history,BSE:BANKEX26SEP64200PE,60,2026-06-16,2026-09-24,1,1,1,200,ok
2026-09-24 12:43:47,/history,BSE:BANKEX26SEP64200PE,5,2026-06-16,2026-09-24,1,1,1,200,ok
2026-09-24 12:43:47,/history,BSE:BANKEX26SEP64200CE,60,2026-06-16,2026-09-24,1,1,1,200,ok
2026-09-24 12:43:48,/history,BSE:BANKEX26SEP64200CE,D,2026-06-16,2026-09-24,1,1,1,200,ok
2026-09-24 12:43:48,/history,BSE:BANKEX26SEP64200PE,5S,2026-08-17,2026-09-16,1,1,1,200,ok
2026-09-24 12:43:48,/history,BSE:BANKEX26SEP64200PE,D,2026-06-16,2026-09-24,1,1,1,200,ok
2026-09-24 12:43:48,/history,BSE:BANKEX26SEP64200CE,5S,2026-09-17,2026-09-24,1,1,1,200,ok
2026-09-24 12:43:48,/history,BSE:BANKEX26SEP64300CE,5S,2026-06-16,2026-07-16,1,1,1,200,no_data
2026-09-24 12:43:48,/history,BSE:BANKEX26SEP64300PE,5S,2026-06-16,2026-07-16,1,1,1,200,no_data
2026-09-24 12:43:48,/history,BSE:BANKEX26SEP64200PE,5S,2026-09-17,2026-09-24,1,1,1,200,ok
2026-09-24 12:43:48,/history,BSE:BANKEX26SEP64300CE,1,2026-06-16,2026-09-24,1,1,1,200,ok
2026-09-24 12:43:48,/history,BSE:BANKEX26SEP64300PE,1,2026-06-16,2026-09-24,1,1,1,200,ok
2026-09-24 12:43:48,/history,BSE:BANKEX26SEP64300CE,5S,2026-07-17,2026-08-16,1,1,1,200,no_data
2026-09-24 12:43:49,/history,BSE:BANKEX26SEP64300PE,5S,2026-07-17,2026-08-16,1,1,1,200,no_data
2026-09-24 12:43:49,/history,BSE:BANKEX26SEP64300CE,5,2026-06-16,2026-09-24,1,1,1,200,ok
2026-09-24 12:43:49,/history,BSE:BANKEX26SEP64300PE,5,2026-06-16,2026-09-24,1,1,1,200,ok
2026-09-24 12:43:49,/history,BSE:BANKEX26SEP64300CE,60,2026-06-16,2026-09-24,1,1,1,200,ok
2026-09-24 12:43:49,/history,BSE:BANKEX26SEP64300PE,60,2026-06-16,2026-09-24,1,1,1,200,ok
2026-09-24 12:43:49,/history,BSE:BANKEX26SEP64300CE,D,2026-06-16,2026-09-24,1,1,1,200,ok
2026-09-24 12:43:49,/history,BSE:BANKEX26SEP64300PE,D,2026-06-16,2026-09-24,1,1,1,200,ok
2026-09-24 12:43:49,/history,BSE:BANKEX26SEP64300CE,5S,2026-08-17,2026-09-16,1,1,1,200,ok
2026-09-24 12:43:50,/history,BSE:BANKEX26SEP64400CE,5S,2026-06-16,2026-07-16,1,1,1,200,no_data
2026-09-24 12:43:50,/history,BSE:BANKEX26SEP64400PE,5S,2026-06-16,2026-07-16,1,1,1,200,no_data
2026-09-24 12:43:50,/history,BSE:BANKEX26SEP64400CE,5S,2026-07-17,2026-08-16,1,1,1,200,no_data
2026-09-24 12:43:50,/history,BSE:BANKEX26SEP64400CE,1,2026-06-16,2026-09-24,1,1,1,200,ok
2026-09-24 12:43:50,/history,BSE:BANKEX26SEP64300PE,5S,2026-08-17,2026-09-16,1,1,1,200,ok
2026-09-24 12:43:50,/history,BSE:BANKEX26SEP64400PE,5S,2026-07-17,2026-08-16,1,1,1,200,no_data
2026-09-24 12:43:50,/history,BSE:BANKEX26SEP64300CE,5S,2026-09-17,2026-09-24,1,1,1,200,ok
2026-09-24 12:43:51,/history,BSE:BANKEX26SEP64300PE,5S,2026-09-17,2026-09-24,1,1,1,200,ok
2026-09-24 12:43:51,/history,BSE:BANKEX26SEP64400PE,1,2026-06-16,2026-09-24,1,1,1,200,ok
2026-09-24 12:43:51,/history,BSE:BANKEX26SEP64400CE,5S,2026-08-17,2026-09-16,1,1,1,200,ok
2026-09-24 12:43:51,/history,BSE:BANKEX26SEP64400PE,5S,2026-08-17,2026-09-16,1,1,1,200,ok
2026-09-24 12:43:52,/history,BSE:BANKEX26SEP64400CE,5,2026-06-16,2026-09-24,1,1,1,200,ok
2026-09-24 12:43:52,/history,BSE:BANKEX26SEP64400PE,5,2026-06-16,2026-09-24,1,1,1,200,ok
2026-09-24 12:43:52,/history,BSE:BANKEX26SEP64400CE,5S,2026-09-17,2026-09-24,1,1,1,200,ok
2026-09-24 12:43:52,/history,BSE:BANKEX26SEP64400PE,5S,2026-09-17,2026-09-24,1,1,1,200,ok
2026-09-24 12:43:52,/history,BSE:BANKEX26SEP64400CE,60,2026-06-16,2026-09-24,1,1,1,200,ok
2026-09-24 12:43:52,/history,BSE:BANKEX26SEP64400PE,60,2026-06-16,2026-09-24,1,1,1,200,ok
2026-09-24 12:43:53,/history,BSE:BANKEX26SEP64400CE,D,2026-06-16,2026-09-24,1,1,1,200,ok
2026-09-24 12:43:53,/history,BSE:BANKEX26SEP64400PE,D,2026-06-16,2026-09-24,1,1,1,200,ok
2026-09-24 12:43:53,/history,BSE:BANKEX26SEP64500CE,5S,2026-06-16,2026-07-16,1,1,1,200,no_data
2026-09-24 12:43:53,/history,BSE:BANKEX26SEP64500PE,5S,2026-06-16,2026-07-16,1,1,1,200,no_data
2026-09-24 12:43:53,/history,BSE:BANKEX26SEP64500CE,1,2026-06-16,2026-09-24,1,1,1,200,ok
2026-09-24 12:43:53,/history,BSE:BANKEX26SEP64500CE,5,2026-06-16,2026-09-24,1,1,1,200,ok
2026-09-24 12:43:53,/history,BSE:BANKEX26SEP64500CE,5S,2026-07-17,2026-08-16,1,1,1,200,no_data
2026-09-24 12:43:53,/history,BSE:BANKEX26SEP64500PE,1,2026-06-16,2026-09-24,1,1,1,200,ok
2026-09-24 12:43:54,/history,BSE:BANKEX26SEP64500PE,5S,2026-07-17,2026-08-16,1,1,1,200,no_data
2026-09-24 12:43:54,/history,BSE:BANKEX26SEP64500PE,5,2026-06-16,2026-09-24,1,1,1,200,ok
2026-09-24 12:43:54,/history,BSE:BANKEX26SEP64500CE,60,2026-06-16,2026-09-24,1,1,1,200,ok
2026-09-24 12:43:54,/history,BSE:BANKEX26SEP64500PE,60,2026-06-16,2026-09-24,1,1,1,200,ok
2026-09-24 12:43:54,/history,BSE:BANKEX26SEP64500CE,D,2026-06-16,2026-09-24,1,1,1,200,ok
2026-09-24 12:43:54,/history,BSE:BANKEX26SEP64500PE,D,2026-06-16,2026-09-24,1,1,1,200,ok
2026-09-24 12:43:54,/history,BSE:BANKEX26SEP64600CE,5S,2026-06-16,2026-07-16,1,1,1,200,no_data
2026-09-24 12:43:55,/history,BSE:BANKEX26SEP64600PE,5S,2026-06-16,2026-07-16,1,1,1,200,no_data
2026-09-24 12:43:55,/history,BSE:BANKEX26SEP64600CE,5S,2026-07-17,2026-08-16,1,1,1,200,no_data
2026-09-24 12:43:55,/history,BSE:BANKEX26SEP64600PE,5S,2026-07-17,2026-08-16,1,1,1,200,no_data
2026-09-24 12:43:55,/history,BSE:BANKEX26SEP64600CE,1,2026-06-16,2026-09-24,1,1,1,200,ok
2026-09-24 12:43:57,/history,BSE:BANKEX26SEP64500CE,5S,2026-08-17,2026-09-16,1,1,1,200,ok
2026-09-24 12:43:57,/history,BSE:BANKEX26SEP64600PE,1,2026-06-16,2026-09-24,1,1,1,200,ok
2026-09-24 12:43:58,/history,BSE:BANKEX26SEP64600CE,5S,2026-08-17,2026-09-16,1,1,1,200,ok
2026-09-24 12:43:58,/history,BSE:BANKEX26SEP64600PE,5S,2026-08-17,2026-09-16,1,1,1,200,ok
2026-09-24 12:43:58,/history,BSE:BANKEX26SEP64500PE,5S,2026-08-17,2026-09-16,1,1,1,200,ok
2026-09-24 12:43:58,/history,BSE:BANKEX26SEP64600CE,5,2026-06-16,2026-09-24,1,1,1,200,ok
2026-09-24 12:43:58,/history,BSE:BANKEX26SEP64500CE,5S,2026-09-17,2026-09-24,1,1,1,200,ok
2026-09-24 12:43:59,/history,BSE:BANKEX26SEP64600PE,5S,2026-09-17,2026-09-24,1,1,1,200,ok
2026-09-24 12:43:59,/history,BSE:BANKEX26SEP64600PE,5,2026-06-16,2026-09-24,1,1,1,200,ok
2026-09-24 12:43:59,/history,BSE:BANKEX26SEP64600CE,5S,2026-09-17,2026-09-24,1,1,1,200,ok
2026-09-24 12:43:59,/history,BSE:BANKEX26SEP64500PE,5S,2026-09-17,2026-09-24,1,1,1,200,ok
2026-09-24 12:44:00,/history,BSE:BANKEX26SEP64600CE,60,2026-06-16,2026-09-24,1,1,1,200,ok
2026-09-24 12:44:00,/history,BSE:BANKEX26SEP64600PE,60,2026-06-16,2026-09-24,1,1,1,200,ok
2026-09-24 12:44:00,/history,BSE:BANKEX26SEP64600CE,D,2026-06-16,2026-09-24,1,1,1,200,ok
2026-09-24 12:44:01,/history,BSE:BANKEX26SEP64700CE,5S,2026-06-16,2026-07-16,1,1,1,200,no_data
2026-09-24 12:44:01,/history,BSE:BANKEX26SEP64600PE,D,2026-06-16,2026-09-24,1,1,1,200,ok
2026-09-24 12:44:01,/history,BSE:BANKEX26SEP64700CE,5S,2026-07-17,2026-08-16,1,1,1,200,no_data
2026-09-24 12:44:01,/history,BSE:BANKEX26SEP64700PE,5S,2026-06-16,2026-07-16,1,1,1,200,no_data
2026-09-24 12:44:01,/history,BSE:BANKEX26SEP64700CE,1,2026-06-16,2026-09-24,1,1,1,200,ok
2026-09-24 12:44:02,/history,BSE:BANKEX26SEP64700PE,1,2026-06-16,2026-09-24,1,1,1,200,ok
2026-09-24 12:44:02,/history,BSE:BANKEX26SEP64700PE,5S,2026-07-17,2026-08-16,1,1,1,200,no_data
2026-09-24 12:44:02,/history,BSE:BANKEX26SEP64700CE,5,2026-06-16,2026-09-24,1,1,1,200,ok
2026-09-24 12:44:02,/history,BSE:BANKEX26SEP64700CE,5S,2026-08-17,2026-09-16,1,1,1,200,ok
2026-09-24 12:44:02,/history,BSE:BANKEX26SEP64700PE,5,2026-06-16,2026-09-24,1,1,1,200,ok
2026-09-24 12:44:02,/history,BSE:BANKEX26SEP64700CE,60,2026-06-16,2026-09-24,1,1,1,200,ok
2026-09-24 12:44:02,/history,BSE:BANKEX26SEP64700PE,60,2026-06-16,2026-09-24,1,1,1,200,ok
2026-09-24 12:44:02,/history,BSE:BANKEX26SEP64700PE,D,2026-06-16,2026-09-24,1,1,1,200,ok
2026-09-24 12:44:03,/history,BSE:BANKEX26SEP64700CE,5S,2026-09-17,2026-09-24,1,1,1,200,ok
2026-09-24 12:44:03,/history,BSE:BANKEX26SEP64700CE,D,2026-06-16,2026-09-24,1,1,1,200,ok
2026-09-24 12:44:03,/history,BSE:BANKEX26SEP64800CE,5S,2026-06-16,2026-07-16,1,1,1,200,no_data
2026-09-24 12:44:03,/history,BSE:BANKEX26SEP64800PE,5S,2026-06-16,2026-07-16,1,1,1,200,no_data
2026-09-24 12:44:03,/history,BSE:BANKEX26SEP64700PE,5S,2026-08-17,2026-09-16,1,1,1,200,ok
2026-09-24 12:44:03,/history,BSE:BANKEX26SEP64800CE,5S,2026-07-17,2026-08-16,1,1,1,200,no_data
2026-09-24 12:44:03,/history,BSE:BANKEX26SEP64800CE,1,2026-06-16,2026-09-24,1,1,1,200,ok
2026-09-24 12:44:03,/history,BSE:BANKEX26SEP64800PE,5S,2026-07-17,2026-08-16,1,1,1,200,no_data
2026-09-24 12:44:03,/history,BSE:BANKEX26SEP64700PE,5S,2026-09-17,2026-09-24,1,1,1,200,ok
2026-09-24 12:44:04,/history,BSE:BANKEX26SEP64800PE,1,2026-06-16,2026-09-24,1,1,1,200,ok
2026-09-24 12:44:04,/history,BSE:BANKEX26SEP64800CE,5,2026-06-16,2026-09-24,1,1,1,200,ok
2026-09-24 12:44:04,/history,BSE:BANKEX26SEP64800PE,5S,2026-08-17,2026-09-16,1,1,1,200,ok
2026-09-24 12:44:04,/history,BSE:BANKEX26SEP64800CE,5S,2026-08-17,2026-09-16,1,1,1,200,ok
2026-09-24 12:44:04,/history,BSE:BANKEX26SEP64800PE,5,2026-06-16,2026-09-24,1,1,1,200,ok
2026-09-24 12:44:04,/history,BSE:BANKEX26SEP64800CE,60,2026-06-16,2026-09-24,1,1,1,200,ok
2026-09-24 12:44:05,/history,BSE:BANKEX26SEP64800PE,60,2026-06-16,2026-09-24,1,1,1,200,ok
2026-09-24 12:44:05,/history,BSE:BANKEX26SEP64800CE,D,2026-06-16,2026-09-24,1,1,1,200,ok
2026-09-24 12:44:05,/history,BSE:BANKEX26SEP64800PE,D,2026-06-16,2026-09-24,1,1,1,200,ok
2026-09-24 12:44:05,/history,BSE:BANKEX26SEP64800PE,5S,2026-09-17,2026-09-24,1,1,1,200,ok
2026-09-24 12:44:05,/history,BSE:BANKEX26SEP64800CE,5S,2026-09-17,2026-09-24,1,1,1,200,ok
2026-09-24 12:44:05,/history,BSE:BANKEX26SEP64900CE,5S,2026-06-16,2026-07-16,1,1,1,200,no_data
2026-09-24 12:44:05,/history,BSE:BANKEX26SEP64900PE,5S,2026-06-16,2026-07-16,1,1,1,200,no_data
2026-09-24 12:44:05,/history,BSE:BANKEX26SEP64900CE,5S,2026-07-17,2026-08-16,1,1,1,200,no_data
2026-09-24 12:44:05,/history,BSE:BANKEX26SEP64900PE,5S,2026-07-17,2026-08-16,1,1,1,200,no_data
2026-09-24 12:44:05,/history,BSE:BANKEX26SEP64900CE,1,2026-06-16,2026-09-24,1,1,1,200,ok
2026-09-24 12:44:06,/history,BSE:BANKEX26SEP64900PE,1,2026-06-16,2026-09-24,1,1,1,200,ok
2026-09-24 12:44:06,/history,BSE:BANKEX26SEP64900CE,5,2026-06-16,2026-09-24,1,1,1,200,ok
2026-09-24 12:44:06,/history,BSE:BANKEX26SEP64900PE,60,2026-06-16,2026-09-24,1,1,1,200,ok
2026-09-24 12:44:06,/history,BSE:BANKEX26SEP64900PE,5,2026-06-16,2026-09-24,1,1,1,200,ok
2026-09-24 12:44:06,/history,BSE:BANKEX26SEP64900CE,5S,2026-08-17,2026-09-16,1,1,1,200,ok
2026-09-24 12:44:06,/history,BSE:BANKEX26SEP64900CE,60,2026-06-16,2026-09-24,1,1,1,200,ok
2026-09-24 12:44:07,/history,BSE:BANKEX26SEP64900PE,5S,2026-08-17,2026-09-16,1,1,1,200,ok
2026-09-24 12:44:07,/history,BSE:BANKEX26SEP64900CE,D,2026-06-16,2026-09-24,1,1,1,200,ok
2026-09-24 12:44:07,/history,BSE:BANKEX26SEP64900PE,D,2026-06-16,2026-09-24,1,1,1,200,ok
2026-09-24 12:44:07,/history,BSE:BANKEX26SEP65000CE,5S,2026-06-16,2026-07-16,1,1,1,200,no_data
2026-09-24 12:44:07,/history,BSE:BANKEX26SEP65000PE,5S,2026-06-16,2026-07-16,1,1,1,200,no_data
2026-09-24 12:44:07,/history,BSE:BANKEX26SEP64900PE,5S,2026-09-17,2026-09-24,1,1,1,200,ok
2026-09-24 12:44:07,/history,BSE:BANKEX26SEP64900CE,5S,2026-09-17,2026-09-24,1,1,1,200,ok
2026-09-24 12:44:07,/history,BSE:BANKEX26SEP65000CE,5S,2026-07-17,2026-08-16,1,1,1,200,no_data
2026-09-24 12:44:07,/history,BSE:BANKEX26SEP65000CE,1,2026-06-16,2026-09-24,1,1,1,200,ok
2026-09-24 12:44:07,/history,BSE:BANKEX26SEP65000PE,5S,2026-07-17,2026-08-16,1,1,1,200,no_data
2026-09-24 12:44:08,/history,BSE:BANKEX26SEP65000PE,1,2026-06-16,2026-09-24,1,1,1,200,ok
2026-09-24 12:44:10,/history,BSE:BANKEX26SEP65000CE,60,2026-06-16,2026-09-24,1,1,1,200,ok
2026-09-24 12:44:10,/history,BSE:BANKEX26SEP65000PE,5,2026-06-16,2026-09-24,1,1,1,200,ok
2026-09-24 12:44:10,/history,BSE:BANKEX26SEP65000CE,5,2026-06-16,2026-09-24,1,1,1,200,ok
2026-09-24 12:44:11,/history,BSE:BANKEX26SEP65000PE,60,2026-06-16,2026-09-24,1,1,1,200,ok
2026-09-24 12:44:11,/history,BSE:BANKEX26SEP65000CE,D,2026-06-16,2026-09-24,1,1,1,200,ok
2026-09-24 12:44:11,/history,BSE:BANKEX26SEP65000PE,D,2026-06-16,2026-09-24,1,1,1,200,ok
2026-09-24 12:44:11,/history,BSE:BANKEX26SEP65100CE,5S,2026-06-16,2026-07-16,1,1,1,200,no_data
2026-09-24 12:44:11,/history,BSE:BANKEX26SEP65000CE,5S,2026-08-17,2026-09-16,1,1,1,200,ok
2026-09-24 12:44:11,/history,BSE:BANKEX26SEP65100PE,5S,2026-06-16,2026-07-16,1,1,1,200,no_data
2026-09-24 12:44:11,/history,BSE:BANKEX26SEP65000PE,5S,2026-08-17,2026-09-16,1,1,1,200,ok
2026-09-24 12:44:11,/history,BSE:BANKEX26SEP65100CE,5S,2026-07-17,2026-08-16,1,1,1,200,no_data
2026-09-24 12:44:11,/history,BSE:BANKEX26SEP65100CE,1,2026-06-16,2026-09-24,1,1,1,200,ok
2026-09-24 12:44:12,/history,BSE:BANKEX26SEP65100PE,5S,2026-07-17,2026-08-16,1,1,1,200,no_data
2026-09-24 12:44:12,/history,BSE:BANKEX26SEP65000PE,5S,2026-09-17,2026-09-24,1,1,1,200,ok
2026-09-24 12:44:13,/history,BSE:BANKEX26SEP65000CE,5S,2026-09-17,2026-09-24,1,1,1,200,ok
2026-09-24 12:44:23,/history,BSE:BANKEX26SEP65100PE,5,2026-06-16,2026-09-24,1,1,1,200,ok
2026-09-24 12:44:24,/history,BSE:BANKEX26SEP65100CE,60,2026-06-16,2026-09-24,1,1,1,200,ok
2026-09-24 12:44:25,/history,BSE:BANKEX26SEP65100PE,1,2026-06-16,2026-09-24,1,1,1,200,ok
2026-09-24 12:44:27,/history,BSE:BANKEX26SEP65100PE,5S,2026-08-17,2026-09-16,1,1,1,200,ok
2026-09-24 12:44:31,/history,BSE:BANKEX26SEP65100CE,5S,2026-08-17,2026-09-16,1,1,1,200,ok
2026-09-24 12:44:31,/history,BSE:BANKEX26SEP65100PE,60,2026-06-16,2026-09-24,1,1,1,200,ok
2026-09-24 12:44:31,/history,BSE:BANKEX26SEP65100CE,5S,2026-09-17,2026-09-24,1,1,1,200,ok
2026-09-24 12:44:32,/history,BSE:BANKEX26SEP65200CE,5S,2026-06-16,2026-07-16,1,1,1,200,no_data
2026-09-24 12:44:32,/history,BSE:BANKEX26SEP65100CE,D,2026-06-16,2026-09-24,1,1,1,200,ok
2026-09-24 12:44:33,/history,BSE:BANKEX26SEP65100PE,5S,2026-09-17,2026-09-24,1,1,1,200,ok
2026-09-24 12:44:34,/history,BSE:BANKEX26SEP65100CE,5,2026-06-16,2026-09-24,1,1,1,200,ok
2026-09-24 12:44:35,/history,BSE:BANKEX26SEP65200PE,5S,2026-06-16,2026-07-16,1,1,1,200,no_data
2026-09-24 12:44:38,/history,BSE:BANKEX26SEP65200CE,1,2026-06-16,2026-09-24,1,1,1,200,ok
2026-09-24 12:44:39,/history,BSE:BANKEX26SEP65200PE,5S,2026-07-17,2026-08-16,1,1,1,200,no_data
2026-09-24 12:44:39,/history,BSE:BANKEX26SEP65200PE,1,2026-06-16,2026-09-24,1,1,1,200,ok
2026-09-24 12:44:39,/history,BSE:BANKEX26SEP65200CE,5,2026-06-16,2026-09-24,1,1,1,200,ok
2026-09-24 12:44:39,/history,BSE:BANKEX26SEP65200PE,5,2026-06-16,2026-09-24,1,1,1,200,ok
2026-09-24 12:44:39,/history,BSE:BANKEX26SEP65200CE,60,2026-06-16,2026-09-24,1,1,1,200,ok
2026-09-24 12:44:39,/history,BSE:BANKEX26SEP65200PE,5S,2026-08-17,2026-09-16,1,1,1,200,ok
2026-09-24 12:44:39,/history,BSE:BANKEX26SEP65200PE,60,2026-06-16,2026-09-24,1,1,1,200,ok
2026-09-24 12:44:40,/history,BSE:BANKEX26SEP65200CE,5S,2026-07-17,2026-08-16,1,1,1,200,no_data
2026-09-24 12:44:41,/history,BSE:BANKEX26SEP65100PE,D,2026-06-16,2026-09-24,1,1,1,200,ok
2026-09-24 12:44:41,/history,BSE:BANKEX26SEP65200CE,D,2026-06-16,2026-09-24,1,1,1,200,ok
2026-09-24 12:44:42,/history,BSE:BANKEX26SEP65200PE,5S,2026-09-17,2026-09-24,1,1,1,200,no_data
2026-09-24 12:44:42,/history,BSE:BANKEX26SEP65200CE,5S,2026-08-17,2026-09-16,1,1,1,200,ok
2026-09-24 12:44:42,/history,BSE:BANKEX26SEP65300CE,5S,2026-06-16,2026-07-16,1,1,1,200,no_data
2026-09-24 12:44:42,/history,BSE:BANKEX26SEP65200PE,D,2026-06-16,2026-09-24,1,1,1,200,ok
2026-09-24 12:44:42,/history,BSE:BANKEX26SEP65300PE,5S,2026-06-16,2026-07-16,1,1,1,200,no_data
2026-09-24 12:44:43,/history,BSE:BANKEX26SEP65300CE,5S,2026-07-17,2026-08-16,1,1,1,200,no_data
2026-09-24 12:44:43,/history,BSE:BANKEX26SEP65300PE,1,2026-06-16,2026-09-24,1,1,1,200,ok
2026-09-24 12:44:43,/history,BSE:BANKEX26SEP65300CE,1,2026-06-16,2026-09-24,1,1,1,200,ok
2026-09-24 12:44:43,/history,BSE:BANKEX26SEP65200CE,5S,2026-09-17,2026-09-24,1,1,1,200,ok
2026-09-24 12:44:43,/history,BSE:BANKEX26SEP65300PE,5S,2026-07-17,2026-08-16,1,1,1,200,no_data
2026-09-24 12:44:44,/history,BSE:BANKEX26SEP65300CE,5S,2026-08-17,2026-09-16,1,1,1,200,ok
2026-09-24 12:44:44,/history,BSE:BANKEX26SEP65300CE,60,2026-06-16,2026-09-24,1,1,1,200,ok
2026-09-24 12:44:44,/history,BSE:BANKEX26SEP65300PE,60,2026-06-16,2026-09-24,1,1,1,200,ok
2026-09-24 12:44:44,/history,BSE:BANKEX26SEP65300CE,5S,2026-09-17,2026-09-24,1,1,1,200,ok
2026-09-24 12:44:44,/history,BSE:BANKEX26SEP65300CE,D,2026-06-16,2026-09-24,1,1,1,200,ok
2026-09-24 12:44:44,/history,BSE:BANKEX26SEP65300CE,5,2026-06-16,2026-09-24,1,1,1,200,ok
2026-09-24 12:44:45,/history,BSE:BANKEX26SEP65300PE,5,2026-06-16,2026-09-24,1,1,1,200,ok
2026-09-24 12:44:45,/history,BSE:BANKEX26SEP65300PE,D,2026-06-16,2026-09-24,1,1,1,200,ok
2026-09-24 12:44:46,/history,BSE:BANKEX26SEP65300PE,5S,2026-08-17,2026-09-16,1,1,1,200,ok
2026-09-24 12:44:46,/history,BSE:BANKEX26SEP65400CE,5S,2026-06-16,2026-07-16,1,1,1,200,no_data
2026-09-24 12:44:46,/history,BSE:BANKEX26SEP65400CE,1,2026-06-16,2026-09-24,1,1,1,200,ok
2026-09-24 12:44:46,/history,BSE:BANKEX26SEP65300PE,5S,2026-09-17,2026-09-24,1,1,1,200,ok
2026-09-24 12:44:46,/history,BSE:BANKEX26SEP65400CE,5,2026-06-16,2026-09-24,1,1,1,200,ok
2026-09-24 12:44:46,/history,BSE:BANKEX26SEP65400PE,5,2026-06-16,2026-09-24,1,1,1,200,ok
2026-09-24 12:44:46,/history,BSE:BANKEX26SEP65400CE,60,2026-06-16,2026-09-24,1,1,1,200,ok
2026-09-24 12:44:47,/history,BSE:BANKEX26SEP65400PE,60,2026-06-16,2026-09-24,1,1,1,200,ok
2026-09-24 12:44:47,/history,BSE:BANKEX26SEP65400PE,5S,2026-06-16,2026-07-16,1,1,1,200,no_data
2026-09-24 12:44:47,/history,BSE:BANKEX26SEP65400CE,D,2026-06-16,2026-09-24,1,1,1,200,ok
2026-09-24 12:44:47,/history,BSE:BANKEX26SEP65400CE,5S,2026-07-17,2026-08-16,1,1,1,200,no_data
2026-09-24 12:44:47,/history,BSE:BANKEX26SEP65400PE,D,2026-06-16,2026-09-24,1,1,1,200,ok
2026-09-24 12:44:47,/history,BSE:BANKEX26SEP65400PE,1,2026-06-16,2026-09-24,1,1,1,200,ok
2026-09-24 12:44:47,/history,BSE:BANKEX26SEP65500CE,5S,2026-06-16,2026-07-16,1,1,1,200,no_data
2026-09-24 12:44:47,/history,BSE:BANKEX26SEP65400CE,5S,2026-08-17,2026-09-16,1,1,1,200,ok
2026-09-24 12:44:48,/history,BSE:BANKEX26SEP65400PE,5S,2026-07-17,2026-08-16,1,1,1,200,no_data
2026-09-24 12:44:48,/history,BSE:BANKEX26SEP65500CE,5S,2026-07-17,2026-08-16,1,1,1,200,no_data
2026-09-24 12:44:48,/history,BSE:BANKEX26SEP65500PE,5S,2026-06-16,2026-07-16,1,1,1,200,no_data
2026-09-24 12:44:48,/history,BSE:BANKEX26SEP65500CE,1,2026-06-16,2026-09-24,1,1,1,200,ok
2026-09-24 12:44:48,/history,BSE:BANKEX26SEP65500PE,5S,2026-07-17,2026-08-16,1,1,1,200,no_data
2026-09-24 12:44:48,/history,BSE:BANKEX26SEP65400CE,5S,2026-09-17,2026-09-24,1,1,1,200,ok
2026-09-24 12:44:48,/history,BSE:BANKEX26SEP65400PE,5S,2026-08-17,2026-09-16,1,1,1,200,ok
2026-09-24 12:44:49,/history,BSE:BANKEX26SEP65400PE,5S,2026-09-17,2026-09-24,1,1,1,200,ok
2026-09-24 12:44:49,/history,BSE:BANKEX26SEP65500PE,1,2026-06-16,2026-09-24,1,1,1,200,ok
2026-09-24 12:44:49,/history,BSE:BANKEX26SEP65500CE,5,2026-06-16,2026-09-24,1,1,1,200,ok
2026-09-24 12:44:50,/history,BSE:BANKEX26SEP65500PE,5,2026-06-16,2026-09-24,1,1,1,200,ok
2026-09-24 12:44:51,/history,BSE:BANKEX26SEP65500CE,60,2026-06-16,2026-09-24,1,1,1,200,ok
2026-09-24 12:44:51,/history,BSE:BANKEX26SEP65500PE,60,2026-06-16,2026-09-24,1,1,1,200,ok
2026-09-24 12:44:51,/history,BSE:BANKEX26SEP65500CE,D,2026-06-16,2026-09-24,1,1,1,200,ok
2026-09-24 12:44:51,/history,BSE:BANKEX26SEP65500PE,D,2026-06-16,2026-09-24,1,1,1,200,ok
2026-09-24 12:44:51,/history,BSE:BANKEX26SEP65500PE,5S,2026-08-17,2026-09-16,1,1,1,200,ok
2026-09-24 12:44:52,/history,BSE:BANKEX26SEP65600CE,5S,2026-06-16,2026-07-16,1,1,1,200,no_data
2026-09-24 12:44:52,/history,BSE:BANKEX26SEP65600PE,5S,2026-06-16,2026-07-16,1,1,1,200,no_data
2026-09-24 12:44:52,/history,BSE:BANKEX26SEP65600CE,1,2026-06-16,2026-09-24,1,1,1,200,ok
2026-09-24 12:44:52,/history,BSE:BANKEX26SEP65600CE,5S,2026-07-17,2026-08-16,1,1,1,200,no_data
2026-09-24 12:44:52,/history,BSE:BANKEX26SEP65500PE,5S,2026-09-17,2026-09-24,1,1,1,200,ok
2026-09-24 12:44:52,/history,BSE:BANKEX26SEP65600PE,5S,2026-07-17,2026-08-16,1,1,1,200,no_data
2026-09-24 12:44:53,/history,BSE:BANKEX26SEP65600PE,1,2026-06-16,2026-09-24,1,1,1,200,ok
2026-09-24 12:44:53,/history,BSE:BANKEX26SEP65500CE,5S,2026-08-17,2026-09-16,1,1,1,200,ok
2026-09-24 12:44:53,/history,BSE:BANKEX26SEP65600PE,5S,2026-08-17,2026-09-16,1,1,1,200,ok
2026-09-24 12:44:53,/history,BSE:BANKEX26SEP65600CE,5S,2026-08-17,2026-09-16,1,1,1,200,ok
2026-09-24 12:44:53,/history,BSE:BANKEX26SEP65600CE,5,2026-06-16,2026-09-24,1,1,1,200,ok
2026-09-24 12:44:53,/history,BSE:BANKEX26SEP65600PE,5S,2026-09-17,2026-09-24,1,1,1,200,ok
2026-09-24 12:44:54,/history,BSE:BANKEX26SEP65600PE,5,2026-06-16,2026-09-24,1,1,1,200,ok
2026-09-24 12:44:54,/history,BSE:BANKEX26SEP65600CE,5S,2026-09-17,2026-09-24,1,1,1,200,ok
2026-09-24 12:44:54,/history,BSE:BANKEX26SEP65500CE,5S,2026-09-17,2026-09-24,1,1,1,200,ok
2026-09-24 12:44:54,/history,BSE:BANKEX26SEP65600CE,60,2026-06-16,2026-09-24,1,1,1,200,ok
2026-09-24 12:44:55,/history,BSE:BANKEX26SEP65600PE,60,2026-06-16,2026-09-24,1,1,1,200,ok
2026-09-24 12:44:55,/history,BSE:BANKEX26SEP65600CE,D,2026-06-16,2026-09-24,1,1,1,200,ok
2026-09-24 12:44:55,/history,BSE:BANKEX26SEP65600PE,D,2026-06-16,2026-09-24,1,1,1,200,ok
2026-09-24 12:44:55,/history,BSE:BANKEX26SEP65700CE,5S,2026-06-16,2026-07-16,1,1,1,200,no_data
2026-09-24 12:44:55,/history,BSE:BANKEX26SEP65700PE,5S,2026-06-16,2026-07-16,1,1,1,200,no_data
2026-09-24 12:44:55,/history,BSE:BANKEX26SEP65700CE,1,2026-06-16,2026-09-24,1,1,1,200,ok
2026-09-24 12:44:55,/history,BSE:BANKEX26SEP65700CE,5S,2026-07-17,2026-08-16,1,1,1,200,no_data
2026-09-24 12:44:55,/history,BSE:BANKEX26SEP65700PE,1,2026-06-16,2026-09-24,1,1,1,200,ok
2026-09-24 12:44:55,/history,BSE:BANKEX26SEP65700PE,5S,2026-07-17,2026-08-16,1,1,1,200,no_data
2026-09-24 12:44:56,/history,BSE:BANKEX26SEP65700CE,5,2026-06-16,2026-09-24,1,1,1,200,ok
2026-09-24 12:44:56,/history,BSE:BANKEX26SEP65700PE,5,2026-06-16,2026-09-24,1,1,1,200,ok
2026-09-24 12:44:56,/history,BSE:BANKEX26SEP65700CE,D,2026-06-16,2026-09-24,1,1,1,200,ok
2026-09-24 12:44:56,/history,BSE:BANKEX26SEP65700CE,5S,2026-08-17,2026-09-16,1,1,1,200,ok
2026-09-24 12:44:56,/history,BSE:BANKEX26SEP65700PE,60,2026-06-16,2026-09-24,1,1,1,200,ok
2026-09-24 12:44:56,/history,BSE:BANKEX26SEP65700CE,60,2026-06-16,2026-09-24,1,1,1,200,ok
2026-09-24 12:44:56,/history,BSE:BANKEX26SEP65700PE,D,2026-06-16,2026-09-24,1,1,1,200,ok
2026-09-24 12:44:56,/history,BSE:BANKEX26SEP65800CE,5S,2026-06-16,2026-07-16,1,1,1,200,no_data
2026-09-24 12:44:57,/history,BSE:BANKEX26SEP65700PE,5S,2026-08-17,2026-09-16,1,1,1,200,ok
2026-09-24 12:44:57,/history,BSE:BANKEX26SEP65800CE,1,2026-06-16,2026-09-24,1,1,1,200,ok
2026-09-24 12:44:57,/history,BSE:BANKEX26SEP65700CE,5S,2026-09-17,2026-09-24,1,1,1,200,ok
2026-09-24 12:44:57,/history,BSE:BANKEX26SEP65800CE,5S,2026-07-17,2026-08-16,1,1,1,200,no_data
2026-09-24 12:44:57,/history,BSE:BANKEX26SEP65800PE,5S,2026-06-16,2026-07-16,1,1,1,200,no_data
2026-09-24 12:44:57,/history,BSE:BANKEX26SEP65800PE,1,2026-06-16,2026-09-24,1,1,1,200,ok
2026-09-24 12:44:57,/history,BSE:BANKEX26SEP65700PE,5S,2026-09-17,2026-09-24,1,1,1,200,ok
2026-09-24 12:44:57,/history,BSE:BANKEX26SEP65800CE,5,2026-06-16,2026-09-24,1,1,1,200,ok
2026-09-24 12:44:57,/history,BSE:BANKEX26SEP65800CE,5S,2026-08-17,2026-09-16,1,1,1,200,no_data
2026-09-24 12:44:58,/history,BSE:BANKEX26SEP65800PE,5S,2026-07-17,2026-08-16,1,1,1,200,no_data
2026-09-24 12:44:58,/history,BSE:BANKEX26SEP65800PE,5,2026-06-16,2026-09-24,1,1,1,200,ok
2026-09-24 12:44:58,/history,BSE:BANKEX26SEP65800PE,60,2026-06-16,2026-09-24,1,1,1,200,ok
2026-09-24 12:44:58,/history,BSE:BANKEX26SEP65800CE,60,2026-06-16,2026-09-24,1,1,1,200,ok
2026-09-24 12:44:58,/history,BSE:BANKEX26SEP65900CE,5S,2026-06-16,2026-07-16,1,1,1,200,no_data
2026-09-24 12:44:59,/history,BSE:BANKEX26SEP65900CE,5S,2026-07-17,2026-08-16,1,1,1,200,no_data
2026-09-24 12:44:59,/history,BSE:BANKEX26SEP65900CE,5S,2026-08-17,2026-09-16,1,1,1,200,no_data
2026-09-24 12:44:59,/history,BSE:BANKEX26SEP65800PE,D,2026-06-16,2026-09-24,1,1,1,200,ok
2026-09-24 12:45:00,/history,BSE:BANKEX26SEP65800CE,5S,2026-09-17,2026-09-24,1,1,1,200,ok
2026-09-24 12:45:00,/history,BSE:BANKEX26SEP65800PE,5S,2026-08-17,2026-09-16,1,1,1,200,ok
2026-09-24 12:45:00,/history,BSE:BANKEX26SEP65900CE,5S,2026-09-17,2026-09-24,1,1,1,200,ok
2026-09-24 12:45:01,/history,BSE:BANKEX26SEP65800PE,5S,2026-09-17,2026-09-24,1,1,1,200,ok
2026-09-24 12:45:01,/history,BSE:BANKEX26SEP65900PE,1,2026-06-16,2026-09-24,1,1,1,200,ok
2026-09-24 12:45:01,/history,BSE:BANKEX26SEP65800CE,D,2026-06-16,2026-09-24,1,1,1,200,no_data
2026-09-24 12:45:01,/history,BSE:BANKEX26SEP65900CE,5,2026-06-16,2026-09-24,1,1,1,200,ok
2026-09-24 12:45:01,/history,BSE:BANKEX26SEP65900PE,5,2026-06-16,2026-09-24,1,1,1,200,ok
2026-09-24 12:45:02,/history,BSE:BANKEX26SEP65900CE,60,2026-06-16,2026-09-24,1,1,1,200,ok
2026-09-24 12:45:02,/history,BSE:BANKEX26SEP65900PE,60,2026-06-16,2026-09-24,1,1,1,200,ok
2026-09-24 12:45:02,/history,BSE:BANKEX26SEP65900CE,D,2026-06-16,2026-09-24,1,1,1,200,no_data
2026-09-24 12:45:02,/history,BSE:BANKEX26SEP65900CE,1,2026-06-16,2026-09-24,1,1,1,200,ok
2026-09-24 12:45:02,/history,BSE:BANKEX26SEP66000CE,5S,2026-06-16,2026-07-16,1,1,1,200,no_data
2026-09-24 12:45:02,/history,BSE:BANKEX26SEP66000CE,1,2026-06-16,2026-09-24,1,1,1,200,ok
2026-09-24 12:45:02,/history,BSE:BANKEX26SEP66000CE,5S,2026-07-17,2026-08-16,1,1,1,200,no_data
2026-09-24 12:45:02,/history,BSE:BANKEX26SEP65900PE,5S,2026-06-16,2026-07-16,1,1,1,200,no_data
2026-09-24 12:45:02,/history,BSE:BANKEX26SEP66000PE,1,2026-06-16,2026-09-24,1,1,1,200,ok
2026-09-24 12:45:03,/history,BSE:BANKEX26SEP65900PE,5S,2026-07-17,2026-08-16,1,1,1,200,no_data
2026-09-24 12:45:03,/history,BSE:BANKEX26SEP65900PE,D,2026-06-16,2026-09-24,1,1,1,200,ok
2026-09-24 12:45:03,/history,BSE:BANKEX26SEP66000CE,5,2026-06-16,2026-09-24,1,1,1,200,ok
2026-09-24 12:45:03,/history,BSE:BANKEX26SEP66000PE,5,2026-06-16,2026-09-24,1,1,1,200,ok
2026-09-24 12:45:03,/history,BSE:BANKEX26SEP66000CE,60,2026-06-16,2026-09-24,1,1,1,200,ok
2026-09-24 12:45:04,/history,BSE:BANKEX26SEP66000CE,D,2026-06-16,2026-09-24,1,1,1,200,ok
2026-09-24 12:45:04,/history,BSE:BANKEX26SEP66000PE,60,2026-06-16,2026-09-24,1,1,1,200,ok
2026-09-24 12:45:04,/history,BSE:BANKEX26SEP66000CE,5S,2026-08-17,2026-09-16,1,1,1,200,ok
2026-09-24 12:45:04,/history,BSE:BANKEX26SEP66000PE,5S,2026-06-16,2026-07-16,1,1,1,200,no_data
2026-09-24 12:45:04,/history,BSE:BANKEX26SEP66000PE,D,2026-06-16,2026-09-24,1,1,1,200,ok
2026-09-24 12:45:04,/history,BSE:BANKEX26SEP66100CE,5S,2026-06-16,2026-07-16,1,1,1,200,no_data
2026-09-24 12:45:04,/history,BSE:BANKEX26SEP66100PE,5S,2026-06-16,2026-07-16,1,1,1,200,no_data
2026-09-24 12:45:05,/history,BSE:BANKEX26SEP65900PE,5S,2026-08-17,2026-09-16,1,1,1,200,ok
2026-09-24 12:45:05,/history,BSE:BANKEX26SEP66100CE,5S,2026-07-17,2026-08-16,1,1,1,200,no_data
2026-09-24 12:45:05,/history,BSE:BANKEX26SEP66100PE,5S,2026-07-17,2026-08-16,1,1,1,200,no_data
2026-09-24 12:45:06,/history,BSE:BANKEX26SEP66000PE,5S,2026-07-17,2026-08-16,1,1,1,200,no_data
2026-09-24 12:45:06,/history,BSE:BANKEX26SEP65900PE,5S,2026-09-17,2026-09-24,1,1,1,200,ok
2026-09-24 12:45:07,/history,BSE:BANKEX26SEP66100PE,5S,2026-08-17,2026-09-16,1,1,1,200,ok
2026-09-24 12:45:07,/history,BSE:BANKEX26SEP66100CE,5S,2026-08-17,2026-09-16,1,1,1,200,ok
2026-09-24 12:45:07,/history,BSE:BANKEX26SEP66000PE,5S,2026-08-17,2026-09-16,1,1,1,200,ok
2026-09-24 12:45:07,/history,BSE:BANKEX26SEP66000CE,5S,2026-09-17,2026-09-24,1,1,1,200,ok
2026-09-24 12:45:08,/history,BSE:BANKEX26SEP66000PE,5S,2026-09-17,2026-09-24,1,1,1,200,ok
2026-09-24 12:45:08,/history,BSE:BANKEX26SEP66100PE,5S,2026-09-17,2026-09-24,1,1,1,200,ok
2026-09-24 12:45:08,/history,BSE:BANKEX26SEP66100CE,5S,2026-09-17,2026-09-24,1,1,1,200,ok
2026-09-24 12:45:09,/history,BSE:BANKEX26SEP66100CE,1,2026-06-16,2026-09-24,1,1,1,200,ok
2026-09-24 12:45:10,/history,BSE:BANKEX26SEP66100PE,1,2026-06-16,2026-09-24,1,1,1,200,ok
2026-09-24 12:45:10,/history,BSE:BANKEX26SEP66100CE,5,2026-06-16,2026-09-24,1,1,1,200,ok
2026-09-24 12:45:10,/history,BSE:BANKEX26SEP66100PE,5,2026-06-16,2026-09-24,1,1,1,200,ok
2026-09-24 12:45:10,/history,BSE:BANKEX26SEP66100CE,60,2026-06-16,2026-09-24,1,1,1,200,ok
2026-09-24 12:45:10,/history,BSE:BANKEX26SEP66100PE,60,2026-06-16,2026-09-24,1,1,1,200,ok
2026-09-24 12:45:10,/history,BSE:BANKEX26SEP66100CE,D,2026-06-16,2026-09-24,1,1,1,200,ok
2026-09-24 12:45:10,/history,BSE:BANKEX26SEP66100PE,D,2026-06-16,2026-09-24,1,1,1,200,ok
2026-09-24 12:45:10,/history,BSE:BANKEX26SEP66200CE,5S,2026-06-16,2026-07-16,1,1,1,200,no_data
2026-09-24 12:45:10,/history,BSE:BANKEX26SEP66200PE,5S,2026-06-16,2026-07-16,1,1,1,200,no_data
2026-09-24 12:45:11,/history,BSE:BANKEX26SEP66200CE,5,2026-06-16,2026-09-24,1,1,1,200,ok
2026-09-24 12:45:11,/history,BSE:BANKEX26SEP66200PE,5S,2026-07-17,2026-08-16,1,1,1,200,no_data
2026-09-24 12:45:11,/history,BSE:BANKEX26SEP66200CE,5S,2026-07-17,2026-08-16,1,1,1,200,no_data
2026-09-24 12:45:11,/history,BSE:BANKEX26SEP66200CE,1,2026-06-16,2026-09-24,1,1,1,200,ok
2026-09-24 12:45:11,/history,BSE:BANKEX26SEP66200PE,5S,2026-08-17,2026-09-16,1,1,1,200,ok
2026-09-24 12:45:11,/history,BSE:BANKEX26SEP66200PE,5,2026-06-16,2026-09-24,1,1,1,200,ok
2026-09-24 12:45:11,/history,BSE:BANKEX26SEP66200PE,1,2026-06-16,2026-09-24,1,1,1,200,ok
2026-09-24 12:45:11,/history,BSE:BANKEX26SEP66200CE,60,2026-06-16,2026-09-24,1,1,1,200,ok
2026-09-24 12:45:11,/history,BSE:BANKEX26SEP66200PE,5S,2026-09-17,2026-09-24,1,1,1,200,no_data
2026-09-24 12:45:12,/history,BSE:BANKEX26SEP66200PE,D,2026-06-16,2026-09-24,1,1,1,200,ok
2026-09-24 12:45:12,/history,BSE:BANKEX26SEP66300CE,5S,2026-06-16,2026-07-16,1,1,1,200,no_data
2026-09-24 12:45:12,/history,BSE:BANKEX26SEP66200CE,D,2026-06-16,2026-09-24,1,1,1,200,ok
2026-09-24 12:45:12,/history,BSE:BANKEX26SEP66200PE,60,2026-06-16,2026-09-24,1,1,1,200,ok
2026-09-24 12:45:12,/history,BSE:BANKEX26SEP66300PE,5S,2026-06-16,2026-07-16,1,1,1,200,no_data
2026-09-24 12:45:12,/history,BSE:BANKEX26SEP66300CE,1,2026-06-16,2026-09-24,1,1,1,200,ok
2026-09-24 12:45:12,/history,BSE:BANKEX26SEP66200CE,5S,2026-08-17,2026-09-16,1,1,1,200,no_data
2026-09-24 12:45:12,/history,BSE:BANKEX26SEP66300CE,5S,2026-07-17,2026-08-16,1,1,1,200,no_data
2026-09-24 12:45:12,/history,BSE:BANKEX26SEP66300PE,1,2026-06-16,2026-09-24,1,1,1,200,ok
2026-09-24 12:45:13,/history,BSE:BANKEX26SEP66300CE,5S,2026-08-17,2026-09-16,1,1,1,200,no_data
2026-09-24 12:45:13,/history,BSE:BANKEX26SEP66200CE,5S,2026-09-17,2026-09-24,1,1,1,200,ok
2026-09-24 12:45:13,/history,BSE:BANKEX26SEP66300CE,5,2026-06-16,2026-09-24,1,1,1,200,ok
2026-09-24 12:45:13,/history,BSE:BANKEX26SEP66300CE,5S,2026-09-17,2026-09-24,1,1,1,200,ok
2026-09-24 12:45:24,/history,BSE:BANKEX26SEP66300CE,D,2026-06-16,2026-09-24,1,1,1,200,ok
2026-09-24 12:45:24,/history,BSE:BANKEX26SEP66300PE,D,2026-06-16,2026-09-24,1,1,1,200,ok
2026-09-24 12:45:25,/history,BSE:BANKEX26SEP66300PE,5S,2026-07-17,2026-08-16,1,1,1,200,no_data
2026-09-24 12:45:27,/history,BSE:BANKEX26SEP66300PE,5,2026-06-16,2026-09-24,1,1,1,200,ok
2026-09-24 12:45:30,/history,BSE:BANKEX26SEP66300CE,60,2026-06-16,2026-09-24,1,1,1,200,ok
2026-09-24 12:45:31,/history,BSE:BANKEX26SEP66300PE,60,2026-06-16,2026-09-24,1,1,1,200,ok
2026-09-24 12:45:31,/history,BSE:BANKEX26SEP66400CE,5S,2026-06-16,2026-07-16,1,1,1,200,no_data
2026-09-24 12:45:32,/history,BSE:BANKEX26SEP66400PE,5S,2026-06-16,2026-07-16,1,1,1,200,no_data
2026-09-24 12:45:32,/history,BSE:BANKEX26SEP66300PE,5S,2026-08-17,2026-09-16,1,1,1,200,ok
2026-09-24 12:45:33,/history,BSE:BANKEX26SEP66400CE,1,2026-06-16,2026-09-24,1,1,1,200,ok
2026-09-24 12:45:35,/history,BSE:BANKEX26SEP66400PE,1,2026-06-16,2026-09-24,1,1,1,200,ok
2026-09-24 12:45:36,/history,BSE:BANKEX26SEP66400CE,5S,2026-07-17,2026-08-16,1,1,1,200,no_data
2026-09-24 12:45:38,/history,BSE:BANKEX26SEP66400PE,5S,2026-07-17,2026-08-16,1,1,1,200,no_data
2026-09-24 12:45:39,/history,BSE:BANKEX26SEP66300PE,5S,2026-09-17,2026-09-24,1,1,1,200,ok
2026-09-24 12:45:39,/history,BSE:BANKEX26SEP66400CE,5S,2026-08-17,2026-09-16,1,1,1,200,no_data
2026-09-24 12:45:39,/history,BSE:BANKEX26SEP66400CE,60,2026-06-16,2026-09-24,1,1,1,200,ok
2026-09-24 12:45:39,/history,BSE:BANKEX26SEP66400PE,5S,2026-08-17,2026-09-16,1,1,1,200,ok
2026-09-24 12:45:39,/history,BSE:BANKEX26SEP66400CE,5S,2026-09-17,2026-09-24,1,1,1,200,ok
2026-09-24 12:45:40,/history,BSE:BANKEX26SEP66400PE,60,2026-06-16,2026-09-24,1,1,1,200,ok
2026-09-24 12:45:40,/history,BSE:BANKEX26SEP66400PE,5S,2026-09-17,2026-09-24,1,1,1,200,ok
2026-09-24 12:45:41,/history,BSE:BANKEX26SEP66400CE,D,2026-06-16,2026-09-24,1,1,1,200,ok
2026-09-24 12:45:41,/history,BSE:BANKEX26SEP66400CE,5,2026-06-16,2026-09-24,1,1,1,200,ok
2026-09-24 12:45:41,/history,BSE:BANKEX26SEP66400PE,D,2026-06-16,2026-09-24,1,1,1,200,ok
2026-09-24 12:45:42,/history,BSE:BANKEX26SEP66400PE,5,2026-06-16,2026-09-24,1,1,1,200,ok
2026-09-24 12:45:42,/history,BSE:BANKEX26SEP66500PE,5S,2026-06-16,2026-07-16,1,1,1,200,no_data
2026-09-24 12:45:42,/history,BSE:BANKEX26SEP66500CE,1,2026-06-16,2026-09-24,1,1,1,200,ok
2026-09-24 12:45:42,/history,BSE:BANKEX26SEP66500CE,5S,2026-06-16,2026-07-16,1,1,1,200,no_data
2026-09-24 12:45:42,/history,BSE:BANKEX26SEP66500PE,1,2026-06-16,2026-09-24,1,1,1,200,ok
2026-09-24 12:45:43,/history,BSE:BANKEX26SEP66500CE,5,2026-06-16,2026-09-24,1,1,1,200,ok
2026-09-24 12:45:43,/history,BSE:BANKEX26SEP66500PE,5S,2026-07-17,2026-08-16,1,1,1,200,no_data
2026-09-24 12:45:44,/history,BSE:BANKEX26SEP66500CE,5S,2026-07-17,2026-08-16,1,1,1,200,no_data
2026-09-24 12:45:44,/history,BSE:BANKEX26SEP66500PE,60,2026-06-16,2026-09-24,1,1,1,200,ok
2026-09-24 12:45:44,/history,BSE:BANKEX26SEP66500CE,60,2026-06-16,2026-09-24,1,1,1,200,ok
2026-09-24 12:45:44,/history,BSE:BANKEX26SEP66500PE,5,2026-06-16,2026-09-24,1,1,1,200,ok
2026-09-24 12:45:45,/history,BSE:BANKEX26SEP66600CE,5S,2026-06-16,2026-07-16,1,1,1,200,no_data
2026-09-24 12:45:45,/history,BSE:BANKEX26SEP66500CE,D,2026-06-16,2026-09-24,1,1,1,200,ok
2026-09-24 12:45:45,/history,BSE:BANKEX26SEP66500PE,D,2026-06-16,2026-09-24,1,1,1,200,ok
2026-09-24 12:45:45,/history,BSE:BANKEX26SEP66500PE,5S,2026-08-17,2026-09-16,1,1,1,200,ok
2026-09-24 12:45:45,/history,BSE:BANKEX26SEP66500CE,5S,2026-08-17,2026-09-16,1,1,1,200,ok
2026-09-24 12:45:45,/history,BSE:BANKEX26SEP66600PE,5S,2026-06-16,2026-07-16,1,1,1,200,no_data
2026-09-24 12:45:45,/history,BSE:BANKEX26SEP66600CE,5S,2026-07-17,2026-08-16,1,1,1,200,no_data
2026-09-24 12:45:46,/history,BSE:BANKEX26SEP66600CE,5S,2026-08-17,2026-09-16,1,1,1,200,no_data
2026-09-24 12:45:46,/history,BSE:BANKEX26SEP66600PE,5S,2026-07-17,2026-08-16,1,1,1,200,no_data
2026-09-24 12:45:46,/history,BSE:BANKEX26SEP66600PE,5S,2026-08-17,2026-09-16,1,1,1,200,no_data
2026-09-24 12:45:46,/history,BSE:BANKEX26SEP66600PE,5S,2026-09-17,2026-09-24,1,1,1,200,no_data
2026-09-24 12:45:46,/history,BSE:BANKEX26SEP66600CE,5S,2026-09-17,2026-09-24,1,1,1,200,ok
2026-09-24 12:45:47,/history,BSE:BANKEX26SEP66600CE,1,2026-06-16,2026-09-24,1,1,1,200,ok
2026-09-24 12:45:47,/history,BSE:BANKEX26SEP66600PE,1,2026-06-16,2026-09-24,1,1,1,200,no_data
2026-09-24 12:45:47,/history,BSE:BANKEX26SEP66600CE,5,2026-06-16,2026-09-24,1,1,1,200,ok
2026-09-24 12:45:47,/history,BSE:BANKEX26SEP66600PE,5,2026-06-16,2026-09-24,1,1,1,200,no_data
2026-09-24 12:45:47,/history,BSE:BANKEX26SEP66600CE,60,2026-06-16,2026-09-24,1,1,1,200,ok
2026-09-24 12:45:47,/history,BSE:BANKEX26SEP66600PE,60,2026-06-16,2026-09-24,1,1,1,200,no_data
2026-09-24 12:45:47,/history,BSE:BANKEX26SEP66600CE,D,2026-06-16,2026-09-24,1,1,1,200,ok
2026-09-24 12:45:47,/history,BSE:BANKEX26SEP66600PE,D,2026-06-16,2026-09-24,1,1,1,200,no_data
2026-09-24 12:45:47,/history,BSE:BANKEX26SEP66500PE,5S,2026-09-17,2026-09-24,1,1,1,200,no_data
2026-09-24 12:45:48,/history,BSE:BANKEX26SEP66700PE,5S,2026-06-16,2026-07-16,1,1,1,200,no_data
2026-09-24 12:45:48,/history,BSE:BANKEX26SEP66700CE,1,2026-06-16,2026-09-24,1,1,1,200,ok
2026-09-24 12:45:48,/history,BSE:BANKEX26SEP66700CE,5S,2026-06-16,2026-07-16,1,1,1,200,no_data
2026-09-24 12:45:48,/history,BSE:BANKEX26SEP66500CE,5S,2026-09-17,2026-09-24,1,1,1,200,ok
2026-09-24 12:45:48,/history,BSE:BANKEX26SEP66700PE,5S,2026-07-17,2026-08-16,1,1,1,200,no_data
2026-09-24 12:45:48,/history,BSE:BANKEX26SEP66700CE,5,2026-06-16,2026-09-24,1,1,1,200,ok
2026-09-24 12:45:48,/history,BSE:BANKEX26SEP66700CE,5S,2026-07-17,2026-08-16,1,1,1,200,no_data
2026-09-24 12:45:48,/history,BSE:BANKEX26SEP66700PE,1,2026-06-16,2026-09-24,1,1,1,200,no_data
2026-09-24 12:45:49,/history,BSE:BANKEX26SEP66700PE,5S,2026-08-17,2026-09-16,1,1,1,200,no_data
2026-09-24 12:45:49,/history,BSE:BANKEX26SEP66700CE,60,2026-06-16,2026-09-24,1,1,1,200,ok
2026-09-24 12:45:49,/history,BSE:BANKEX26SEP66700PE,5S,2026-09-17,2026-09-24,1,1,1,200,no_data
2026-09-24 12:45:49,/history,BSE:BANKEX26SEP66700PE,60,2026-06-16,2026-09-24,1,1,1,200,no_data
2026-09-24 12:45:49,/history,BSE:BANKEX26SEP66700CE,D,2026-06-16,2026-09-24,1,1,1,200,ok
2026-09-24 12:45:50,/history,BSE:BANKEX26SEP66700PE,D,2026-06-16,2026-09-24,1,1,1,200,no_data
2026-09-24 12:45:51,/history,BSE:BANKEX26SEP66800CE,5S,2026-06-16,2026-07-16,1,1,1,200,no_data
2026-09-24 12:45:52,/history,BSE:BANKEX26SEP66800PE,5S,2026-06-16,2026-07-16,1,1,1,200,no_data
2026-09-24 12:45:52,/history,BSE:BANKEX26SEP66700CE,5S,2026-08-17,2026-09-16,1,1,1,200,no_data
2026-09-24 12:45:52,/history,BSE:BANKEX26SEP66700PE,5,2026-06-16,2026-09-24,1,1,1,200,no_data
2026-09-24 12:45:52,/history,BSE:BANKEX26SEP66800CE,1,2026-06-16,2026-09-24,1,1,1,200,ok
2026-09-24 12:45:52,/history,BSE:BANKEX26SEP66800CE,5S,2026-07-17,2026-08-16,1,1,1,200,no_data
2026-09-24 12:45:52,/history,BSE:BANKEX26SEP66800PE,1,2026-06-16,2026-09-24,1,1,1,200,no_data
2026-09-24 12:45:52,/history,BSE:BANKEX26SEP66800PE,5S,2026-07-17,2026-08-16,1,1,1,200,no_data
2026-09-24 12:45:52,/history,BSE:BANKEX26SEP66700CE,5S,2026-09-17,2026-09-24,1,1,1,200,ok
2026-09-24 12:45:52,/history,BSE:BANKEX26SEP66800CE,5,2026-06-16,2026-09-24,1,1,1,200,ok
2026-09-24 12:45:53,/history,BSE:BANKEX26SEP66800PE,5S,2026-08-17,2026-09-16,1,1,1,200,no_data
2026-09-24 12:45:53,/history,BSE:BANKEX26SEP66800PE,60,2026-06-16,2026-09-24,1,1,1,200,no_data
2026-09-24 12:45:53,/history,BSE:BANKEX26SEP66800CE,60,2026-06-16,2026-09-24,1,1,1,200,ok
2026-09-24 12:45:54,/history,BSE:BANKEX26SEP66800CE,5S,2026-08-17,2026-09-16,1,1,1,200,no_data
2026-09-24 12:45:54,/history,BSE:BANKEX26SEP66800PE,5,2026-06-16,2026-09-24,1,1,1,200,no_data
2026-09-24 12:45:54,/history,BSE:BANKEX26SEP66800PE,5S,2026-09-17,2026-09-24,1,1,1,200,no_data
2026-09-24 12:45:54,/history,BSE:BANKEX26SEP66800CE,D,2026-06-16,2026-09-24,1,1,1,200,ok
2026-09-24 12:45:54,/history,BSE:BANKEX26SEP66800PE,D,2026-06-16,2026-09-24,1,1,1,200,no_data
2026-09-24 12:45:54,/history,BSE:BANKEX26SEP66900PE,5S,2026-06-16,2026-07-16,1,1,1,200,no_data
2026-09-24 12:45:55,/history,BSE:BANKEX26SEP66800CE,5S,2026-09-17,2026-09-24,1,1,1,200,ok
2026-09-24 12:45:55,/history,BSE:BANKEX26SEP66900CE,5S,2026-06-16,2026-07-16,1,1,1,200,no_data
2026-09-24 12:45:55,/history,BSE:BANKEX26SEP66900PE,1,2026-06-16,2026-09-24,1,1,1,200,no_data
2026-09-24 12:45:55,/history,BSE:BANKEX26SEP66900CE,1,2026-06-16,2026-09-24,1,1,1,200,ok
2026-09-24 12:45:55,/history,BSE:BANKEX26SEP66900CE,5S,2026-07-17,2026-08-16,1,1,1,200,no_data
2026-09-24 12:45:55,/history,BSE:BANKEX26SEP66900PE,5S,2026-07-17,2026-08-16,1,1,1,200,no_data
2026-09-24 12:45:55,/history,BSE:BANKEX26SEP66900CE,5,2026-06-16,2026-09-24,1,1,1,200,ok
2026-09-24 12:45:56,/history,BSE:BANKEX26SEP66900PE,5,2026-06-16,2026-09-24,1,1,1,200,no_data
2026-09-24 12:45:56,/history,BSE:BANKEX26SEP66900CE,60,2026-06-16,2026-09-24,1,1,1,200,ok
2026-09-24 12:45:56,/history,BSE:BANKEX26SEP66900CE,D,2026-06-16,2026-09-24,1,1,1,200,ok
2026-09-24 12:45:56,/history,BSE:BANKEX26SEP66900PE,60,2026-06-16,2026-09-24,1,1,1,200,no_data
2026-09-24 12:45:56,/history,BSE:BANKEX26SEP66900PE,D,2026-06-16,2026-09-24,1,1,1,200,no_data
2026-09-24 12:45:56,/history,BSE:BANKEX26SEP66900PE,5S,2026-08-17,2026-09-16,1,1,1,200,no_data
2026-09-24 12:45:56,/history,BSE:BANKEX26SEP66900CE,5S,2026-08-17,2026-09-16,1,1,1,200,ok
2026-09-24 12:45:56,/history,BSE:BANKEX26SEP67000CE,5S,2026-06-16,2026-07-16,1,1,1,200,no_data
2026-09-24 12:45:57,/history,BSE:BANKEX26SEP67000PE,5S,2026-06-16,2026-07-16,1,1,1,200,no_data
2026-09-24 12:45:57,/history,BSE:BANKEX26SEP66900CE,5S,2026-09-17,2026-09-24,1,1,1,200,ok
2026-09-24 12:45:57,/history,BSE:BANKEX26SEP67000CE,1,2026-06-16,2026-09-24,1,1,1,200,ok
2026-09-24 12:45:57,/history,BSE:BANKEX26SEP67000PE,5S,2026-07-17,2026-08-16,1,1,1,200,no_data
2026-09-24 12:45:57,/history,BSE:BANKEX26SEP66900PE,5S,2026-09-17,2026-09-24,1,1,1,200,no_data
2026-09-24 12:45:57,/history,BSE:BANKEX26SEP67000CE,5S,2026-07-17,2026-08-16,1,1,1,200,ok
2026-09-24 12:45:57,/history,BSE:BANKEX26SEP67000PE,5S,2026-08-17,2026-09-16,1,1,1,200,no_data
2026-09-24 12:45:57,/history,BSE:BANKEX26SEP67000PE,1,2026-06-16,2026-09-24,1,1,1,200,no_data
2026-09-24 12:45:58,/history,BSE:BANKEX26SEP67000CE,5,2026-06-16,2026-09-24,1,1,1,200,ok
2026-09-24 12:45:58,/history,BSE:BANKEX26SEP67000PE,5,2026-06-16,2026-09-24,1,1,1,200,no_data
2026-09-24 12:45:58,/history,BSE:BANKEX26SEP67000PE,5S,2026-09-17,2026-09-24,1,1,1,200,no_data
2026-09-24 12:45:58,/history,BSE:BANKEX26SEP67000CE,60,2026-06-16,2026-09-24,1,1,1,200,ok
2026-09-24 12:45:58,/history,BSE:BANKEX26SEP67100CE,5S,2026-06-16,2026-07-16,1,1,1,200,no_data
2026-09-24 12:45:58,/history,BSE:BANKEX26SEP67000PE,60,2026-06-16,2026-09-24,1,1,1,200,no_data
2026-09-24 12:45:58,/history,BSE:BANKEX26SEP67000PE,D,2026-06-16,2026-09-24,1,1,1,200,no_data
2026-09-24 12:45:58,/history,BSE:BANKEX26SEP67100PE,5S,2026-06-16,2026-07-16,1,1,1,200,no_data
2026-09-24 12:45:59,/history,BSE:BANKEX26SEP67000CE,D,2026-06-16,2026-09-24,1,1,1,200,ok
2026-09-24 12:46:00,/history,BSE:BANKEX26SEP67100CE,5S,2026-07-17,2026-08-16,1,1,1,200,no_data
2026-09-24 12:46:01,/history,BSE:BANKEX26SEP67100CE,1,2026-06-16,2026-09-24,1,1,1,200,ok
2026-09-24 12:46:01,/history,BSE:BANKEX26SEP67100CE,5S,2026-08-17,2026-09-16,1,1,1,200,no_data
2026-09-24 12:46:01,/history,BSE:BANKEX26SEP67100PE,5S,2026-07-17,2026-08-16,1,1,1,200,no_data
2026-09-24 12:46:01,/history,BSE:BANKEX26SEP67100PE,1,2026-06-16,2026-09-24,1,1,1,200,no_data
2026-09-24 12:46:01,/history,BSE:BANKEX26SEP67100CE,5,2026-06-16,2026-09-24,1,1,1,200,ok
2026-09-24 12:46:01,/history,BSE:BANKEX26SEP67100PE,5S,2026-08-17,2026-09-16,1,1,1,200,no_data
2026-09-24 12:46:01,/history,BSE:BANKEX26SEP67100CE,60,2026-06-16,2026-09-24,1,1,1,200,ok
2026-09-24 12:46:02,/history,BSE:BANKEX26SEP67000CE,5S,2026-08-17,2026-09-16,1,1,1,200,ok
2026-09-24 12:46:02,/history,BSE:BANKEX26SEP67100PE,5S,2026-09-17,2026-09-24,1,1,1,200,no_data
2026-09-24 12:46:02,/history,BSE:BANKEX26SEP67100PE,60,2026-06-16,2026-09-24,1,1,1,200,no_data
2026-09-24 12:46:02,/history,BSE:BANKEX26SEP67100CE,D,2026-06-16,2026-09-24,1,1,1,200,ok
2026-09-24 12:46:02,/history,BSE:BANKEX26SEP67100PE,D,2026-06-16,2026-09-24,1,1,1,200,no_data
2026-09-24 12:46:02,/history,BSE:BANKEX26SEP67200CE,5S,2026-06-16,2026-07-16,1,1,1,200,no_data
2026-09-24 12:46:02,/history,BSE:BANKEX26SEP67100CE,5S,2026-09-17,2026-09-24,1,1,1,200,ok
2026-09-24 12:46:02,/history,BSE:BANKEX26SEP67100PE,5,2026-06-16,2026-09-24,1,1,1,200,no_data
2026-09-24 12:46:02,/history,BSE:BANKEX26SEP67200PE,5S,2026-06-16,2026-07-16,1,1,1,200,no_data
2026-09-24 12:46:03,/history,BSE:BANKEX26SEP67000CE,5S,2026-09-17,2026-09-24,1,1,1,200,ok
2026-09-24 12:46:03,/history,BSE:BANKEX26SEP67200CE,1,2026-06-16,2026-09-24,1,1,1,200,no_data
2026-09-24 12:46:03,/history,BSE:BANKEX26SEP67200CE,5S,2026-07-17,2026-08-16,1,1,1,200,no_data
2026-09-24 12:46:03,/history,BSE:BANKEX26SEP67200PE,1,2026-06-16,2026-09-24,1,1,1,200,no_data
2026-09-24 12:46:03,/history,BSE:BANKEX26SEP67200PE,5S,2026-07-17,2026-08-16,1,1,1,200,no_data
2026-09-24 12:46:03,/history,BSE:BANKEX26SEP67200CE,5S,2026-08-17,2026-09-16,1,1,1,200,no_data
2026-09-24 12:46:03,/history,BSE:BANKEX26SEP67200CE,5,2026-06-16,2026-09-24,1,1,1,200,no_data
2026-09-24 12:46:03,/history,BSE:BANKEX26SEP67200PE,5S,2026-08-17,2026-09-16,1,1,1,200,no_data
2026-09-24 12:46:04,/history,BSE:BANKEX26SEP67200PE,60,2026-06-16,2026-09-24,1,1,1,200,no_data
2026-09-24 12:46:04,/history,BSE:BANKEX26SEP67200PE,5,2026-06-16,2026-09-24,1,1,1,200,no_data
2026-09-24 12:46:04,/history,BSE:BANKEX26SEP67200CE,D,2026-06-16,2026-09-24,1,1,1,200,no_data
2026-09-24 12:46:04,/history,BSE:BANKEX26SEP67200CE,5S,2026-09-17,2026-09-24,1,1,1,200,no_data
2026-09-24 12:46:05,/history,BSE:BANKEX26SEP67200PE,D,2026-06-16,2026-09-24,1,1,1,200,no_data
2026-09-24 12:46:05,/history,BSE:BANKEX26SEP67200CE,60,2026-06-16,2026-09-24,1,1,1,200,no_data
2026-09-24 12:46:05,/history,BSE:BANKEX26SEP67200PE,5S,2026-09-17,2026-09-24,1,1,1,200,no_data
2026-09-24 12:46:05,/history,BSE:BANKEX26SEP67300PE,5S,2026-06-16,2026-07-16,1,1,1,200,no_data
2026-09-24 12:46:05,/history,BSE:BANKEX26SEP67300CE,1,2026-06-16,2026-09-24,1,1,1,200,ok
2026-09-24 12:46:05,/history,BSE:BANKEX26SEP67300CE,5,2026-06-16,2026-09-24,1,1,1,200,ok
2026-09-24 12:46:05,/history,BSE:BANKEX26SEP67300PE,1,2026-06-16,2026-09-24,1,1,1,200,no_data
2026-09-24 12:46:05,/history,BSE:BANKEX26SEP67300CE,60,2026-06-16,2026-09-24,1,1,1,200,ok
2026-09-24 12:46:05,/history,BSE:BANKEX26SEP67300PE,5,2026-06-16,2026-09-24,1,1,1,200,no_data
2026-09-24 12:46:06,/history,BSE:BANKEX26SEP67300PE,5S,2026-07-17,2026-08-16,1,1,1,200,no_data
2026-09-24 12:46:07,/history,BSE:BANKEX26SEP67300PE,60,2026-06-16,2026-09-24,1,1,1,200,no_data
2026-09-24 12:46:08,/history,BSE:BANKEX26SEP67300CE,5S,2026-06-16,2026-07-16,1,1,1,200,no_data
2026-09-24 12:46:08,/history,BSE:BANKEX26SEP67300CE,D,2026-06-16,2026-09-24,1,1,1,200,ok
2026-09-24 12:46:08,/history,BSE:BANKEX26SEP67300PE,D,2026-06-16,2026-09-24,1,1,1,200,no_data
2026-09-24 12:46:09,/history,BSE:BANKEX26SEP67300CE,5S,2026-07-17,2026-08-16,1,1,1,200,no_data
2026-09-24 12:46:10,/history,BSE:BANKEX26SEP67400CE,5S,2026-06-16,2026-07-16,1,1,1,200,no_data
2026-09-24 12:46:10,/history,BSE:BANKEX26SEP67300PE,5S,2026-08-17,2026-09-16,1,1,1,200,no_data
2026-09-24 12:46:10,/history,BSE:BANKEX26SEP67400PE,5S,2026-06-16,2026-07-16,1,1,1,200,no_data
2026-09-24 12:46:10,/history,BSE:BANKEX26SEP67400CE,1,2026-06-16,2026-09-24,1,1,1,200,ok
2026-09-24 12:46:10,/history,BSE:BANKEX26SEP67400CE,5S,2026-07-17,2026-08-16,1,1,1,200,no_data
2026-09-24 12:46:10,/history,BSE:BANKEX26SEP67300PE,5S,2026-09-17,2026-09-24,1,1,1,200,no_data
2026-09-24 12:46:10,/history,BSE:BANKEX26SEP67300CE,5S,2026-08-17,2026-09-16,1,1,1,200,no_data
2026-09-24 12:46:10,/history,BSE:BANKEX26SEP67400PE,1,2026-06-16,2026-09-24,1,1,1,200,no_data
2026-09-24 12:46:10,/history,BSE:BANKEX26SEP67400CE,5S,2026-08-17,2026-09-16,1,1,1,200,no_data
2026-09-24 12:46:11,/history,BSE:BANKEX26SEP67400CE,5,2026-06-16,2026-09-24,1,1,1,200,ok
2026-09-24 12:46:11,/history,BSE:BANKEX26SEP67400CE,5S,2026-09-17,2026-09-24,1,1,1,200,ok
2026-09-24 12:46:11,/history,BSE:BANKEX26SEP67400PE,5,2026-06-16,2026-09-24,1,1,1,200,no_data
2026-09-24 12:46:11,/history,BSE:BANKEX26SEP67400PE,60,2026-06-16,2026-09-24,1,1,1,200,no_data
2026-09-24 12:46:11,/history,BSE:BANKEX26SEP67300CE,5S,2026-09-17,2026-09-24,1,1,1,200,ok
2026-09-24 12:46:11,/history,BSE:BANKEX26SEP67400PE,5S,2026-07-17,2026-08-16,1,1,1,200,no_data
2026-09-24 12:46:11,/history,BSE:BANKEX26SEP67400CE,60,2026-06-16,2026-09-24,1,1,1,200,ok
2026-09-24 12:46:11,/history,BSE:BANKEX26SEP67400CE,D,2026-06-16,2026-09-24,1,1,1,200,ok
2026-09-24 12:46:11,/history,BSE:BANKEX26SEP67400PE,D,2026-06-16,2026-09-24,1,1,1,200,no_data
2026-09-24 12:46:12,/history,BSE:BANKEX26SEP67400PE,5S,2026-08-17,2026-09-16,1,1,1,200,no_data
2026-09-24 12:46:12,/history,BSE:BANKEX26SEP67500CE,5S,2026-06-16,2026-07-16,1,1,1,200,no_data
2026-09-24 12:46:12,/history,BSE:BANKEX26SEP67400PE,5S,2026-09-17,2026-09-24,1,1,1,200,no_data
2026-09-24 12:46:12,/history,BSE:BANKEX26SEP67500CE,1,2026-06-16,2026-09-24,1,1,1,200,ok
2026-09-24 12:46:12,/history,BSE:BANKEX26SEP67500PE,5S,2026-06-16,2026-07-16,1,1,1,200,no_data
2026-09-24 12:46:12,/history,BSE:BANKEX26SEP67500CE,5S,2026-07-17,2026-08-16,1,1,1,200,no_data
2026-09-24 12:46:12,/history,BSE:BANKEX26SEP67500PE,1,2026-06-16,2026-09-24,1,1,1,200,no_data
2026-09-24 12:46:12,/history,BSE:BANKEX26SEP67500CE,5,2026-06-16,2026-09-24,1,1,1,200,ok
2026-09-24 12:46:13,/history,BSE:BANKEX26SEP67500PE,5,2026-06-16,2026-09-24,1,1,1,200,no_data
2026-09-24 12:46:13,/history,BSE:BANKEX26SEP67500PE,60,2026-06-16,2026-09-24,1,1,1,200,no_data
2026-09-24 12:46:13,/history,BSE:BANKEX26SEP67500PE,5S,2026-07-17,2026-08-16,1,1,1,200,no_data
2026-09-24 12:46:13,/history,BSE:BANKEX26SEP67500CE,D,2026-06-16,2026-09-24,1,1,1,200,ok
2026-09-24 12:46:13,/history,BSE:BANKEX26SEP67500PE,5S,2026-08-17,2026-09-16,1,1,1,200,no_data
2026-09-24 12:46:24,/history,BSE:BANKEX26SEP67500CE,60,2026-06-16,2026-09-24,1,1,1,200,ok
2026-09-24 12:46:25,/history,BSE:BANKEX26SEP67600CE,5S,2026-06-16,2026-07-16,1,1,1,200,no_data
2026-09-24 12:46:25,/history,BSE:BANKEX26SEP67500CE,5S,2026-08-17,2026-09-16,1,1,1,200,ok
2026-09-24 12:46:27,/history,BSE:BANKEX26SEP67500PE,D,2026-06-16,2026-09-24,1,1,1,200,no_data
2026-09-24 12:46:30,/history,BSE:BANKEX26SEP67500PE,5S,2026-09-17,2026-09-24,1,1,1,200,no_data
2026-09-24 12:46:32,/history,BSE:BANKEX26SEP67600PE,5S,2026-06-16,2026-07-16,1,1,1,200,no_data
2026-09-24 12:46:32,/history,BSE:BANKEX26SEP67600CE,1,2026-06-16,2026-09-24,1,1,1,200,ok
2026-09-24 12:46:33,/history,BSE:BANKEX26SEP67600CE,5S,2026-07-17,2026-08-16,1,1,1,200,no_data
2026-09-24 12:46:33,/history,BSE:BANKEX26SEP67500CE,5S,2026-09-17,2026-09-24,1,1,1,200,ok
2026-09-24 12:46:34,/history,BSE:BANKEX26SEP67600PE,1,2026-06-16,2026-09-24,1,1,1,200,no_data
2026-09-24 12:46:35,/history,BSE:BANKEX26SEP67600PE,5S,2026-07-17,2026-08-16,1,1,1,200,no_data
2026-09-24 12:46:36,/history,BSE:BANKEX26SEP67600PE,5,2026-06-16,2026-09-24,1,1,1,200,no_data
2026-09-24 12:46:38,/history,BSE:BANKEX26SEP67600CE,5S,2026-08-17,2026-09-16,1,1,1,200,no_data
2026-09-24 12:46:39,/history,BSE:BANKEX26SEP67600CE,5,2026-06-16,2026-09-24,1,1,1,200,ok
2026-09-24 12:46:39,/history,BSE:BANKEX26SEP67600CE,60,2026-06-16,2026-09-24,1,1,1,200,ok
2026-09-24 12:46:39,/history,BSE:BANKEX26SEP67600PE,5S,2026-08-17,2026-09-16,1,1,1,200,no_data
2026-09-24 12:46:39,/history,BSE:BANKEX26SEP67600CE,D,2026-06-16,2026-09-24,1,1,1,200,ok
2026-09-24 12:46:39,/history,BSE:BANKEX26SEP67600PE,60,2026-06-16,2026-09-24,1,1,1,200,no_data
2026-09-24 12:46:40,/history,BSE:BANKEX26SEP67600PE,D,2026-06-16,2026-09-24,1,1,1,200,no_data
2026-09-24 12:46:40,/history,BSE:BANKEX26SEP67600CE,5S,2026-09-17,2026-09-24,1,1,1,200,ok
2026-09-24 12:46:41,/history,BSE:BANKEX26SEP67700PE,1,2026-06-16,2026-09-24,1,1,1,200,no_data
2026-09-24 12:46:41,/history,BSE:BANKEX26SEP67700CE,5,2026-06-16,2026-09-24,1,1,1,200,ok
2026-09-24 12:46:41,/history,BSE:BANKEX26SEP67700PE,5,2026-06-16,2026-09-24,1,1,1,200,no_data
2026-09-24 12:46:42,/history,BSE:BANKEX26SEP67600PE,5S,2026-09-17,2026-09-24,1,1,1,200,no_data
2026-09-24 12:46:42,/history,BSE:BANKEX26SEP67700PE,5S,2026-06-16,2026-07-16,1,1,1,200,no_data
2026-09-24 12:46:42,/history,BSE:BANKEX26SEP67700CE,5S,2026-06-16,2026-07-16,1,1,1,200,no_data
2026-09-24 12:46:43,/history,BSE:BANKEX26SEP67700CE,1,2026-06-16,2026-09-24,1,1,1,200,ok
2026-09-24 12:46:43,/history,BSE:BANKEX26SEP67700PE,60,2026-06-16,2026-09-24,1,1,1,200,no_data
2026-09-24 12:46:44,/history,BSE:BANKEX26SEP67700PE,5S,2026-07-17,2026-08-16,1,1,1,200,no_data
2026-09-24 12:46:44,/history,BSE:BANKEX26SEP67700CE,5S,2026-07-17,2026-08-16,1,1,1,200,no_data
2026-09-24 12:46:44,/history,BSE:BANKEX26SEP67700CE,60,2026-06-16,2026-09-24,1,1,1,200,ok
2026-09-24 12:46:44,/history,BSE:BANKEX26SEP67700PE,D,2026-06-16,2026-09-24,1,1,1,200,no_data
2026-09-24 12:46:44,/history,BSE:BANKEX26SEP67700CE,D,2026-06-16,2026-09-24,1,1,1,200,ok
2026-09-24 12:46:44,/history,BSE:BANKEX26SEP67700CE,5S,2026-08-17,2026-09-16,1,1,1,200,no_data
2026-09-24 12:46:44,/history,BSE:BANKEX26SEP67700PE,5S,2026-08-17,2026-09-16,1,1,1,200,no_data
2026-09-24 12:46:45,/history,BSE:BANKEX26SEP67800CE,5S,2026-06-16,2026-07-16,1,1,1,200,no_data
2026-09-24 12:46:45,/history,BSE:BANKEX26SEP67800PE,5S,2026-06-16,2026-07-16,1,1,1,200,no_data
2026-09-24 12:46:45,/history,BSE:BANKEX26SEP67800CE,1,2026-06-16,2026-09-24,1,1,1,200,ok
2026-09-24 12:46:45,/history,BSE:BANKEX26SEP67700PE,5S,2026-09-17,2026-09-24,1,1,1,200,no_data
2026-09-24 12:46:45,/history,BSE:BANKEX26SEP67800CE,5S,2026-07-17,2026-08-16,1,1,1,200,no_data
2026-09-24 12:46:45,/history,BSE:BANKEX26SEP67700CE,5S,2026-09-17,2026-09-24,1,1,1,200,ok
2026-09-24 12:46:46,/history,BSE:BANKEX26SEP67800CE,5,2026-06-16,2026-09-24,1,1,1,200,ok
2026-09-24 12:46:46,/history,BSE:BANKEX26SEP67800CE,5S,2026-08-17,2026-09-16,1,1,1,200,ok
2026-09-24 12:46:46,/history,BSE:BANKEX26SEP67800CE,5S,2026-09-17,2026-09-24,1,1,1,200,ok
2026-09-24 12:46:47,/history,BSE:BANKEX26SEP67800PE,60,2026-06-16,2026-09-24,1,1,1,200,no_data
2026-09-24 12:46:47,/history,BSE:BANKEX26SEP67800PE,5S,2026-07-17,2026-08-16,1,1,1,200,no_data
2026-09-24 12:46:47,/history,BSE:BANKEX26SEP67800PE,1,2026-06-16,2026-09-24,1,1,1,200,no_data
2026-09-24 12:46:47,/history,BSE:BANKEX26SEP67800CE,D,2026-06-16,2026-09-24,1,1,1,200,ok
2026-09-24 12:46:47,/history,BSE:BANKEX26SEP67800PE,5S,2026-08-17,2026-09-16,1,1,1,200,no_data
2026-09-24 12:46:47,/history,BSE:BANKEX26SEP67800CE,60,2026-06-16,2026-09-24,1,1,1,200,ok
2026-09-24 12:46:47,/history,BSE:BANKEX26SEP67800PE,D,2026-06-16,2026-09-24,1,1,1,200,no_data
2026-09-24 12:46:47,/history,BSE:BANKEX26SEP67800PE,5S,2026-09-17,2026-09-24,1,1,1,200,no_data
2026-09-24 12:46:47,/history,BSE:BANKEX26SEP67900PE,5S,2026-06-16,2026-07-16,1,1,1,200,no_data
2026-09-24 12:46:48,/history,BSE:BANKEX26SEP67900PE,5S,2026-07-17,2026-08-16,1,1,1,200,no_data
2026-09-24 12:46:48,/history,BSE:BANKEX26SEP67900PE,1,2026-06-16,2026-09-24,1,1,1,200,no_data
2026-09-24 12:46:48,/history,BSE:BANKEX26SEP67900CE,1,2026-06-16,2026-09-24,1,1,1,200,ok
2026-09-24 12:46:48,/history,BSE:BANKEX26SEP67800PE,5,2026-06-16,2026-09-24,1,1,1,200,no_data
2026-09-24 12:46:48,/history,BSE:BANKEX26SEP67900CE,5,2026-06-16,2026-09-24,1,1,1,200,ok
2026-09-24 12:46:48,/history,BSE:BANKEX26SEP67900PE,5S,2026-08-17,2026-09-16,1,1,1,200,no_data
2026-09-24 12:46:48,/history,BSE:BANKEX26SEP67900CE,5S,2026-06-16,2026-07-16,1,1,1,200,no_data
2026-09-24 12:46:48,/history,BSE:BANKEX26SEP67900CE,5S,2026-07-17,2026-08-16,1,1,1,200,no_data
2026-09-24 12:46:49,/history,BSE:BANKEX26SEP67900CE,5S,2026-08-17,2026-09-16,1,1,1,200,no_data
2026-09-24 12:46:49,/history,BSE:BANKEX26SEP67900PE,5,2026-06-16,2026-09-24,1,1,1,200,no_data
2026-09-24 12:46:49,/history,BSE:BANKEX26SEP67900CE,5S,2026-09-17,2026-09-24,1,1,1,200,ok
2026-09-24 12:46:49,/history,BSE:BANKEX26SEP67900PE,60,2026-06-16,2026-09-24,1,1,1,200,no_data
2026-09-24 12:46:49,/history,BSE:BANKEX26SEP67900CE,60,2026-06-16,2026-09-24,1,1,1,200,ok
2026-09-24 12:46:49,/history,BSE:BANKEX26SEP67900PE,5S,2026-09-17,2026-09-24,1,1,1,200,no_data
2026-09-24 12:46:49,/history,BSE:BANKEX26SEP67900CE,D,2026-06-16,2026-09-24,1,1,1,200,ok
2026-09-24 12:46:51,/history,BSE:BANKEX26SEP68000CE,5S,2026-06-16,2026-07-16,1,1,1,200,no_data
2026-09-24 12:46:51,/history,BSE:BANKEX26SEP68000PE,1,2026-06-16,2026-09-24,1,1,1,200,no_data
2026-09-24 12:46:52,/history,BSE:BANKEX26SEP68000CE,5S,2026-07-17,2026-08-16,1,1,1,200,no_data
2026-09-24 12:46:52,/history,BSE:BANKEX26SEP68000CE,5,2026-06-16,2026-09-24,1,1,1,200,ok
2026-09-24 12:46:52,/history,BSE:BANKEX26SEP68000CE,5S,2026-08-17,2026-09-16,1,1,1,200,no_data
2026-09-24 12:46:52,/history,BSE:BANKEX26SEP68000PE,5,2026-06-16,2026-09-24,1,1,1,200,no_data
2026-09-24 12:46:52,/history,BSE:BANKEX26SEP67900PE,D,2026-06-16,2026-09-24,1,1,1,200,no_data
2026-09-24 12:46:52,/history,BSE:BANKEX26SEP68000CE,5S,2026-09-17,2026-09-24,1,1,1,200,ok
2026-09-24 12:46:52,/history,BSE:BANKEX26SEP68000CE,60,2026-06-16,2026-09-24,1,1,1,200,ok
2026-09-24 12:46:53,/history,BSE:BANKEX26SEP68000PE,5S,2026-06-16,2026-07-16,1,1,1,200,no_data
2026-09-24 12:46:53,/history,BSE:BANKEX26SEP68000CE,1,2026-06-16,2026-09-24,1,1,1,200,ok
2026-09-24 12:46:53,/history,BSE:BANKEX26SEP68000PE,5S,2026-07-17,2026-08-16,1,1,1,200,no_data
2026-09-24 12:46:53,/history,BSE:BANKEX26SEP68100CE,5S,2026-06-16,2026-07-16,1,1,1,200,no_data
2026-09-24 12:46:53,/history,BSE:BANKEX26SEP68000CE,D,2026-06-16,2026-09-24,1,1,1,200,ok
2026-09-24 12:46:54,/history,BSE:BANKEX26SEP68000PE,60,2026-06-16,2026-09-24,1,1,1,200,no_data
2026-09-24 12:46:54,/history,BSE:BANKEX26SEP68000PE,5S,2026-08-17,2026-09-16,1,1,1,200,no_data
2026-09-24 12:46:54,/history,BSE:BANKEX26SEP68000PE,D,2026-06-16,2026-09-24,1,1,1,200,no_data
2026-09-24 12:46:54,/history,BSE:BANKEX26SEP68100CE,5S,2026-07-17,2026-08-16,1,1,1,200,no_data
2026-09-24 12:46:54,/history,BSE:BANKEX26SEP68100PE,5S,2026-06-16,2026-07-16,1,1,1,200,no_data
2026-09-24 12:46:54,/history,BSE:BANKEX26SEP68100CE,1,2026-06-16,2026-09-24,1,1,1,200,ok
2026-09-24 12:46:56,/history,BSE:BANKEX26SEP68000PE,5S,2026-09-17,2026-09-24,1,1,1,200,no_data
2026-09-24 12:46:56,/history,BSE:BANKEX26SEP68100PE,1,2026-06-16,2026-09-24,1,1,1,200,no_data
2026-09-24 12:46:56,/history,BSE:BANKEX26SEP68100CE,5S,2026-08-17,2026-09-16,1,1,1,200,no_data
2026-09-24 12:46:56,/history,BSE:BANKEX26SEP68100PE,5S,2026-07-17,2026-08-16,1,1,1,200,no_data
2026-09-24 12:46:56,/history,BSE:BANKEX26SEP68100CE,5,2026-06-16,2026-09-24,1,1,1,200,ok
2026-09-24 12:46:56,/history,BSE:BANKEX26SEP68100PE,5,2026-06-16,2026-09-24,1,1,1,200,no_data
2026-09-24 12:46:56,/history,BSE:BANKEX26SEP68100CE,60,2026-06-16,2026-09-24,1,1,1,200,ok
2026-09-24 12:46:56,/history,BSE:BANKEX26SEP68100CE,5S,2026-09-17,2026-09-24,1,1,1,200,ok
2026-09-24 12:46:56,/history,BSE:BANKEX26SEP68100PE,5S,2026-08-17,2026-09-16,1,1,1,200,no_data
2026-09-24 12:46:57,/history,BSE:BANKEX26SEP68100PE,60,2026-06-16,2026-09-24,1,1,1,200,no_data
2026-09-24 12:46:57,/history,BSE:BANKEX26SEP68100PE,D,2026-06-16,2026-09-24,1,1,1,200,no_data
2026-09-24 12:46:57,/history,BSE:BANKEX26SEP68100PE,5S,2026-09-17,2026-09-24,1,1,1,200,no_data
2026-09-24 12:46:57,/history,BSE:BANKEX26SEP68100CE,D,2026-06-16,2026-09-24,1,1,1,200,ok
2026-09-24 12:46:57,/history,BSE:BANKEX26SEP68200CE,5S,2026-06-16,2026-07-16,1,1,1,200,no_data
2026-09-24 12:46:57,/history,BSE:BANKEX26SEP68200PE,5S,2026-06-16,2026-07-16,1,1,1,200,no_data
2026-09-24 12:46:57,/history,BSE:BANKEX26SEP68200PE,1,2026-06-16,2026-09-24,1,1,1,200,no_data
2026-09-24 12:46:57,/history,BSE:BANKEX26SEP68200CE,1,2026-06-16,2026-09-24,1,1,1,200,no_data
2026-09-24 12:46:57,/history,BSE:BANKEX26SEP68200CE,5,2026-06-16,2026-09-24,1,1,1,200,no_data
2026-09-24 12:46:58,/history,BSE:BANKEX26SEP68200CE,5S,2026-07-17,2026-08-16,1,1,1,200,no_data
2026-09-24 12:46:58,/history,BSE:BANKEX26SEP68200PE,5S,2026-07-17,2026-08-16,1,1,1,200,no_data
2026-09-24 12:46:58,/history,BSE:BANKEX26SEP68200PE,5,2026-06-16,2026-09-24,1,1,1,200,no_data
2026-09-24 12:46:58,/history,BSE:BANKEX26SEP68200PE,60,2026-06-16,2026-09-24,1,1,1,200,no_data
2026-09-24 12:46:58,/history,BSE:BANKEX26SEP68200CE,60,2026-06-16,2026-09-24,1,1,1,200,no_data
2026-09-24 12:46:58,/history,BSE:BANKEX26SEP68200CE,5S,2026-08-17,2026-09-16,1,1,1,200,no_data
2026-09-24 12:46:58,/history,BSE:BANKEX26SEP68200PE,5S,2026-08-17,2026-09-16,1,1,1,200,no_data
2026-09-24 12:46:58,/history,BSE:BANKEX26SEP68200CE,D,2026-06-16,2026-09-24,1,1,1,200,no_data
2026-09-24 12:46:58,/history,BSE:BANKEX26SEP68200PE,D,2026-06-16,2026-09-24,1,1,1,200,no_data
2026-09-24 12:46:59,/history,BSE:BANKEX26SEP68200PE,5S,2026-09-17,2026-09-24,1,1,1,200,no_data
2026-09-24 12:46:59,/history,BSE:BANKEX26SEP68300CE,5S,2026-06-16,2026-07-16,1,1,1,200,no_data
2026-09-24 12:46:59,/history,BSE:BANKEX26SEP68300PE,5S,2026-06-16,2026-07-16,1,1,1,200,no_data
2026-09-24 12:46:59,/history,BSE:BANKEX26SEP68200CE,5S,2026-09-17,2026-09-24,1,1,1,200,no_data
2026-09-24 12:47:00,/history,BSE:BANKEX26SEP68300CE,1,2026-06-16,2026-09-24,1,1,1,200,no_data
2026-09-24 12:47:00,/history,BSE:BANKEX26SEP68300PE,1,2026-06-16,2026-09-24,1,1,1,200,no_data
2026-09-24 12:47:00,/history,BSE:BANKEX26SEP68300CE,5S,2026-07-17,2026-08-16,1,1,1,200,no_data
2026-09-24 12:47:01,/history,BSE:BANKEX26SEP68300PE,5S,2026-07-17,2026-08-16,1,1,1,200,no_data
2026-09-24 12:47:01,/history,BSE:BANKEX26SEP68300CE,5,2026-06-16,2026-09-24,1,1,1,200,no_data
2026-09-24 12:47:01,/history,BSE:BANKEX26SEP68300PE,5,2026-06-16,2026-09-24,1,1,1,200,no_data
2026-09-24 12:47:01,/history,BSE:BANKEX26SEP68300CE,60,2026-06-16,2026-09-24,1,1,1,200,no_data
2026-09-24 12:47:01,/history,BSE:BANKEX26SEP68300CE,5S,2026-08-17,2026-09-16,1,1,1,200,no_data
2026-09-24 12:47:01,/history,BSE:BANKEX26SEP68300PE,5S,2026-08-17,2026-09-16,1,1,1,200,no_data
2026-09-24 12:47:01,/history,BSE:BANKEX26SEP68300PE,60,2026-06-16,2026-09-24,1,1,1,200,no_data
2026-09-24 12:47:02,/history,BSE:BANKEX26SEP68400CE,5S,2026-06-16,2026-07-16,1,1,1,200,no_data
2026-09-24 12:47:02,/history,BSE:BANKEX26SEP68400CE,5S,2026-07-17,2026-08-16,1,1,1,200,no_data
2026-09-24 12:47:02,/history,BSE:BANKEX26SEP68400CE,5S,2026-08-17,2026-09-16,1,1,1,200,no_data
2026-09-24 12:47:02,/history,BSE:BANKEX26SEP68300CE,D,2026-06-16,2026-09-24,1,1,1,200,no_data
2026-09-24 12:47:02,/history,BSE:BANKEX26SEP68300PE,D,2026-06-16,2026-09-24,1,1,1,200,no_data
2026-09-24 12:47:03,/history,BSE:BANKEX26SEP68300CE,5S,2026-09-17,2026-09-24,1,1,1,200,no_data
2026-09-24 12:47:03,/history,BSE:BANKEX26SEP68400CE,5S,2026-09-17,2026-09-24,1,1,1,200,no_data
2026-09-24 12:47:03,/history,BSE:BANKEX26SEP68300PE,5S,2026-09-17,2026-09-24,1,1,1,200,no_data
2026-09-24 12:47:03,/history,BSE:BANKEX26SEP68400PE,5S,2026-06-16,2026-07-16,1,1,1,200,no_data
2026-09-24 12:47:03,/history,BSE:BANKEX26SEP68400CE,1,2026-06-16,2026-09-24,1,1,1,200,no_data
2026-09-24 12:47:03,/history,BSE:BANKEX26SEP68400PE,5S,2026-07-17,2026-08-16,1,1,1,200,no_data
2026-09-24 12:47:03,/history,BSE:BANKEX26SEP68400PE,1,2026-06-16,2026-09-24,1,1,1,200,no_data
2026-09-24 12:47:03,/history,BSE:BANKEX26SEP68400CE,5,2026-06-16,2026-09-24,1,1,1,200,no_data
2026-09-24 12:47:03,/history,BSE:BANKEX26SEP68400CE,60,2026-06-16,2026-09-24,1,1,1,200,no_data
2026-09-24 12:47:04,/history,BSE:BANKEX26SEP68400PE,5,2026-06-16,2026-09-24,1,1,1,200,no_data
2026-09-24 12:47:04,/history,BSE:BANKEX26SEP68400PE,5S,2026-08-17,2026-09-16,1,1,1,200,no_data
2026-09-24 12:47:05,/history,BSE:BANKEX26SEP68400PE,60,2026-06-16,2026-09-24,1,1,1,200,no_data
2026-09-24 12:47:05,/history,BSE:BANKEX26SEP68400CE,D,2026-06-16,2026-09-24,1,1,1,200,no_data
2026-09-24 12:47:05,/history,BSE:BANKEX26SEP68400PE,D,2026-06-16,2026-09-24,1,1,1,200,no_data
2026-09-24 12:47:05,/history,BSE:BANKEX26SEP68500CE,5S,2026-06-16,2026-07-16,1,1,1,200,no_data
2026-09-24 12:47:05,/history,BSE:BANKEX26SEP68400PE,5S,2026-09-17,2026-09-24,1,1,1,200,no_data
2026-09-24 12:47:05,/history,BSE:BANKEX26SEP68500PE,5S,2026-06-16,2026-07-16,1,1,1,200,no_data
2026-09-24 12:47:05,/history,BSE:BANKEX26SEP68500CE,1,2026-06-16,2026-09-24,1,1,1,200,no_data
2026-09-24 12:47:05,/history,BSE:BANKEX26SEP68500CE,5S,2026-07-17,2026-08-16,1,1,1,200,no_data
2026-09-24 12:47:05,/history,BSE:BANKEX26SEP68500PE,1,2026-06-16,2026-09-24,1,1,1,200,no_data
2026-09-24 12:47:06,/history,BSE:BANKEX26SEP68500CE,60,2026-06-16,2026-09-24,1,1,1,200,no_data
2026-09-24 12:47:06,/history,BSE:BANKEX26SEP68500PE,5S,2026-07-17,2026-08-16,1,1,1,200,no_data
2026-09-24 12:47:06,/history,BSE:BANKEX26SEP68500PE,5,2026-06-16,2026-09-24,1,1,1,200,no_data
2026-09-24 12:47:06,/history,BSE:BANKEX26SEP68500CE,5,2026-06-16,2026-09-24,1,1,1,200,no_data
2026-09-24 12:47:06,/history,BSE:BANKEX26SEP68500CE,5S,2026-08-17,2026-09-16,1,1,1,200,no_data
2026-09-24 12:47:07,/history,BSE:BANKEX26SEP68500PE,60,2026-06-16,2026-09-24,1,1,1,200,no_data
2026-09-24 12:47:08,/history,BSE:BANKEX26SEP68500PE,5S,2026-08-17,2026-09-16,1,1,1,200,no_data
2026-09-24 12:47:08,/history,BSE:BANKEX26SEP68500CE,D,2026-06-16,2026-09-24,1,1,1,200,no_data
2026-09-24 12:47:08,/history,BSE:BANKEX26SEP68500PE,D,2026-06-16,2026-09-24,1,1,1,200,no_data
2026-09-24 12:47:09,/history,BSE:BANKEX26SEP68500CE,5S,2026-09-17,2026-09-24,1,1,1,200,no_data
2026-09-24 12:47:10,/history,BSE:BANKEX26SEP68600CE,5S,2026-06-16,2026-07-16,1,1,1,200,no_data
2026-09-24 12:47:10,/history,BSE:BANKEX26SEP68500PE,5S,2026-09-17,2026-09-24,1,1,1,200,no_data
2026-09-24 12:47:10,/history,BSE:BANKEX26SEP68600PE,5S,2026-06-16,2026-07-16,1,1,1,200,no_data
2026-09-24 12:47:10,/history,BSE:BANKEX26SEP68600PE,1,2026-06-16,2026-09-24,1,1,1,200,no_data
2026-09-24 12:47:10,/history,BSE:BANKEX26SEP68600CE,5S,2026-07-17,2026-08-16,1,1,1,200,no_data
2026-09-24 12:47:11,/history,BSE:BANKEX26SEP68600CE,1,2026-06-16,2026-09-24,1,1,1,200,no_data
2026-09-24 12:47:11,/history,BSE:BANKEX26SEP68600CE,5,2026-06-16,2026-09-24,1,1,1,200,no_data
2026-09-24 12:47:11,/history,BSE:BANKEX26SEP68600PE,5S,2026-07-17,2026-08-16,1,1,1,200,no_data
2026-09-24 12:47:11,/history,BSE:BANKEX26SEP68600PE,5,2026-06-16,2026-09-24,1,1,1,200,no_data
2026-09-24 12:47:11,/history,BSE:BANKEX26SEP68600PE,60,2026-06-16,2026-09-24,1,1,1,200,no_data
2026-09-24 12:47:11,/history,BSE:BANKEX26SEP68600CE,D,2026-06-16,2026-09-24,1,1,1,200,no_data
2026-09-24 12:47:11,/history,BSE:BANKEX26SEP68600CE,5S,2026-08-17,2026-09-16,1,1,1,200,no_data
2026-09-24 12:47:11,/history,BSE:BANKEX26SEP68600CE,60,2026-06-16,2026-09-24,1,1,1,200,no_data
2026-09-24 12:47:11,/history,BSE:BANKEX26SEP68600PE,5S,2026-08-17,2026-09-16,1,1,1,200,no_data
2026-09-24 12:47:12,/history,BSE:BANKEX26SEP68600PE,D,2026-06-16,2026-09-24,1,1,1,200,no_data
2026-09-24 12:47:12,/history,BSE:BANKEX26SEP68600CE,5S,2026-09-17,2026-09-24,1,1,1,200,no_data
2026-09-24 12:47:12,/history,BSE:BANKEX26SEP68700CE,5S,2026-06-16,2026-07-16,1,1,1,200,no_data
2026-09-24 12:47:12,/history,BSE:BANKEX26SEP68600PE,5S,2026-09-17,2026-09-24,1,1,1,200,no_data
2026-09-24 12:47:12,/history,BSE:BANKEX26SEP68700CE,1,2026-06-16,2026-09-24,1,1,1,200,ok
2026-09-24 12:47:12,/history,BSE:BANKEX26SEP68700PE,1,2026-06-16,2026-09-24,1,1,1,200,no_data
2026-09-24 12:47:12,/history,BSE:BANKEX26SEP68700CE,5S,2026-07-17,2026-08-16,1,1,1,200,no_data
2026-09-24 12:47:12,/history,BSE:BANKEX26SEP68700PE,5S,2026-06-16,2026-07-16,1,1,1,200,no_data
2026-09-24 12:47:13,/history,BSE:BANKEX26SEP68700PE,5,2026-06-16,2026-09-24,1,1,1,200,no_data
2026-09-24 12:47:13,/history,BSE:BANKEX26SEP68700CE,5,2026-06-16,2026-09-24,1,1,1,200,ok
2026-09-24 12:47:13,/history,BSE:BANKEX26SEP68700CE,60,2026-06-16,2026-09-24,1,1,1,200,ok
2026-09-24 12:47:13,/history,BSE:BANKEX26SEP68700CE,5S,2026-08-17,2026-09-16,1,1,1,200,no_data
2026-09-24 12:47:13,/history,BSE:BANKEX26SEP68700PE,5S,2026-07-17,2026-08-16,1,1,1,200,no_data
2026-09-24 12:47:13,/history,BSE:BANKEX26SEP68700CE,5S,2026-09-17,2026-09-24,1,1,1,200,ok
2026-09-24 12:47:13,/history,BSE:BANKEX26SEP68700CE,D,2026-06-16,2026-09-24,1,1,1,200,no_data
2026-09-24 12:47:13,/history,BSE:BANKEX26SEP68700PE,5S,2026-08-17,2026-09-16,1,1,1,200,no_data
2026-09-24 12:47:14,/history,BSE:BANKEX26SEP68700PE,D,2026-06-16,2026-09-24,1,1,1,200,no_data
2026-09-24 12:47:25,/history,BSE:BANKEX26SEP68700PE,60,2026-06-16,2026-09-24,1,1,1,200,no_data
2026-09-24 12:47:25,/history,BSE:BANKEX26SEP68700PE,5S,2026-09-17,2026-09-24,1,1,1,200,no_data
