timestamp,endpoint,symbol,resolution,range_from,range_to,date_format,cont_flag,oi_flag,status_code,message
2026-09-25 20:22:02,/history,MCX:GOLDM26OCTFUT,5S,2026-06-17,2026-07-17,1,1,1,200,ok
2026-09-25 20:22:07,/history,MCX:GOLDM26OCTFUT,5S,2026-07-18,2026-08-17,1,1,1,200,ok
2026-09-25 20:22:12,/history,MCX:GOLDM26OCTFUT,5S,2026-08-18,2026-09-17,1,1,1,200,ok
2026-09-25 20:22:14,/history,MCX:GOLDM26OCTFUT,5S,2026-09-18,2026-09-25,1,1,1,200,ok
2026-09-25 20:22:20,/history,MCX:GOLDM26OCTFUT,1,2026-06-17,2026-09-25,1,1,1,200,ok
2026-09-25 20:22:22,/history,MCX:GOLDM26OCTFUT,5,2026-06-17,2026-09-25,1,1,1,200,ok
2026-09-25 20:22:22,/history,MCX:GOLDM26OCTFUT,60,2026-06-17,2026-09-25,1,1,1,200,ok
2026-09-25 20:22:23,/history,MCX:GOLDM26OCTFUT,D,2026-06-17,2026-09-25,1,1,1,200,ok
2026-09-25 20:22:23,/history,MCX:GOLDM26OCTFUT,D,2026-03-29,2026-09-25,1,1,1,200,ok
2026-09-25 20:22:23,/history,MCX:GOLDM26SEP131500CE,5S,2026-06-17,2026-07-17,1,1,1,200,no_data
2026-09-25 20:22:23,/history,MCX:GOLDM26SEP131500PE,5S,2026-06-17,2026-07-17,1,1,1,200,no_data
2026-09-25 20:22:23,/history,MCX:GOLDM26SEP131500PE,1,2026-06-17,2026-09-25,1,1,1,200,no_data
2026-09-25 20:22:23,/history,MCX:GOLDM26SEP131500CE,5,2026-06-17,2026-09-25,1,1,1,200,no_data
2026-09-25 20:22:23,/history,MCX:GOLDM26SEP131500CE,1,2026-06-17,2026-09-25,1,1,1,200,no_data
2026-09-25 20:22:24,/history,MCX:GOLDM26SEP131500CE,5S,2026-07-18,2026-08-17,1,1,1,200,no_data
2026-09-25 20:22:24,/history,MCX:GOLDM26SEP131500PE,5S,2026-07-18,2026-08-17,1,1,1,200,no_data
2026-09-25 20:22:24,/history,MCX:GOLDM26SEP131500PE,5,2026-06-17,2026-09-25,1,1,1,200,no_data
2026-09-25 20:22:24,/history,MCX:GOLDM26SEP131500CE,60,2026-06-17,2026-09-25,1,1,1,200,no_data
2026-09-25 20:22:24,/history,MCX:GOLDM26SEP131500PE,60,2026-06-17,2026-09-25,1,1,1,200,no_data
2026-09-25 20:22:24,/history,MCX:GOLDM26SEP131500CE,5S,2026-08-18,2026-09-17,1,1,1,200,no_data
2026-09-25 20:22:24,/history,MCX:GOLDM26SEP131500PE,5S,2026-08-18,2026-09-17,1,1,1,200,no_data
2026-09-25 20:22:24,/history,MCX:GOLDM26SEP131500PE,D,2026-06-17,2026-09-25,1,1,1,200,ok
2026-09-25 20:22:25,/history,MCX:GOLDM26SEP131500CE,D,2026-06-17,2026-09-25,1,1,1,200,ok
2026-09-25 20:22:25,/history,MCX:GOLDM26SEP132000CE,5S,2026-06-17,2026-07-17,1,1,1,200,no_data
2026-09-25 20:22:25,/history,MCX:GOLDM26SEP131500CE,5S,2026-09-18,2026-09-25,1,1,1,200,no_data
2026-09-25 20:22:25,/history,MCX:GOLDM26SEP131500PE,5S,2026-09-18,2026-09-25,1,1,1,200,no_data
2026-09-25 20:22:25,/history,MCX:GOLDM26SEP132000PE,5S,2026-06-17,2026-07-17,1,1,1,200,no_data
2026-09-25 20:22:25,/history,MCX:GOLDM26SEP132000CE,1,2026-06-17,2026-09-25,1,1,1,200,no_data
2026-09-25 20:22:25,/history,MCX:GOLDM26SEP132000CE,5,2026-06-17,2026-09-25,1,1,1,200,no_data
2026-09-25 20:22:25,/history,MCX:GOLDM26SEP132000PE,1,2026-06-17,2026-09-25,1,1,1,200,no_data
2026-09-25 20:22:26,/history,MCX:GOLDM26SEP132000PE,5S,2026-07-18,2026-08-17,1,1,1,200,no_data
2026-09-25 20:22:26,/history,MCX:GOLDM26SEP132000CE,5S,2026-07-18,2026-08-17,1,1,1,200,no_data
2026-09-25 20:22:26,/history,MCX:GOLDM26SEP132000PE,5,2026-06-17,2026-09-25,1,1,1,200,no_data
2026-09-25 20:22:26,/history,MCX:GOLDM26SEP132000CE,60,2026-06-17,2026-09-25,1,1,1,200,no_data
2026-09-25 20:22:26,/history,MCX:GOLDM26SEP132000PE,60,2026-06-17,2026-09-25,1,1,1,200,no_data
2026-09-25 20:22:26,/history,MCX:GOLDM26SEP132000CE,D,2026-06-17,2026-09-25,1,1,1,200,ok
2026-09-25 20:22:26,/history,MCX:GOLDM26SEP132000PE,5S,2026-08-18,2026-09-17,1,1,1,200,no_data
2026-09-25 20:22:26,/history,MCX:GOLDM26SEP132000CE,5S,2026-08-18,2026-09-17,1,1,1,200,no_data
2026-09-25 20:22:27,/history,MCX:GOLDM26SEP132500CE,5S,2026-06-17,2026-07-17,1,1,1,200,no_data
2026-09-25 20:22:27,/history,MCX:GOLDM26SEP132500PE,5S,2026-06-17,2026-07-17,1,1,1,200,no_data
2026-09-25 20:22:27,/history,MCX:GOLDM26SEP132000PE,D,2026-06-17,2026-09-25,1,1,1,200,ok
2026-09-25 20:22:27,/history,MCX:GOLDM26SEP132500CE,5S,2026-07-18,2026-08-17,1,1,1,200,no_data
2026-09-25 20:22:27,/history,MCX:GOLDM26SEP132500PE,5S,2026-07-18,2026-08-17,1,1,1,200,no_data
2026-09-25 20:22:27,/history,MCX:GOLDM26SEP132500CE,1,2026-06-17,2026-09-25,1,1,1,200,no_data
2026-09-25 20:22:27,/history,MCX:GOLDM26SEP132500CE,5S,2026-08-18,2026-09-17,1,1,1,200,no_data
2026-09-25 20:22:28,/history,MCX:GOLDM26SEP132500PE,5S,2026-08-18,2026-09-17,1,1,1,200,no_data
2026-09-25 20:22:28,/history,MCX:GOLDM26SEP132000PE,5S,2026-09-18,2026-09-25,1,1,1,200,no_data
2026-09-25 20:22:28,/history,MCX:GOLDM26SEP132500PE,1,2026-06-17,2026-09-25,1,1,1,200,no_data
2026-09-25 20:22:28,/history,MCX:GOLDM26SEP132500CE,5S,2026-09-18,2026-09-25,1,1,1,200,no_data
2026-09-25 20:22:28,/history,MCX:GOLDM26SEP132000CE,5S,2026-09-18,2026-09-25,1,1,1,200,no_data
2026-09-25 20:22:28,/history,MCX:GOLDM26SEP132500PE,5S,2026-09-18,2026-09-25,1,1,1,200,no_data
2026-09-25 20:22:28,/history,MCX:GOLDM26SEP132500PE,5,2026-06-17,2026-09-25,1,1,1,200,no_data
2026-09-25 20:22:28,/history,MCX:GOLDM26SEP132500CE,5,2026-06-17,2026-09-25,1,1,1,200,no_data
2026-09-25 20:22:28,/history,MCX:GOLDM26SEP132500CE,60,2026-06-17,2026-09-25,1,1,1,200,no_data
2026-09-25 20:22:29,/history,MCX:GOLDM26SEP132500PE,60,2026-06-17,2026-09-25,1,1,1,200,no_data
2026-09-25 20:22:29,/history,MCX:GOLDM26SEP133000PE,5S,2026-06-17,2026-07-17,1,1,1,200,no_data
2026-09-25 20:22:29,/history,MCX:GOLDM26SEP132500PE,D,2026-06-17,2026-09-25,1,1,1,200,ok
2026-09-25 20:22:29,/history,MCX:GOLDM26SEP133000CE,5S,2026-06-17,2026-07-17,1,1,1,200,no_data
2026-09-25 20:22:29,/history,MCX:GOLDM26SEP132500CE,D,2026-06-17,2026-09-25,1,1,1,200,ok
2026-09-25 20:22:29,/history,MCX:GOLDM26SEP133000PE,5S,2026-07-18,2026-08-17,1,1,1,200,no_data
2026-09-25 20:22:29,/history,MCX:GOLDM26SEP133000CE,5,2026-06-17,2026-09-25,1,1,1,200,no_data
2026-09-25 20:22:29,/history,MCX:GOLDM26SEP133000PE,1,2026-06-17,2026-09-25,1,1,1,200,no_data
2026-09-25 20:22:29,/history,MCX:GOLDM26SEP133000PE,5,2026-06-17,2026-09-25,1,1,1,200,no_data
2026-09-25 20:22:30,/history,MCX:GOLDM26SEP133000CE,5S,2026-07-18,2026-08-17,1,1,1,200,no_data
2026-09-25 20:22:30,/history,MCX:GOLDM26SEP133000PE,5S,2026-08-18,2026-09-17,1,1,1,200,no_data
2026-09-25 20:22:30,/history,MCX:GOLDM26SEP133000PE,60,2026-06-17,2026-09-25,1,1,1,200,no_data
2026-09-25 20:22:30,/history,MCX:GOLDM26SEP133000CE,60,2026-06-17,2026-09-25,1,1,1,200,no_data
2026-09-25 20:22:30,/history,MCX:GOLDM26SEP133000CE,1,2026-06-17,2026-09-25,1,1,1,200,no_data
2026-09-25 20:22:30,/history,MCX:GOLDM26SEP133000CE,5S,2026-08-18,2026-09-17,1,1,1,200,no_data
2026-09-25 20:22:30,/history,MCX:GOLDM26SEP133000PE,D,2026-06-17,2026-09-25,1,1,1,200,ok
2026-09-25 20:22:30,/history,MCX:GOLDM26SEP133500CE,5S,2026-06-17,2026-07-17,1,1,1,200,no_data
2026-09-25 20:22:30,/history,MCX:GOLDM26SEP133000CE,D,2026-06-17,2026-09-25,1,1,1,200,ok
2026-09-25 20:22:31,/history,MCX:GOLDM26SEP133500CE,5S,2026-07-18,2026-08-17,1,1,1,200,no_data
2026-09-25 20:22:31,/history,MCX:GOLDM26SEP133500PE,5S,2026-06-17,2026-07-17,1,1,1,200,no_data
2026-09-25 20:22:31,/history,MCX:GOLDM26SEP133000PE,5S,2026-09-18,2026-09-25,1,1,1,200,no_data
2026-09-25 20:22:31,/history,MCX:GOLDM26SEP133500CE,1,2026-06-17,2026-09-25,1,1,1,200,no_data
2026-09-25 20:22:31,/history,MCX:GOLDM26SEP133000CE,5S,2026-09-18,2026-09-25,1,1,1,200,no_data
2026-09-25 20:22:31,/history,MCX:GOLDM26SEP133500PE,5S,2026-07-18,2026-08-17,1,1,1,200,no_data
2026-09-25 20:22:31,/history,MCX:GOLDM26SEP133500CE,5,2026-06-17,2026-09-25,1,1,1,200,no_data
2026-09-25 20:22:31,/history,MCX:GOLDM26SEP133500CE,5S,2026-08-18,2026-09-17,1,1,1,200,no_data
2026-09-25 20:22:31,/history,MCX:GOLDM26SEP133500PE,5,2026-06-17,2026-09-25,1,1,1,200,no_data
2026-09-25 20:22:32,/history,MCX:GOLDM26SEP133500PE,60,2026-06-17,2026-09-25,1,1,1,200,no_data
2026-09-25 20:22:32,/history,MCX:GOLDM26SEP133500PE,5S,2026-08-18,2026-09-17,1,1,1,200,no_data
2026-09-25 20:22:32,/history,MCX:GOLDM26SEP133500PE,1,2026-06-17,2026-09-25,1,1,1,200,no_data
2026-09-25 20:22:32,/history,MCX:GOLDM26SEP133500CE,5S,2026-09-18,2026-09-25,1,1,1,200,no_data
2026-09-25 20:22:32,/history,MCX:GOLDM26SEP133500PE,D,2026-06-17,2026-09-25,1,1,1,200,ok
2026-09-25 20:22:32,/history,MCX:GOLDM26SEP133500CE,D,2026-06-17,2026-09-25,1,1,1,200,ok
2026-09-25 20:22:32,/history,MCX:GOLDM26SEP133500PE,5S,2026-09-18,2026-09-25,1,1,1,200,no_data
2026-09-25 20:22:32,/history,MCX:GOLDM26SEP133500CE,60,2026-06-17,2026-09-25,1,1,1,200,no_data
2026-09-25 20:22:32,/history,MCX:GOLDM26SEP134000CE,5S,2026-06-17,2026-07-17,1,1,1,200,no_data
2026-09-25 20:22:33,/history,MCX:GOLDM26SEP134000PE,5S,2026-06-17,2026-07-17,1,1,1,200,no_data
2026-09-25 20:22:33,/history,MCX:GOLDM26SEP134000CE,5,2026-06-17,2026-09-25,1,1,1,200,no_data
2026-09-25 20:22:33,/history,MCX:GOLDM26SEP134000CE,5S,2026-07-18,2026-08-17,1,1,1,200,no_data
2026-09-25 20:22:33,/history,MCX:GOLDM26SEP134000PE,1,2026-06-17,2026-09-25,1,1,1,200,no_data
2026-09-25 20:22:33,/history,MCX:GOLDM26SEP134000CE,1,2026-06-17,2026-09-25,1,1,1,200,no_data
2026-09-25 20:22:33,/history,MCX:GOLDM26SEP134000PE,5S,2026-07-18,2026-08-17,1,1,1,200,no_data
2026-09-25 20:22:33,/history,MCX:GOLDM26SEP134000PE,5,2026-06-17,2026-09-25,1,1,1,200,no_data
2026-09-25 20:22:33,/history,MCX:GOLDM26SEP134000CE,5S,2026-08-18,2026-09-17,1,1,1,200,no_data
2026-09-25 20:22:33,/history,MCX:GOLDM26SEP134000CE,60,2026-06-17,2026-09-25,1,1,1,200,no_data
2026-09-25 20:22:34,/history,MCX:GOLDM26SEP134000PE,D,2026-06-17,2026-09-25,1,1,1,200,ok
2026-09-25 20:22:34,/history,MCX:GOLDM26SEP134000PE,5S,2026-08-18,2026-09-17,1,1,1,200,no_data
2026-09-25 20:22:34,/history,MCX:GOLDM26SEP134000CE,D,2026-06-17,2026-09-25,1,1,1,200,ok
2026-09-25 20:22:34,/history,MCX:GOLDM26SEP134000CE,5S,2026-09-18,2026-09-25,1,1,1,200,no_data
2026-09-25 20:22:34,/history,MCX:GOLDM26SEP134000PE,60,2026-06-17,2026-09-25,1,1,1,200,no_data
2026-09-25 20:22:34,/history,MCX:GOLDM26SEP134000PE,5S,2026-09-18,2026-09-25,1,1,1,200,no_data
2026-09-25 20:22:34,/history,MCX:GOLDM26SEP134500CE,5S,2026-06-17,2026-07-17,1,1,1,200,no_data
2026-09-25 20:22:34,/history,MCX:GOLDM26SEP134500CE,1,2026-06-17,2026-09-25,1,1,1,200,no_data
2026-09-25 20:22:34,/history,MCX:GOLDM26SEP134500CE,5S,2026-07-18,2026-08-17,1,1,1,200,no_data
2026-09-25 20:22:35,/history,MCX:GOLDM26SEP134500CE,5S,2026-08-18,2026-09-17,1,1,1,200,no_data
2026-09-25 20:22:35,/history,MCX:GOLDM26SEP134500PE,1,2026-06-17,2026-09-25,1,1,1,200,no_data
2026-09-25 20:22:35,/history,MCX:GOLDM26SEP134500PE,5S,2026-06-17,2026-07-17,1,1,1,200,no_data
2026-09-25 20:22:35,/history,MCX:GOLDM26SEP134500CE,5,2026-06-17,2026-09-25,1,1,1,200,no_data
2026-09-25 20:22:35,/history,MCX:GOLDM26SEP134500PE,5,2026-06-17,2026-09-25,1,1,1,200,no_data
2026-09-25 20:22:35,/history,MCX:GOLDM26SEP134500CE,60,2026-06-17,2026-09-25,1,1,1,200,no_data
2026-09-25 20:22:35,/history,MCX:GOLDM26SEP134500CE,5S,2026-09-18,2026-09-25,1,1,1,200,no_data
2026-09-25 20:22:35,/history,MCX:GOLDM26SEP134500PE,5S,2026-07-18,2026-08-17,1,1,1,200,no_data
2026-09-25 20:22:35,/history,MCX:GOLDM26SEP134500PE,D,2026-06-17,2026-09-25,1,1,1,200,ok
2026-09-25 20:22:36,/history,MCX:GOLDM26SEP135000PE,5S,2026-06-17,2026-07-17,1,1,1,200,no_data
2026-09-25 20:22:36,/history,MCX:GOLDM26SEP134500PE,60,2026-06-17,2026-09-25,1,1,1,200,no_data
2026-09-25 20:22:36,/history,MCX:GOLDM26SEP134500PE,5S,2026-08-18,2026-09-17,1,1,1,200,no_data
2026-09-25 20:22:36,/history,MCX:GOLDM26SEP135000CE,5S,2026-06-17,2026-07-17,1,1,1,200,no_data
2026-09-25 20:22:36,/history,MCX:GOLDM26SEP134500CE,D,2026-06-17,2026-09-25,1,1,1,200,ok
2026-09-25 20:22:36,/history,MCX:GOLDM26SEP134500PE,5S,2026-09-18,2026-09-25,1,1,1,200,no_data
2026-09-25 20:22:36,/history,MCX:GOLDM26SEP135000PE,5S,2026-07-18,2026-08-17,1,1,1,200,ok
2026-09-25 20:22:36,/history,MCX:GOLDM26SEP135000CE,1,2026-06-17,2026-09-25,1,1,1,200,ok
2026-09-25 20:22:36,/history,MCX:GOLDM26SEP135000CE,5S,2026-07-18,2026-08-17,1,1,1,200,no_data
2026-09-25 20:22:37,/history,MCX:GOLDM26SEP135000CE,5,2026-06-17,2026-09-25,1,1,1,200,ok
2026-09-25 20:22:37,/history,MCX:GOLDM26SEP135000CE,60,2026-06-17,2026-09-25,1,1,1,200,ok
2026-09-25 20:22:37,/history,MCX:GOLDM26SEP135000PE,5,2026-06-17,2026-09-25,1,1,1,200,ok
2026-09-25 20:22:37,/history,MCX:GOLDM26SEP135000CE,5S,2026-08-18,2026-09-17,1,1,1,200,ok
2026-09-25 20:22:38,/history,MCX:GOLDM26SEP135000PE,1,2026-06-17,2026-09-25,1,1,1,200,ok
2026-09-25 20:22:38,/history,MCX:GOLDM26SEP135000PE,60,2026-06-17,2026-09-25,1,1,1,200,ok
2026-09-25 20:22:38,/history,MCX:GOLDM26SEP135000CE,D,2026-06-17,2026-09-25,1,1,1,200,ok
2026-09-25 20:22:38,/history,MCX:GOLDM26SEP135500CE,5S,2026-06-17,2026-07-17,1,1,1,200,no_data
2026-09-25 20:22:38,/history,MCX:GOLDM26SEP135500PE,5S,2026-06-17,2026-07-17,1,1,1,200,no_data
2026-09-25 20:22:38,/history,MCX:GOLDM26SEP135000PE,D,2026-06-17,2026-09-25,1,1,1,200,ok
2026-09-25 20:22:38,/history,MCX:GOLDM26SEP135000CE,5S,2026-09-18,2026-09-25,1,1,1,200,ok
2026-09-25 20:22:38,/history,MCX:GOLDM26SEP135500CE,1,2026-06-17,2026-09-25,1,1,1,200,no_data
2026-09-25 20:22:38,/history,MCX:GOLDM26SEP135500PE,5S,2026-07-18,2026-08-17,1,1,1,200,no_data
2026-09-25 20:22:39,/history,MCX:GOLDM26SEP135500CE,5S,2026-07-18,2026-08-17,1,1,1,200,no_data
2026-09-25 20:22:39,/history,MCX:GOLDM26SEP135500CE,5S,2026-08-18,2026-09-17,1,1,1,200,no_data
2026-09-25 20:22:39,/history,MCX:GOLDM26SEP135500PE,1,2026-06-17,2026-09-25,1,1,1,200,no_data
2026-09-25 20:22:39,/history,MCX:GOLDM26SEP135500PE,5S,2026-08-18,2026-09-17,1,1,1,200,no_data
2026-09-25 20:22:40,/history,MCX:GOLDM26SEP135500CE,5S,2026-09-18,2026-09-25,1,1,1,200,no_data
2026-09-25 20:22:40,/history,MCX:GOLDM26SEP135500CE,5,2026-06-17,2026-09-25,1,1,1,200,no_data
2026-09-25 20:22:40,/history,MCX:GOLDM26SEP135500PE,5S,2026-09-18,2026-09-25,1,1,1,200,no_data
2026-09-25 20:22:40,/history,MCX:GOLDM26SEP135500PE,5,2026-06-17,2026-09-25,1,1,1,200,no_data
2026-09-25 20:22:40,/history,MCX:GOLDM26SEP135500CE,60,2026-06-17,2026-09-25,1,1,1,200,no_data
2026-09-25 20:22:40,/history,MCX:GOLDM26SEP135500PE,60,2026-06-17,2026-09-25,1,1,1,200,no_data
2026-09-25 20:22:40,/history,MCX:GOLDM26SEP135500CE,D,2026-06-17,2026-09-25,1,1,1,200,ok
2026-09-25 20:22:40,/history,MCX:GOLDM26SEP135500PE,D,2026-06-17,2026-09-25,1,1,1,200,ok
2026-09-25 20:22:40,/history,MCX:GOLDM26SEP136000CE,5S,2026-06-17,2026-07-17,1,1,1,200,no_data
2026-09-25 20:22:41,/history,MCX:GOLDM26SEP135000PE,5S,2026-08-18,2026-09-17,1,1,1,200,ok
2026-09-25 20:22:41,/history,MCX:GOLDM26SEP136000PE,1,2026-06-17,2026-09-25,1,1,1,200,no_data
2026-09-25 20:22:41,/history,MCX:GOLDM26SEP136000CE,1,2026-06-17,2026-09-25,1,1,1,200,no_data
2026-09-25 20:22:41,/history,MCX:GOLDM26SEP136000PE,5S,2026-06-17,2026-07-17,1,1,1,200,no_data
2026-09-25 20:22:41,/history,MCX:GOLDM26SEP136000CE,5S,2026-07-18,2026-08-17,1,1,1,200,no_data
2026-09-25 20:22:41,/history,MCX:GOLDM26SEP136000CE,5,2026-06-17,2026-09-25,1,1,1,200,no_data
2026-09-25 20:22:41,/history,MCX:GOLDM26SEP136000PE,5S,2026-07-18,2026-08-17,1,1,1,200,no_data
2026-09-25 20:22:41,/history,MCX:GOLDM26SEP136000PE,5,2026-06-17,2026-09-25,1,1,1,200,no_data
2026-09-25 20:22:41,/history,MCX:GOLDM26SEP136000CE,5S,2026-08-18,2026-09-17,1,1,1,200,no_data
2026-09-25 20:22:41,/history,MCX:GOLDM26SEP136000PE,5S,2026-08-18,2026-09-17,1,1,1,200,no_data
2026-09-25 20:22:42,/history,MCX:GOLDM26SEP136000CE,60,2026-06-17,2026-09-25,1,1,1,200,no_data
2026-09-25 20:22:42,/history,MCX:GOLDM26SEP136000PE,60,2026-06-17,2026-09-25,1,1,1,200,no_data
2026-09-25 20:22:42,/history,MCX:GOLDM26SEP136000CE,5S,2026-09-18,2026-09-25,1,1,1,200,no_data
2026-09-25 20:22:42,/history,MCX:GOLDM26SEP136000PE,5S,2026-09-18,2026-09-25,1,1,1,200,no_data
2026-09-25 20:22:42,/history,MCX:GOLDM26SEP136000CE,D,2026-06-17,2026-09-25,1,1,1,200,ok
2026-09-25 20:22:42,/history,MCX:GOLDM26SEP136000PE,D,2026-06-17,2026-09-25,1,1,1,200,ok
2026-09-25 20:22:42,/history,MCX:GOLDM26SEP136500CE,5S,2026-06-17,2026-07-17,1,1,1,200,no_data
2026-09-25 20:22:42,/history,MCX:GOLDM26SEP136500PE,1,2026-06-17,2026-09-25,1,1,1,200,no_data
2026-09-25 20:22:42,/history,MCX:GOLDM26SEP136500CE,5S,2026-07-18,2026-08-17,1,1,1,200,no_data
2026-09-25 20:22:43,/history,MCX:GOLDM26SEP136500CE,1,2026-06-17,2026-09-25,1,1,1,200,no_data
2026-09-25 20:22:43,/history,MCX:GOLDM26SEP136500PE,5S,2026-06-17,2026-07-17,1,1,1,200,no_data
2026-09-25 20:22:43,/history,MCX:GOLDM26SEP136500CE,5,2026-06-17,2026-09-25,1,1,1,200,no_data
2026-09-25 20:22:43,/history,MCX:GOLDM26SEP136500PE,5,2026-06-17,2026-09-25,1,1,1,200,no_data
2026-09-25 20:22:43,/history,MCX:GOLDM26SEP136500CE,5S,2026-08-18,2026-09-17,1,1,1,200,no_data
2026-09-25 20:22:43,/history,MCX:GOLDM26SEP136500PE,5S,2026-07-18,2026-08-17,1,1,1,200,no_data
2026-09-25 20:22:43,/history,MCX:GOLDM26SEP136500CE,60,2026-06-17,2026-09-25,1,1,1,200,no_data
2026-09-25 20:22:43,/history,MCX:GOLDM26SEP135000PE,5S,2026-09-18,2026-09-25,1,1,1,200,ok
2026-09-25 20:22:44,/history,MCX:GOLDM26SEP136500PE,60,2026-06-17,2026-09-25,1,1,1,200,no_data
2026-09-25 20:22:44,/history,MCX:GOLDM26SEP136500CE,5S,2026-09-18,2026-09-25,1,1,1,200,no_data
2026-09-25 20:22:44,/history,MCX:GOLDM26SEP136500PE,5S,2026-08-18,2026-09-17,1,1,1,200,no_data
2026-09-25 20:22:44,/history,MCX:GOLDM26SEP136500CE,D,2026-06-17,2026-09-25,1,1,1,200,ok
2026-09-25 20:22:44,/history,MCX:GOLDM26SEP136500PE,D,2026-06-17,2026-09-25,1,1,1,200,ok
2026-09-25 20:22:44,/history,MCX:GOLDM26SEP137000PE,5S,2026-06-17,2026-07-17,1,1,1,200,no_data
2026-09-25 20:22:44,/history,MCX:GOLDM26SEP137000CE,5S,2026-06-17,2026-07-17,1,1,1,200,no_data
2026-09-25 20:22:44,/history,MCX:GOLDM26SEP136500PE,5S,2026-09-18,2026-09-25,1,1,1,200,no_data
2026-09-25 20:22:44,/history,MCX:GOLDM26SEP137000CE,1,2026-06-17,2026-09-25,1,1,1,200,no_data
2026-09-25 20:22:45,/history,MCX:GOLDM26SEP137000PE,1,2026-06-17,2026-09-25,1,1,1,200,no_data
2026-09-25 20:22:45,/history,MCX:GOLDM26SEP137000PE,5S,2026-07-18,2026-08-17,1,1,1,200,no_data
2026-09-25 20:22:45,/history,MCX:GOLDM26SEP137000CE,5,2026-06-17,2026-09-25,1,1,1,200,no_data
2026-09-25 20:22:45,/history,MCX:GOLDM26SEP137000CE,5S,2026-07-18,2026-08-17,1,1,1,200,no_data
2026-09-25 20:22:45,/history,MCX:GOLDM26SEP137000PE,5S,2026-08-18,2026-09-17,1,1,1,200,no_data
2026-09-25 20:22:45,/history,MCX:GOLDM26SEP137000PE,5,2026-06-17,2026-09-25,1,1,1,200,no_data
2026-09-25 20:22:45,/history,MCX:GOLDM26SEP137000CE,60,2026-06-17,2026-09-25,1,1,1,200,no_data
2026-09-25 20:22:58,/history,MCX:GOLDM26SEP137000CE,5S,2026-08-18,2026-09-17,1,1,1,200,no_data
2026-09-25 20:23:02,/history,MCX:GOLDM26SEP137000PE,5S,2026-09-18,2026-09-25,1,1,1,200,no_data
2026-09-25 20:23:07,/history,MCX:GOLDM26SEP137000PE,D,2026-06-17,2026-09-25,1,1,1,200,ok
2026-09-25 20:23:13,/history,MCX:GOLDM26SEP137000PE,60,2026-06-17,2026-09-25,1,1,1,200,no_data
2026-09-25 20:23:19,/history,MCX:GOLDM26SEP137500CE,1,2026-06-17,2026-09-25,1,1,1,200,no_data
2026-09-25 20:23:22,/history,MCX:GOLDM26SEP137000CE,D,2026-06-17,2026-09-25,1,1,1,200,ok
2026-09-25 20:23:23,/history,MCX:GOLDM26SEP137000CE,5S,2026-09-18,2026-09-25,1,1,1,200,no_data
2026-09-25 20:23:23,/history,MCX:GOLDM26SEP137500PE,5S,2026-06-17,2026-07-17,1,1,1,200,no_data
2026-09-25 20:23:23,/history,MCX:GOLDM26SEP137500PE,1,2026-06-17,2026-09-25,1,1,1,200,no_data
2026-09-25 20:23:23,/history,MCX:GOLDM26SEP137500CE,60,2026-06-17,2026-09-25,1,1,1,200,no_data
2026-09-25 20:23:24,/history,MCX:GOLDM26SEP137500PE,60,2026-06-17,2026-09-25,1,1,1,200,no_data
2026-09-25 20:23:24,/history,MCX:GOLDM26SEP137500CE,5S,2026-06-17,2026-07-17,1,1,1,200,no_data
2026-09-25 20:23:24,/history,MCX:GOLDM26SEP137500CE,D,2026-06-17,2026-09-25,1,1,1,200,ok
2026-09-25 20:23:24,/history,MCX:GOLDM26SEP137500CE,5,2026-06-17,2026-09-25,1,1,1,200,no_data
2026-09-25 20:23:24,/history,MCX:GOLDM26SEP137500PE,5,2026-06-17,2026-09-25,1,1,1,200,no_data
2026-09-25 20:23:24,/history,MCX:GOLDM26SEP137500CE,5S,2026-07-18,2026-08-17,1,1,1,200,no_data
2026-09-25 20:23:24,/history,MCX:GOLDM26SEP137500PE,5S,2026-07-18,2026-08-17,1,1,1,200,no_data
2026-09-25 20:23:24,/history,MCX:GOLDM26SEP137500PE,D,2026-06-17,2026-09-25,1,1,1,200,ok
2026-09-25 20:23:24,/history,MCX:GOLDM26SEP138000CE,5S,2026-06-17,2026-07-17,1,1,1,200,no_data
2026-09-25 20:23:25,/history,MCX:GOLDM26SEP137500PE,5S,2026-08-18,2026-09-17,1,1,1,200,no_data
2026-09-25 20:23:25,/history,MCX:GOLDM26SEP138000CE,5S,2026-07-18,2026-08-17,1,1,1,200,no_data
2026-09-25 20:23:25,/history,MCX:GOLDM26SEP137500PE,5S,2026-09-18,2026-09-25,1,1,1,200,no_data
2026-09-25 20:23:25,/history,MCX:GOLDM26SEP137500CE,5S,2026-08-18,2026-09-17,1,1,1,200,no_data
2026-09-25 20:23:25,/history,MCX:GOLDM26SEP138000CE,1,2026-06-17,2026-09-25,1,1,1,200,no_data
2026-09-25 20:23:25,/history,MCX:GOLDM26SEP138000PE,5S,2026-06-17,2026-07-17,1,1,1,200,no_data
2026-09-25 20:23:25,/history,MCX:GOLDM26SEP138000CE,5S,2026-08-18,2026-09-17,1,1,1,200,no_data
2026-09-25 20:23:25,/history,MCX:GOLDM26SEP137500CE,5S,2026-09-18,2026-09-25,1,1,1,200,no_data
2026-09-25 20:23:25,/history,MCX:GOLDM26SEP138000PE,5,2026-06-17,2026-09-25,1,1,1,200,no_data
2026-09-25 20:23:26,/history,MCX:GOLDM26SEP138000PE,5S,2026-07-18,2026-08-17,1,1,1,200,no_data
2026-09-25 20:23:26,/history,MCX:GOLDM26SEP138000CE,60,2026-06-17,2026-09-25,1,1,1,200,no_data
2026-09-25 20:23:26,/history,MCX:GOLDM26SEP138000PE,5S,2026-08-18,2026-09-17,1,1,1,200,no_data
2026-09-25 20:23:26,/history,MCX:GOLDM26SEP138000CE,5,2026-06-17,2026-09-25,1,1,1,200,no_data
2026-09-25 20:23:26,/history,MCX:GOLDM26SEP138000PE,1,2026-06-17,2026-09-25,1,1,1,200,no_data
2026-09-25 20:23:26,/history,MCX:GOLDM26SEP138000PE,60,2026-06-17,2026-09-25,1,1,1,200,no_data
2026-09-25 20:23:26,/history,MCX:GOLDM26SEP138000PE,5S,2026-09-18,2026-09-25,1,1,1,200,no_data
2026-09-25 20:23:26,/history,MCX:GOLDM26SEP138000CE,D,2026-06-17,2026-09-25,1,1,1,200,ok
2026-09-25 20:23:27,/history,MCX:GOLDM26SEP138500PE,5S,2026-06-17,2026-07-17,1,1,1,200,no_data
2026-09-25 20:23:27,/history,MCX:GOLDM26SEP138500CE,5S,2026-06-17,2026-07-17,1,1,1,200,no_data
2026-09-25 20:23:27,/history,MCX:GOLDM26SEP138000CE,5S,2026-09-18,2026-09-25,1,1,1,200,no_data
2026-09-25 20:23:27,/history,MCX:GOLDM26SEP138000PE,D,2026-06-17,2026-09-25,1,1,1,200,ok
2026-09-25 20:23:27,/history,MCX:GOLDM26SEP138500CE,5S,2026-07-18,2026-08-17,1,1,1,200,no_data
2026-09-25 20:23:27,/history,MCX:GOLDM26SEP138500CE,1,2026-06-17,2026-09-25,1,1,1,200,no_data
2026-09-25 20:23:27,/history,MCX:GOLDM26SEP138500PE,1,2026-06-17,2026-09-25,1,1,1,200,no_data
2026-09-25 20:23:27,/history,MCX:GOLDM26SEP138500CE,5,2026-06-17,2026-09-25,1,1,1,200,no_data
2026-09-25 20:23:27,/history,MCX:GOLDM26SEP138500PE,5S,2026-07-18,2026-08-17,1,1,1,200,no_data
2026-09-25 20:23:28,/history,MCX:GOLDM26SEP138500CE,60,2026-06-17,2026-09-25,1,1,1,200,no_data
2026-09-25 20:23:28,/history,MCX:GOLDM26SEP138500CE,5S,2026-08-18,2026-09-17,1,1,1,200,no_data
2026-09-25 20:23:28,/history,MCX:GOLDM26SEP138500PE,5,2026-06-17,2026-09-25,1,1,1,200,no_data
2026-09-25 20:23:28,/history,MCX:GOLDM26SEP138500CE,5S,2026-09-18,2026-09-25,1,1,1,200,no_data
2026-09-25 20:23:28,/history,MCX:GOLDM26SEP138500CE,D,2026-06-17,2026-09-25,1,1,1,200,ok
2026-09-25 20:23:28,/history,MCX:GOLDM26SEP138500PE,D,2026-06-17,2026-09-25,1,1,1,200,ok
2026-09-25 20:23:28,/history,MCX:GOLDM26SEP139000CE,5S,2026-06-17,2026-07-17,1,1,1,200,no_data
2026-09-25 20:23:28,/history,MCX:GOLDM26SEP139000PE,5S,2026-06-17,2026-07-17,1,1,1,200,no_data
2026-09-25 20:23:28,/history,MCX:GOLDM26SEP139000CE,1,2026-06-17,2026-09-25,1,1,1,200,no_data
2026-09-25 20:23:29,/history,MCX:GOLDM26SEP139000CE,5S,2026-07-18,2026-08-17,1,1,1,200,no_data
2026-09-25 20:23:29,/history,MCX:GOLDM26SEP139000PE,5S,2026-07-18,2026-08-17,1,1,1,200,no_data
2026-09-25 20:23:29,/history,MCX:GOLDM26SEP138500PE,60,2026-06-17,2026-09-25,1,1,1,200,no_data
2026-09-25 20:23:29,/history,MCX:GOLDM26SEP138500PE,5S,2026-08-18,2026-09-17,1,1,1,200,no_data
2026-09-25 20:23:29,/history,MCX:GOLDM26SEP139000PE,5S,2026-08-18,2026-09-17,1,1,1,200,no_data
2026-09-25 20:23:29,/history,MCX:GOLDM26SEP139000CE,5S,2026-08-18,2026-09-17,1,1,1,200,no_data
2026-09-25 20:23:29,/history,MCX:GOLDM26SEP139000PE,5S,2026-09-18,2026-09-25,1,1,1,200,no_data
2026-09-25 20:23:29,/history,MCX:GOLDM26SEP139000PE,1,2026-06-17,2026-09-25,1,1,1,200,no_data
2026-09-25 20:23:29,/history,MCX:GOLDM26SEP139000CE,5,2026-06-17,2026-09-25,1,1,1,200,no_data
2026-09-25 20:23:30,/history,MCX:GOLDM26SEP139000PE,5,2026-06-17,2026-09-25,1,1,1,200,no_data
2026-09-25 20:23:30,/history,MCX:GOLDM26SEP139000PE,60,2026-06-17,2026-09-25,1,1,1,200,no_data
2026-09-25 20:23:30,/history,MCX:GOLDM26SEP139000CE,60,2026-06-17,2026-09-25,1,1,1,200,no_data
2026-09-25 20:23:30,/history,MCX:GOLDM26SEP139000CE,D,2026-06-17,2026-09-25,1,1,1,200,ok
2026-09-25 20:23:30,/history,MCX:GOLDM26SEP139500CE,5S,2026-06-17,2026-07-17,1,1,1,200,no_data
2026-09-25 20:23:30,/history,MCX:GOLDM26SEP139000PE,D,2026-06-17,2026-09-25,1,1,1,200,ok
2026-09-25 20:23:30,/history,MCX:GOLDM26SEP139500PE,5S,2026-06-17,2026-07-17,1,1,1,200,no_data
2026-09-25 20:23:30,/history,MCX:GOLDM26SEP139500CE,5S,2026-07-18,2026-08-17,1,1,1,200,no_data
2026-09-25 20:23:31,/history,MCX:GOLDM26SEP139500CE,1,2026-06-17,2026-09-25,1,1,1,200,no_data
2026-09-25 20:23:31,/history,MCX:GOLDM26SEP139500PE,5S,2026-07-18,2026-08-17,1,1,1,200,no_data
2026-09-25 20:23:31,/history,MCX:GOLDM26SEP139500CE,5S,2026-08-18,2026-09-17,1,1,1,200,no_data
2026-09-25 20:23:31,/history,MCX:GOLDM26SEP139000CE,5S,2026-09-18,2026-09-25,1,1,1,200,no_data
2026-09-25 20:23:31,/history,MCX:GOLDM26SEP138500PE,5S,2026-09-18,2026-09-25,1,1,1,200,no_data
2026-09-25 20:23:31,/history,MCX:GOLDM26SEP139500PE,5S,2026-08-18,2026-09-17,1,1,1,200,no_data
2026-09-25 20:23:31,/history,MCX:GOLDM26SEP139500CE,5,2026-06-17,2026-09-25,1,1,1,200,no_data
2026-09-25 20:23:31,/history,MCX:GOLDM26SEP139500CE,5S,2026-09-18,2026-09-25,1,1,1,200,no_data
2026-09-25 20:23:31,/history,MCX:GOLDM26SEP139500PE,1,2026-06-17,2026-09-25,1,1,1,200,no_data
2026-09-25 20:23:32,/history,MCX:GOLDM26SEP139500PE,5S,2026-09-18,2026-09-25,1,1,1,200,no_data
2026-09-25 20:23:32,/history,MCX:GOLDM26SEP139500PE,5,2026-06-17,2026-09-25,1,1,1,200,no_data
2026-09-25 20:23:32,/history,MCX:GOLDM26SEP139500CE,60,2026-06-17,2026-09-25,1,1,1,200,no_data
2026-09-25 20:23:32,/history,MCX:GOLDM26SEP139500PE,60,2026-06-17,2026-09-25,1,1,1,200,no_data
2026-09-25 20:23:32,/history,MCX:GOLDM26SEP139500CE,D,2026-06-17,2026-09-25,1,1,1,200,ok
2026-09-25 20:23:32,/history,MCX:GOLDM26SEP140000CE,5S,2026-06-17,2026-07-17,1,1,1,200,no_data
2026-09-25 20:23:32,/history,MCX:GOLDM26SEP140000PE,5S,2026-06-17,2026-07-17,1,1,1,200,no_data
2026-09-25 20:23:32,/history,MCX:GOLDM26SEP139500PE,D,2026-06-17,2026-09-25,1,1,1,200,ok
2026-09-25 20:23:34,/history,MCX:GOLDM26SEP140000CE,5,2026-06-17,2026-09-25,1,1,1,200,ok
2026-09-25 20:23:35,/history,MCX:GOLDM26SEP140000CE,1,2026-06-17,2026-09-25,1,1,1,200,ok
2026-09-25 20:23:35,/history,MCX:GOLDM26SEP140000PE,1,2026-06-17,2026-09-25,1,1,1,200,ok
2026-09-25 20:23:36,/history,MCX:GOLDM26SEP140000CE,5S,2026-07-18,2026-08-17,1,1,1,200,ok
2026-09-25 20:23:36,/history,MCX:GOLDM26SEP140000PE,5,2026-06-17,2026-09-25,1,1,1,200,ok
2026-09-25 20:23:36,/history,MCX:GOLDM26SEP140000PE,5S,2026-07-18,2026-08-17,1,1,1,200,ok
2026-09-25 20:23:37,/history,MCX:GOLDM26SEP140000CE,60,2026-06-17,2026-09-25,1,1,1,200,ok
2026-09-25 20:23:37,/history,MCX:GOLDM26SEP140000PE,60,2026-06-17,2026-09-25,1,1,1,200,ok
2026-09-25 20:23:37,/history,MCX:GOLDM26SEP140000CE,D,2026-06-17,2026-09-25,1,1,1,200,ok
2026-09-25 20:23:37,/history,MCX:GOLDM26SEP140000PE,D,2026-06-17,2026-09-25,1,1,1,200,ok
2026-09-25 20:23:37,/history,MCX:GOLDM26SEP140500PE,5S,2026-06-17,2026-07-17,1,1,1,200,no_data
2026-09-25 20:23:37,/history,MCX:GOLDM26SEP140500CE,5S,2026-06-17,2026-07-17,1,1,1,200,no_data
2026-09-25 20:23:37,/history,MCX:GOLDM26SEP140500CE,1,2026-06-17,2026-09-25,1,1,1,200,ok
2026-09-25 20:23:37,/history,MCX:GOLDM26SEP140500PE,5S,2026-07-18,2026-08-17,1,1,1,200,no_data
2026-09-25 20:23:38,/history,MCX:GOLDM26SEP140500CE,5S,2026-07-18,2026-08-17,1,1,1,200,ok
2026-09-25 20:23:38,/history,MCX:GOLDM26SEP140500PE,5S,2026-08-18,2026-09-17,1,1,1,200,no_data
2026-09-25 20:23:38,/history,MCX:GOLDM26SEP140500PE,1,2026-06-17,2026-09-25,1,1,1,200,no_data
2026-09-25 20:23:38,/history,MCX:GOLDM26SEP140500CE,5S,2026-08-18,2026-09-17,1,1,1,200,ok
2026-09-25 20:23:38,/history,MCX:GOLDM26SEP140500PE,5S,2026-09-18,2026-09-25,1,1,1,200,no_data
2026-09-25 20:23:38,/history,MCX:GOLDM26SEP140500CE,5,2026-06-17,2026-09-25,1,1,1,200,ok
2026-09-25 20:23:39,/history,MCX:GOLDM26SEP140500CE,5S,2026-09-18,2026-09-25,1,1,1,200,no_data
2026-09-25 20:23:39,/history,MCX:GOLDM26SEP140500PE,5,2026-06-17,2026-09-25,1,1,1,200,no_data
2026-09-25 20:23:39,/history,MCX:GOLDM26SEP140500CE,60,2026-06-17,2026-09-25,1,1,1,200,ok
2026-09-25 20:23:39,/history,MCX:GOLDM26SEP140500PE,60,2026-06-17,2026-09-25,1,1,1,200,no_data
2026-09-25 20:23:39,/history,MCX:GOLDM26SEP140500CE,D,2026-06-17,2026-09-25,1,1,1,200,ok
2026-09-25 20:23:39,/history,MCX:GOLDM26SEP140500PE,D,2026-06-17,2026-09-25,1,1,1,200,ok
2026-09-25 20:23:39,/history,MCX:GOLDM26SEP140000CE,5S,2026-08-18,2026-09-17,1,1,1,200,ok
2026-09-25 20:23:40,/history,MCX:GOLDM26SEP141000PE,5S,2026-06-17,2026-07-17,1,1,1,200,no_data
2026-09-25 20:23:40,/history,MCX:GOLDM26SEP141000CE,1,2026-06-17,2026-09-25,1,1,1,200,ok
2026-09-25 20:23:40,/history,MCX:GOLDM26SEP141000CE,5S,2026-06-17,2026-07-17,1,1,1,200,no_data
2026-09-25 20:23:40,/history,MCX:GOLDM26SEP141000PE,5S,2026-07-18,2026-08-17,1,1,1,200,no_data
2026-09-25 20:23:40,/history,MCX:GOLDM26SEP141000PE,1,2026-06-17,2026-09-25,1,1,1,200,ok
2026-09-25 20:23:40,/history,MCX:GOLDM26SEP141000CE,5S,2026-07-18,2026-08-17,1,1,1,200,ok
2026-09-25 20:23:41,/history,MCX:GOLDM26SEP141000PE,5S,2026-08-18,2026-09-17,1,1,1,200,no_data
2026-09-25 20:23:41,/history,MCX:GOLDM26SEP141000CE,5S,2026-08-18,2026-09-17,1,1,1,200,no_data
2026-09-25 20:23:41,/history,MCX:GOLDM26SEP141000CE,5,2026-06-17,2026-09-25,1,1,1,200,ok
2026-09-25 20:23:41,/history,MCX:GOLDM26SEP141000CE,5S,2026-09-18,2026-09-25,1,1,1,200,no_data
2026-09-25 20:23:42,/history,MCX:GOLDM26SEP141000PE,5S,2026-09-18,2026-09-25,1,1,1,200,ok
2026-09-25 20:23:42,/history,MCX:GOLDM26SEP141000PE,5,2026-06-17,2026-09-25,1,1,1,200,ok
2026-09-25 20:23:42,/history,MCX:GOLDM26SEP140000CE,5S,2026-09-18,2026-09-25,1,1,1,200,ok
2026-09-25 20:23:42,/history,MCX:GOLDM26SEP141000CE,60,2026-06-17,2026-09-25,1,1,1,200,ok
2026-09-25 20:23:42,/history,MCX:GOLDM26SEP141000CE,D,2026-06-17,2026-09-25,1,1,1,200,ok
2026-09-25 20:23:43,/history,MCX:GOLDM26SEP141000PE,60,2026-06-17,2026-09-25,1,1,1,200,ok
2026-09-25 20:23:43,/history,MCX:GOLDM26SEP140000PE,5S,2026-08-18,2026-09-17,1,1,1,200,ok
2026-09-25 20:23:43,/history,MCX:GOLDM26SEP141000PE,D,2026-06-17,2026-09-25,1,1,1,200,ok
2026-09-25 20:23:43,/history,MCX:GOLDM26SEP141500CE,5S,2026-06-17,2026-07-17,1,1,1,200,no_data
2026-09-25 20:23:43,/history,MCX:GOLDM26SEP141500PE,5S,2026-06-17,2026-07-17,1,1,1,200,no_data
2026-09-25 20:23:43,/history,MCX:GOLDM26SEP141500CE,1,2026-06-17,2026-09-25,1,1,1,200,ok
2026-09-25 20:23:43,/history,MCX:GOLDM26SEP141500PE,5S,2026-07-18,2026-08-17,1,1,1,200,no_data
2026-09-25 20:23:44,/history,MCX:GOLDM26SEP141500CE,5S,2026-07-18,2026-08-17,1,1,1,200,ok
2026-09-25 20:23:44,/history,MCX:GOLDM26SEP141500PE,1,2026-06-17,2026-09-25,1,1,1,200,no_data
2026-09-25 20:23:44,/history,MCX:GOLDM26SEP141500PE,5S,2026-08-18,2026-09-17,1,1,1,200,no_data
2026-09-25 20:23:44,/history,MCX:GOLDM26SEP141500CE,5,2026-06-17,2026-09-25,1,1,1,200,ok
2026-09-25 20:23:44,/history,MCX:GOLDM26SEP141500CE,5S,2026-08-18,2026-09-17,1,1,1,200,ok
2026-09-25 20:23:44,/history,MCX:GOLDM26SEP141500PE,5,2026-06-17,2026-09-25,1,1,1,200,no_data
2026-09-25 20:23:44,/history,MCX:GOLDM26SEP141500PE,5S,2026-09-18,2026-09-25,1,1,1,200,no_data
2026-09-25 20:23:45,/history,MCX:GOLDM26SEP141500CE,5S,2026-09-18,2026-09-25,1,1,1,200,no_data
2026-09-25 20:23:45,/history,MCX:GOLDM26SEP141500CE,60,2026-06-17,2026-09-25,1,1,1,200,ok
2026-09-25 20:23:45,/history,MCX:GOLDM26SEP140000PE,5S,2026-09-18,2026-09-25,1,1,1,200,ok
2026-09-25 20:23:45,/history,MCX:GOLDM26SEP141500PE,60,2026-06-17,2026-09-25,1,1,1,200,no_data
2026-09-25 20:23:45,/history,MCX:GOLDM26SEP141500CE,D,2026-06-17,2026-09-25,1,1,1,200,ok
2026-09-25 20:23:45,/history,MCX:GOLDM26SEP141500PE,D,2026-06-17,2026-09-25,1,1,1,200,ok
2026-09-25 20:23:46,/history,MCX:GOLDM26SEP142000CE,5S,2026-06-17,2026-07-17,1,1,1,200,no_data
2026-09-25 20:23:46,/history,MCX:GOLDM26SEP142000PE,5S,2026-06-17,2026-07-17,1,1,1,200,no_data
2026-09-25 20:23:46,/history,MCX:GOLDM26SEP142000PE,5S,2026-07-18,2026-08-17,1,1,1,200,no_data
2026-09-25 20:23:46,/history,MCX:GOLDM26SEP142000CE,1,2026-06-17,2026-09-25,1,1,1,200,ok
2026-09-25 20:23:47,/history,MCX:GOLDM26SEP142000CE,5S,2026-07-18,2026-08-17,1,1,1,200,ok
2026-09-25 20:23:48,/history,MCX:GOLDM26SEP142000PE,1,2026-06-17,2026-09-25,1,1,1,200,ok
2026-09-25 20:23:48,/history,MCX:GOLDM26SEP142000PE,5S,2026-08-18,2026-09-17,1,1,1,200,ok
2026-09-25 20:23:49,/history,MCX:GOLDM26SEP142000CE,5S,2026-08-18,2026-09-17,1,1,1,200,ok
2026-09-25 20:23:49,/history,MCX:GOLDM26SEP142000CE,5,2026-06-17,2026-09-25,1,1,1,200,ok
2026-09-25 20:23:49,/history,MCX:GOLDM26SEP142000CE,5S,2026-09-18,2026-09-25,1,1,1,200,ok
2026-09-25 20:23:49,/history,MCX:GOLDM26SEP142000PE,5,2026-06-17,2026-09-25,1,1,1,200,ok
2026-09-25 20:23:50,/history,MCX:GOLDM26SEP142000CE,60,2026-06-17,2026-09-25,1,1,1,200,ok
2026-09-25 20:23:50,/history,MCX:GOLDM26SEP142000PE,60,2026-06-17,2026-09-25,1,1,1,200,ok
2026-09-25 20:23:50,/history,MCX:GOLDM26SEP142000CE,D,2026-06-17,2026-09-25,1,1,1,200,ok
2026-09-25 20:23:51,/history,MCX:GOLDM26SEP142000PE,D,2026-06-17,2026-09-25,1,1,1,200,ok
2026-09-25 20:23:51,/history,MCX:GOLDM26SEP142000PE,5S,2026-09-18,2026-09-25,1,1,1,200,ok
2026-09-25 20:23:51,/history,MCX:GOLDM26SEP142500CE,5S,2026-06-17,2026-07-17,1,1,1,200,no_data
2026-09-25 20:23:51,/history,MCX:GOLDM26SEP142500PE,5S,2026-06-17,2026-07-17,1,1,1,200,no_data
2026-09-25 20:23:51,/history,MCX:GOLDM26SEP142500CE,5S,2026-07-18,2026-08-17,1,1,1,200,ok
2026-09-25 20:23:51,/history,MCX:GOLDM26SEP142500PE,5S,2026-07-18,2026-08-17,1,1,1,200,no_data
2026-09-25 20:23:52,/history,MCX:GOLDM26SEP142500CE,1,2026-06-17,2026-09-25,1,1,1,200,ok
2026-09-25 20:23:52,/history,MCX:GOLDM26SEP142500PE,5S,2026-08-18,2026-09-17,1,1,1,200,ok
2026-09-25 20:23:53,/history,MCX:GOLDM26SEP142500CE,5S,2026-08-18,2026-09-17,1,1,1,200,ok
2026-09-25 20:23:53,/history,MCX:GOLDM26SEP142500PE,1,2026-06-17,2026-09-25,1,1,1,200,ok
2026-09-25 20:23:53,/history,MCX:GOLDM26SEP142500PE,5S,2026-09-18,2026-09-25,1,1,1,200,ok
2026-09-25 20:23:53,/history,MCX:GOLDM26SEP142500CE,5S,2026-09-18,2026-09-25,1,1,1,200,no_data
2026-09-25 20:23:53,/history,MCX:GOLDM26SEP142500CE,5,2026-06-17,2026-09-25,1,1,1,200,ok
2026-09-25 20:23:54,/history,MCX:GOLDM26SEP142500PE,5,2026-06-17,2026-09-25,1,1,1,200,ok
2026-09-25 20:23:54,/history,MCX:GOLDM26SEP142500CE,60,2026-06-17,2026-09-25,1,1,1,200,ok
2026-09-25 20:23:54,/history,MCX:GOLDM26SEP142500PE,60,2026-06-17,2026-09-25,1,1,1,200,ok
2026-09-25 20:23:54,/history,MCX:GOLDM26SEP142500CE,D,2026-06-17,2026-09-25,1,1,1,200,ok
2026-09-25 20:23:54,/history,MCX:GOLDM26SEP142500PE,D,2026-06-17,2026-09-25,1,1,1,200,ok
2026-09-25 20:23:54,/history,MCX:GOLDM26SEP143000CE,5S,2026-06-17,2026-07-17,1,1,1,200,no_data
2026-09-25 20:23:54,/history,MCX:GOLDM26SEP143000PE,5S,2026-06-17,2026-07-17,1,1,1,200,no_data
2026-09-25 20:23:54,/history,MCX:GOLDM26SEP143000CE,1,2026-06-17,2026-09-25,1,1,1,200,ok
2026-09-25 20:23:55,/history,MCX:GOLDM26SEP143000PE,5S,2026-07-18,2026-08-17,1,1,1,200,no_data
2026-09-25 20:23:55,/history,MCX:GOLDM26SEP143000PE,5,2026-06-17,2026-09-25,1,1,1,200,ok
2026-09-25 20:23:55,/history,MCX:GOLDM26SEP143000PE,1,2026-06-17,2026-09-25,1,1,1,200,ok
2026-09-25 20:23:55,/history,MCX:GOLDM26SEP143000CE,5,2026-06-17,2026-09-25,1,1,1,200,ok
2026-09-25 20:23:55,/history,MCX:GOLDM26SEP143000CE,60,2026-06-17,2026-09-25,1,1,1,200,ok
2026-09-25 20:23:55,/history,MCX:GOLDM26SEP143000CE,5S,2026-07-18,2026-08-17,1,1,1,200,ok
2026-09-25 20:23:55,/history,MCX:GOLDM26SEP143000PE,60,2026-06-17,2026-09-25,1,1,1,200,ok
2026-09-25 20:23:55,/history,MCX:GOLDM26SEP143000CE,D,2026-06-17,2026-09-25,1,1,1,200,ok
2026-09-25 20:23:56,/history,MCX:GOLDM26SEP143000PE,D,2026-06-17,2026-09-25,1,1,1,200,ok
2026-09-25 20:23:56,/history,MCX:GOLDM26SEP143000PE,5S,2026-08-18,2026-09-17,1,1,1,200,ok
2026-09-25 20:23:59,/history,MCX:GOLDM26SEP143500PE,5S,2026-06-17,2026-07-17,1,1,1,200,no_data
2026-09-25 20:24:03,/history,MCX:GOLDM26SEP143000CE,5S,2026-08-18,2026-09-17,1,1,1,200,ok
2026-09-25 20:24:08,/history,MCX:GOLDM26SEP143500CE,5S,2026-06-17,2026-07-17,1,1,1,200,no_data
2026-09-25 20:24:13,/history,MCX:GOLDM26SEP143500PE,5S,2026-07-18,2026-08-17,1,1,1,200,no_data
2026-09-25 20:24:19,/history,MCX:GOLDM26SEP143500CE,5S,2026-07-18,2026-08-17,1,1,1,200,ok
2026-09-25 20:24:22,/history,MCX:GOLDM26SEP143500CE,1,2026-06-17,2026-09-25,1,1,1,200,ok
2026-09-25 20:24:24,/history,MCX:GOLDM26SEP143500PE,5S,2026-08-18,2026-09-17,1,1,1,200,ok
2026-09-25 20:24:24,/history,MCX:GOLDM26SEP143000CE,5S,2026-09-18,2026-09-25,1,1,1,200,ok
2026-09-25 20:24:24,/history,MCX:GOLDM26SEP143500CE,5S,2026-08-18,2026-09-17,1,1,1,200,ok
2026-09-25 20:24:24,/history,MCX:GOLDM26SEP143500CE,5S,2026-09-18,2026-09-25,1,1,1,200,no_data
2026-09-25 20:24:25,/history,MCX:GOLDM26SEP143500PE,1,2026-06-17,2026-09-25,1,1,1,200,ok
2026-09-25 20:24:25,/history,MCX:GOLDM26SEP143500PE,5S,2026-09-18,2026-09-25,1,1,1,200,ok
2026-09-25 20:24:25,/history,MCX:GOLDM26SEP143000PE,5S,2026-09-18,2026-09-25,1,1,1,200,ok
2026-09-25 20:24:26,/history,MCX:GOLDM26SEP143500CE,5,2026-06-17,2026-09-25,1,1,1,200,ok
2026-09-25 20:24:26,/history,MCX:GOLDM26SEP143500PE,5,2026-06-17,2026-09-25,1,1,1,200,ok
2026-09-25 20:24:26,/history,MCX:GOLDM26SEP143500CE,60,2026-06-17,2026-09-25,1,1,1,200,ok
2026-09-25 20:24:26,/history,MCX:GOLDM26SEP143500PE,60,2026-06-17,2026-09-25,1,1,1,200,ok
2026-09-25 20:24:26,/history,MCX:GOLDM26SEP143500CE,D,2026-06-17,2026-09-25,1,1,1,200,ok
2026-09-25 20:24:26,/history,MCX:GOLDM26SEP143500PE,D,2026-06-17,2026-09-25,1,1,1,200,ok
2026-09-25 20:24:26,/history,MCX:GOLDM26SEP144000CE,5S,2026-06-17,2026-07-17,1,1,1,200,no_data
2026-09-25 20:24:26,/history,MCX:GOLDM26SEP144000PE,5S,2026-06-17,2026-07-17,1,1,1,200,no_data
2026-09-25 20:24:26,/history,MCX:GOLDM26SEP144000CE,1,2026-06-17,2026-09-25,1,1,1,200,ok
2026-09-25 20:24:27,/history,MCX:GOLDM26SEP144000CE,5,2026-06-17,2026-09-25,1,1,1,200,ok
2026-09-25 20:24:27,/history,MCX:GOLDM26SEP144000PE,5S,2026-07-18,2026-08-17,1,1,1,200,ok
2026-09-25 20:24:27,/history,MCX:GOLDM26SEP144000CE,5S,2026-07-18,2026-08-17,1,1,1,200,ok
2026-09-25 20:24:27,/history,MCX:GOLDM26SEP144000PE,1,2026-06-17,2026-09-25,1,1,1,200,ok
2026-09-25 20:24:27,/history,MCX:GOLDM26SEP144000PE,5,2026-06-17,2026-09-25,1,1,1,200,ok
2026-09-25 20:24:27,/history,MCX:GOLDM26SEP144000CE,60,2026-06-17,2026-09-25,1,1,1,200,ok
2026-09-25 20:24:28,/history,MCX:GOLDM26SEP144000CE,D,2026-06-17,2026-09-25,1,1,1,200,ok
2026-09-25 20:24:28,/history,MCX:GOLDM26SEP144000PE,60,2026-06-17,2026-09-25,1,1,1,200,ok
2026-09-25 20:24:28,/history,MCX:GOLDM26SEP144000PE,D,2026-06-17,2026-09-25,1,1,1,200,ok
2026-09-25 20:24:28,/history,MCX:GOLDM26SEP144000CE,5S,2026-08-18,2026-09-17,1,1,1,200,ok
2026-09-25 20:24:28,/history,MCX:GOLDM26SEP144500PE,5S,2026-06-17,2026-07-17,1,1,1,200,no_data
2026-09-25 20:24:28,/history,MCX:GOLDM26SEP144500CE,5S,2026-06-17,2026-07-17,1,1,1,200,no_data
2026-09-25 20:24:28,/history,MCX:GOLDM26SEP144500CE,1,2026-06-17,2026-09-25,1,1,1,200,ok
2026-09-25 20:24:28,/history,MCX:GOLDM26SEP144000CE,5S,2026-09-18,2026-09-25,1,1,1,200,ok
2026-09-25 20:24:28,/history,MCX:GOLDM26SEP144500PE,5S,2026-07-18,2026-08-17,1,1,1,200,no_data
2026-09-25 20:24:28,/history,MCX:GOLDM26SEP144500CE,5S,2026-07-18,2026-08-17,1,1,1,200,ok
2026-09-25 20:24:29,/history,MCX:GOLDM26SEP144500CE,5,2026-06-17,2026-09-25,1,1,1,200,ok
2026-09-25 20:24:29,/history,MCX:GOLDM26SEP144500CE,5S,2026-08-18,2026-09-17,1,1,1,200,ok
2026-09-25 20:24:29,/history,MCX:GOLDM26SEP144500PE,1,2026-06-17,2026-09-25,1,1,1,200,ok
2026-09-25 20:24:30,/history,MCX:GOLDM26SEP144500CE,5S,2026-09-18,2026-09-25,1,1,1,200,no_data
2026-09-25 20:24:30,/history,MCX:GOLDM26SEP144500PE,5,2026-06-17,2026-09-25,1,1,1,200,ok
2026-09-25 20:24:31,/history,MCX:GOLDM26SEP144500CE,60,2026-06-17,2026-09-25,1,1,1,200,ok
2026-09-25 20:24:31,/history,MCX:GOLDM26SEP144500PE,60,2026-06-17,2026-09-25,1,1,1,200,ok
2026-09-25 20:24:32,/history,MCX:GOLDM26SEP144500CE,D,2026-06-17,2026-09-25,1,1,1,200,ok
2026-09-25 20:24:32,/history,MCX:GOLDM26SEP144500PE,D,2026-06-17,2026-09-25,1,1,1,200,ok
2026-09-25 20:24:32,/history,MCX:GOLDM26SEP144000PE,5S,2026-08-18,2026-09-17,1,1,1,200,ok
2026-09-25 20:24:32,/history,MCX:GOLDM26SEP145000CE,5S,2026-06-17,2026-07-17,1,1,1,200,ok
2026-09-25 20:24:32,/history,MCX:GOLDM26SEP144500PE,5S,2026-08-18,2026-09-17,1,1,1,200,ok
2026-09-25 20:24:32,/history,MCX:GOLDM26SEP145000PE,5S,2026-06-17,2026-07-17,1,1,1,200,no_data
2026-09-25 20:24:33,/history,MCX:GOLDM26SEP145000CE,1,2026-06-17,2026-09-25,1,1,1,200,ok
2026-09-25 20:24:36,/history,MCX:GOLDM26SEP144000PE,5S,2026-09-18,2026-09-25,1,1,1,200,ok
2026-09-25 20:24:36,/history,MCX:GOLDM26SEP145000PE,1,2026-06-17,2026-09-25,1,1,1,200,ok
2026-09-25 20:24:37,/history,MCX:GOLDM26SEP144500PE,5S,2026-09-18,2026-09-25,1,1,1,200,ok
2026-09-25 20:24:38,/history,MCX:GOLDM26SEP145000PE,5S,2026-07-18,2026-08-17,1,1,1,200,ok
2026-09-25 20:24:39,/history,MCX:GOLDM26SEP145000CE,5,2026-06-17,2026-09-25,1,1,1,200,ok
2026-09-25 20:24:39,/history,MCX:GOLDM26SEP145000CE,5S,2026-07-18,2026-08-17,1,1,1,200,ok
2026-09-25 20:24:40,/history,MCX:GOLDM26SEP145000PE,5,2026-06-17,2026-09-25,1,1,1,200,ok
2026-09-25 20:24:40,/history,MCX:GOLDM26SEP145000CE,60,2026-06-17,2026-09-25,1,1,1,200,ok
2026-09-25 20:24:41,/history,MCX:GOLDM26SEP145000PE,60,2026-06-17,2026-09-25,1,1,1,200,ok
2026-09-25 20:24:41,/history,MCX:GOLDM26SEP145000PE,D,2026-06-17,2026-09-25,1,1,1,200,ok
2026-09-25 20:24:41,/history,MCX:GOLDM26SEP145000CE,D,2026-06-17,2026-09-25,1,1,1,200,ok
2026-09-25 20:24:42,/history,MCX:GOLDM26SEP145500PE,5S,2026-06-17,2026-07-17,1,1,1,200,no_data
2026-09-25 20:24:42,/history,MCX:GOLDM26SEP145500CE,5S,2026-06-17,2026-07-17,1,1,1,200,no_data
2026-09-25 20:24:42,/history,MCX:GOLDM26SEP145500PE,5S,2026-07-18,2026-08-17,1,1,1,200,no_data
2026-09-25 20:24:43,/history,MCX:GOLDM26SEP145500CE,5S,2026-07-18,2026-08-17,1,1,1,200,ok
2026-09-25 20:24:43,/history,MCX:GOLDM26SEP145500CE,1,2026-06-17,2026-09-25,1,1,1,200,ok
2026-09-25 20:24:44,/history,MCX:GOLDM26SEP145500CE,5S,2026-08-18,2026-09-17,1,1,1,200,ok
2026-09-25 20:24:45,/history,MCX:GOLDM26SEP145500CE,5S,2026-09-18,2026-09-25,1,1,1,200,no_data
2026-09-25 20:24:45,/history,MCX:GOLDM26SEP145500PE,1,2026-06-17,2026-09-25,1,1,1,200,ok
2026-09-25 20:24:45,/history,MCX:GOLDM26SEP145000PE,5S,2026-08-18,2026-09-17,1,1,1,200,ok
2026-09-25 20:24:46,/history,MCX:GOLDM26SEP145500CE,5,2026-06-17,2026-09-25,1,1,1,200,ok
2026-09-25 20:24:46,/history,MCX:GOLDM26SEP145500PE,5,2026-06-17,2026-09-25,1,1,1,200,ok
2026-09-25 20:24:47,/history,MCX:GOLDM26SEP145500CE,60,2026-06-17,2026-09-25,1,1,1,200,ok
2026-09-25 20:24:48,/history,MCX:GOLDM26SEP145500PE,5S,2026-08-18,2026-09-17,1,1,1,200,ok
2026-09-25 20:24:48,/history,MCX:GOLDM26SEP145500PE,60,2026-06-17,2026-09-25,1,1,1,200,ok
2026-09-25 20:24:48,/history,MCX:GOLDM26SEP145500CE,D,2026-06-17,2026-09-25,1,1,1,200,ok
2026-09-25 20:24:48,/history,MCX:GOLDM26SEP145000CE,5S,2026-08-18,2026-09-17,1,1,1,200,ok
2026-09-25 20:24:48,/history,MCX:GOLDM26SEP145500PE,D,2026-06-17,2026-09-25,1,1,1,200,ok
2026-09-25 20:24:48,/history,MCX:GOLDM26SEP146000CE,5S,2026-06-17,2026-07-17,1,1,1,200,no_data
2026-09-25 20:24:48,/history,MCX:GOLDM26SEP145000PE,5S,2026-09-18,2026-09-25,1,1,1,200,ok
2026-09-25 20:24:49,/history,MCX:GOLDM26SEP146000PE,5S,2026-06-17,2026-07-17,1,1,1,200,no_data
2026-09-25 20:24:49,/history,MCX:GOLDM26SEP146000CE,5S,2026-07-18,2026-08-17,1,1,1,200,ok
2026-09-25 20:24:50,/history,MCX:GOLDM26SEP146000PE,5S,2026-07-18,2026-08-17,1,1,1,200,ok
2026-09-25 20:24:50,/history,MCX:GOLDM26SEP145500PE,5S,2026-09-18,2026-09-25,1,1,1,200,ok
2026-09-25 20:24:51,/history,MCX:GOLDM26SEP145000CE,5S,2026-09-18,2026-09-25,1,1,1,200,ok
2026-09-25 20:24:52,/history,MCX:GOLDM26SEP146000CE,5S,2026-08-18,2026-09-17,1,1,1,200,ok
2026-09-25 20:24:54,/history,MCX:GOLDM26SEP146000CE,5S,2026-09-18,2026-09-25,1,1,1,200,ok
2026-09-25 20:24:55,/history,MCX:GOLDM26SEP146000PE,5S,2026-08-18,2026-09-17,1,1,1,200,ok
2026-09-25 20:24:57,/history,MCX:GOLDM26SEP146000CE,1,2026-06-17,2026-09-25,1,1,1,200,ok
2026-09-25 20:24:58,/history,MCX:GOLDM26SEP146000PE,5S,2026-09-18,2026-09-25,1,1,1,200,ok
2026-09-25 20:24:58,/history,MCX:GOLDM26SEP146000PE,1,2026-06-17,2026-09-25,1,1,1,200,ok
2026-09-25 20:24:59,/history,MCX:GOLDM26SEP146000CE,5,2026-06-17,2026-09-25,1,1,1,200,ok
2026-09-25 20:24:59,/history,MCX:GOLDM26SEP146000CE,60,2026-06-17,2026-09-25,1,1,1,200,ok
2026-09-25 20:24:59,/history,MCX:GOLDM26SEP146000PE,5,2026-06-17,2026-09-25,1,1,1,200,ok
2026-09-25 20:25:00,/history,MCX:GOLDM26SEP146000PE,60,2026-06-17,2026-09-25,1,1,1,200,ok
2026-09-25 20:25:00,/history,MCX:GOLDM26SEP146000CE,D,2026-06-17,2026-09-25,1,1,1,200,ok
2026-09-25 20:25:00,/history,MCX:GOLDM26SEP146000PE,D,2026-06-17,2026-09-25,1,1,1,200,ok
2026-09-25 20:25:00,/history,MCX:GOLDM26SEP146500PE,5S,2026-06-17,2026-07-17,1,1,1,200,no_data
2026-09-25 20:25:01,/history,MCX:GOLDM26SEP146500CE,5S,2026-06-17,2026-07-17,1,1,1,200,no_data
2026-09-25 20:25:01,/history,MCX:GOLDM26SEP146500PE,5S,2026-07-18,2026-08-17,1,1,1,200,no_data
2026-09-25 20:25:01,/history,MCX:GOLDM26SEP146500CE,5S,2026-07-18,2026-08-17,1,1,1,200,ok
2026-09-25 20:25:02,/history,MCX:GOLDM26SEP146500CE,1,2026-06-17,2026-09-25,1,1,1,200,ok
2026-09-25 20:25:03,/history,MCX:GOLDM26SEP146500CE,5,2026-06-17,2026-09-25,1,1,1,200,ok
2026-09-25 20:25:04,/history,MCX:GOLDM26SEP146500CE,5S,2026-08-18,2026-09-17,1,1,1,200,ok
2026-09-25 20:25:04,/history,MCX:GOLDM26SEP146500PE,1,2026-06-17,2026-09-25,1,1,1,200,ok
2026-09-25 20:25:04,/history,MCX:GOLDM26SEP146500PE,5,2026-06-17,2026-09-25,1,1,1,200,ok
2026-09-25 20:25:05,/history,MCX:GOLDM26SEP146500CE,60,2026-06-17,2026-09-25,1,1,1,200,ok
2026-09-25 20:25:05,/history,MCX:GOLDM26SEP146500CE,5S,2026-09-18,2026-09-25,1,1,1,200,ok
2026-09-25 20:25:05,/history,MCX:GOLDM26SEP146500PE,60,2026-06-17,2026-09-25,1,1,1,200,ok
2026-09-25 20:25:05,/history,MCX:GOLDM26SEP146500PE,5S,2026-08-18,2026-09-17,1,1,1,200,ok
2026-09-25 20:25:05,/history,MCX:GOLDM26SEP146500CE,D,2026-06-17,2026-09-25,1,1,1,200,ok
2026-09-25 20:25:05,/history,MCX:GOLDM26SEP146500PE,D,2026-06-17,2026-09-25,1,1,1,200,ok
2026-09-25 20:25:05,/history,MCX:GOLDM26SEP147000CE,5S,2026-06-17,2026-07-17,1,1,1,200,no_data
2026-09-25 20:25:06,/history,MCX:GOLDM26SEP147000PE,5S,2026-06-17,2026-07-17,1,1,1,200,no_data
2026-09-25 20:25:06,/history,MCX:GOLDM26SEP147000CE,5S,2026-07-18,2026-08-17,1,1,1,200,ok
2026-09-25 20:25:06,/history,MCX:GOLDM26SEP147000PE,5S,2026-07-18,2026-08-17,1,1,1,200,no_data
2026-09-25 20:25:07,/history,MCX:GOLDM26SEP147000CE,1,2026-06-17,2026-09-25,1,1,1,200,ok
2026-09-25 20:25:07,/history,MCX:GOLDM26SEP146500PE,5S,2026-09-18,2026-09-25,1,1,1,200,ok
2026-09-25 20:25:08,/history,MCX:GOLDM26SEP147000CE,5,2026-06-17,2026-09-25,1,1,1,200,ok
2026-09-25 20:25:09,/history,MCX:GOLDM26SEP147000PE,5,2026-06-17,2026-09-25,1,1,1,200,ok
2026-09-25 20:25:09,/history,MCX:GOLDM26SEP147000PE,1,2026-06-17,2026-09-25,1,1,1,200,ok
2026-09-25 20:25:09,/history,MCX:GOLDM26SEP147000CE,5S,2026-08-18,2026-09-17,1,1,1,200,ok
2026-09-25 20:25:10,/history,MCX:GOLDM26SEP147000CE,60,2026-06-17,2026-09-25,1,1,1,200,ok
2026-09-25 20:25:10,/history,MCX:GOLDM26SEP147000PE,60,2026-06-17,2026-09-25,1,1,1,200,ok
2026-09-25 20:25:10,/history,MCX:GOLDM26SEP147000CE,D,2026-06-17,2026-09-25,1,1,1,200,ok
2026-09-25 20:25:10,/history,MCX:GOLDM26SEP147000PE,D,2026-06-17,2026-09-25,1,1,1,200,ok
2026-09-25 20:25:10,/history,MCX:GOLDM26SEP147500CE,5S,2026-06-17,2026-07-17,1,1,1,200,no_data
2026-09-25 20:25:11,/history,MCX:GOLDM26SEP147500CE,5S,2026-07-18,2026-08-17,1,1,1,200,no_data
2026-09-25 20:25:11,/history,MCX:GOLDM26SEP147500PE,5S,2026-06-17,2026-07-17,1,1,1,200,no_data
2026-09-25 20:25:11,/history,MCX:GOLDM26SEP147000PE,5S,2026-08-18,2026-09-17,1,1,1,200,ok
2026-09-25 20:25:11,/history,MCX:GOLDM26SEP147000CE,5S,2026-09-18,2026-09-25,1,1,1,200,ok
2026-09-25 20:25:11,/history,MCX:GOLDM26SEP147500PE,5S,2026-07-18,2026-08-17,1,1,1,200,no_data
2026-09-25 20:25:14,/history,MCX:GOLDM26SEP147500CE,5S,2026-08-18,2026-09-17,1,1,1,200,ok
2026-09-25 20:25:15,/history,MCX:GOLDM26SEP147000PE,5S,2026-09-18,2026-09-25,1,1,1,200,ok
2026-09-25 20:25:16,/history,MCX:GOLDM26SEP147500CE,1,2026-06-17,2026-09-25,1,1,1,200,ok
2026-09-25 20:25:16,/history,MCX:GOLDM26SEP147500PE,5S,2026-08-18,2026-09-17,1,1,1,200,ok
2026-09-25 20:25:16,/history,MCX:GOLDM26SEP147500CE,5S,2026-09-18,2026-09-25,1,1,1,200,ok
2026-09-25 20:25:17,/history,MCX:GOLDM26SEP147500PE,1,2026-06-17,2026-09-25,1,1,1,200,ok
2026-09-25 20:25:18,/history,MCX:GOLDM26SEP147500CE,5,2026-06-17,2026-09-25,1,1,1,200,ok
2026-09-25 20:25:18,/history,MCX:GOLDM26SEP147500PE,5,2026-06-17,2026-09-25,1,1,1,200,ok
2026-09-25 20:25:19,/history,MCX:GOLDM26SEP147500PE,5S,2026-09-18,2026-09-25,1,1,1,200,ok
2026-09-25 20:25:19,/history,MCX:GOLDM26SEP147500CE,60,2026-06-17,2026-09-25,1,1,1,200,ok
2026-09-25 20:25:19,/history,MCX:GOLDM26SEP147500CE,D,2026-06-17,2026-09-25,1,1,1,200,ok
2026-09-25 20:25:19,/history,MCX:GOLDM26SEP147500PE,60,2026-06-17,2026-09-25,1,1,1,200,ok
2026-09-25 20:25:20,/history,MCX:GOLDM26SEP148000CE,5S,2026-06-17,2026-07-17,1,1,1,200,no_data
2026-09-25 20:25:20,/history,MCX:GOLDM26SEP147500PE,D,2026-06-17,2026-09-25,1,1,1,200,ok
2026-09-25 20:25:20,/history,MCX:GOLDM26SEP148000PE,5S,2026-06-17,2026-07-17,1,1,1,200,no_data
2026-09-25 20:25:21,/history,MCX:GOLDM26SEP148000PE,5S,2026-07-18,2026-08-17,1,1,1,200,ok
2026-09-25 20:25:21,/history,MCX:GOLDM26SEP148000CE,5S,2026-07-18,2026-08-17,1,1,1,200,ok
2026-09-25 20:25:22,/history,MCX:GOLDM26SEP148000CE,1,2026-06-17,2026-09-25,1,1,1,200,ok
2026-09-25 20:25:24,/history,MCX:GOLDM26SEP148000PE,1,2026-06-17,2026-09-25,1,1,1,200,ok
2026-09-25 20:25:26,/history,MCX:GOLDM26SEP148000CE,5,2026-06-17,2026-09-25,1,1,1,200,ok
2026-09-25 20:25:26,/history,MCX:GOLDM26SEP148000PE,5,2026-06-17,2026-09-25,1,1,1,200,ok
2026-09-25 20:25:27,/history,MCX:GOLDM26SEP148000CE,5S,2026-08-18,2026-09-17,1,1,1,200,ok
2026-09-25 20:25:27,/history,MCX:GOLDM26SEP148000CE,60,2026-06-17,2026-09-25,1,1,1,200,ok
2026-09-25 20:25:27,/history,MCX:GOLDM26SEP148000PE,60,2026-06-17,2026-09-25,1,1,1,200,ok
2026-09-25 20:25:27,/history,MCX:GOLDM26SEP148000CE,D,2026-06-17,2026-09-25,1,1,1,200,ok
2026-09-25 20:25:27,/history,MCX:GOLDM26SEP148000PE,D,2026-06-17,2026-09-25,1,1,1,200,ok
2026-09-25 20:25:28,/history,MCX:GOLDM26SEP148000PE,5S,2026-08-18,2026-09-17,1,1,1,200,ok
2026-09-25 20:25:28,/history,MCX:GOLDM26SEP148500CE,5S,2026-06-17,2026-07-17,1,1,1,200,no_data
2026-09-25 20:25:28,/history,MCX:GOLDM26SEP148500PE,5S,2026-06-17,2026-07-17,1,1,1,200,no_data
2026-09-25 20:25:28,/history,MCX:GOLDM26SEP148500PE,5S,2026-07-18,2026-08-17,1,1,1,200,no_data
2026-09-25 20:25:28,/history,MCX:GOLDM26SEP148500CE,1,2026-06-17,2026-09-25,1,1,1,200,ok
2026-09-25 20:25:28,/history,MCX:GOLDM26SEP148500CE,5S,2026-07-18,2026-08-17,1,1,1,200,ok
2026-09-25 20:25:29,/history,MCX:GOLDM26SEP148000CE,5S,2026-09-18,2026-09-25,1,1,1,200,ok
2026-09-25 20:25:30,/history,MCX:GOLDM26SEP148000PE,5S,2026-09-18,2026-09-25,1,1,1,200,ok
2026-09-25 20:25:30,/history,MCX:GOLDM26SEP148500PE,1,2026-06-17,2026-09-25,1,1,1,200,ok
2026-09-25 20:25:32,/history,MCX:GOLDM26SEP148500CE,5,2026-06-17,2026-09-25,1,1,1,200,ok
2026-09-25 20:25:33,/history,MCX:GOLDM26SEP148500CE,5S,2026-08-18,2026-09-17,1,1,1,200,ok
2026-09-25 20:25:33,/history,MCX:GOLDM26SEP148500PE,5,2026-06-17,2026-09-25,1,1,1,200,ok
2026-09-25 20:25:34,/history,MCX:GOLDM26SEP148500CE,60,2026-06-17,2026-09-25,1,1,1,200,ok
2026-09-25 20:25:34,/history,MCX:GOLDM26SEP148500PE,5S,2026-08-18,2026-09-17,1,1,1,200,ok
2026-09-25 20:25:34,/history,MCX:GOLDM26SEP148500PE,60,2026-06-17,2026-09-25,1,1,1,200,ok
2026-09-25 20:25:35,/history,MCX:GOLDM26SEP148500CE,D,2026-06-17,2026-09-25,1,1,1,200,ok
2026-09-25 20:25:35,/history,MCX:GOLDM26SEP148500CE,5S,2026-09-18,2026-09-25,1,1,1,200,ok
2026-09-25 20:25:35,/history,MCX:GOLDM26SEP148500PE,D,2026-06-17,2026-09-25,1,1,1,200,ok
2026-09-25 20:25:36,/history,MCX:GOLDM26SEP149000CE,5S,2026-06-17,2026-07-17,1,1,1,200,no_data
2026-09-25 20:25:37,/history,MCX:GOLDM26SEP148500PE,5S,2026-09-18,2026-09-25,1,1,1,200,ok
2026-09-25 20:25:37,/history,MCX:GOLDM26SEP149000CE,5S,2026-07-18,2026-08-17,1,1,1,200,ok
2026-09-25 20:25:37,/history,MCX:GOLDM26SEP149000PE,5S,2026-06-17,2026-07-17,1,1,1,200,no_data
2026-09-25 20:25:38,/history,MCX:GOLDM26SEP149000PE,5S,2026-07-18,2026-08-17,1,1,1,200,ok
2026-09-25 20:25:40,/history,MCX:GOLDM26SEP149000CE,1,2026-06-17,2026-09-25,1,1,1,200,ok
2026-09-25 20:25:41,/history,MCX:GOLDM26SEP149000CE,5S,2026-08-18,2026-09-17,1,1,1,200,ok
2026-09-25 20:25:42,/history,MCX:GOLDM26SEP149000CE,5,2026-06-17,2026-09-25,1,1,1,200,ok
2026-09-25 20:25:42,/history,MCX:GOLDM26SEP149000PE,1,2026-06-17,2026-09-25,1,1,1,200,ok
2026-09-25 20:25:43,/history,MCX:GOLDM26SEP149000PE,5,2026-06-17,2026-09-25,1,1,1,200,ok
2026-09-25 20:25:44,/history,MCX:GOLDM26SEP149000PE,5S,2026-08-18,2026-09-17,1,1,1,200,ok
2026-09-25 20:25:44,/history,MCX:GOLDM26SEP149000CE,60,2026-06-17,2026-09-25,1,1,1,200,ok
2026-09-25 20:25:44,/history,MCX:GOLDM26SEP149000PE,60,2026-06-17,2026-09-25,1,1,1,200,ok
2026-09-25 20:25:44,/history,MCX:GOLDM26SEP149000CE,5S,2026-09-18,2026-09-25,1,1,1,200,ok
2026-09-25 20:25:44,/history,MCX:GOLDM26SEP149000CE,D,2026-06-17,2026-09-25,1,1,1,200,ok
2026-09-25 20:25:44,/history,MCX:GOLDM26SEP149000PE,D,2026-06-17,2026-09-25,1,1,1,200,ok
2026-09-25 20:25:45,/history,MCX:GOLDM26SEP149500CE,5S,2026-06-17,2026-07-17,1,1,1,200,no_data
2026-09-25 20:25:45,/history,MCX:GOLDM26SEP149500PE,5S,2026-06-17,2026-07-17,1,1,1,200,no_data
2026-09-25 20:25:45,/history,MCX:GOLDM26SEP149500PE,5S,2026-07-18,2026-08-17,1,1,1,200,no_data
2026-09-25 20:25:45,/history,MCX:GOLDM26SEP149500CE,5S,2026-07-18,2026-08-17,1,1,1,200,ok
2026-09-25 20:25:46,/history,MCX:GOLDM26SEP149000PE,5S,2026-09-18,2026-09-25,1,1,1,200,ok
2026-09-25 20:25:48,/history,MCX:GOLDM26SEP149500CE,1,2026-06-17,2026-09-25,1,1,1,200,ok
2026-09-25 20:25:49,/history,MCX:GOLDM26SEP149500CE,5S,2026-08-18,2026-09-17,1,1,1,200,ok
2026-09-25 20:25:49,/history,MCX:GOLDM26SEP149500PE,5S,2026-08-18,2026-09-17,1,1,1,200,ok
2026-09-25 20:25:50,/history,MCX:GOLDM26SEP149500PE,1,2026-06-17,2026-09-25,1,1,1,200,ok
2026-09-25 20:25:52,/history,MCX:GOLDM26SEP149500CE,5,2026-06-17,2026-09-25,1,1,1,200,ok
2026-09-25 20:25:52,/history,MCX:GOLDM26SEP149500CE,5S,2026-09-18,2026-09-25,1,1,1,200,ok
2026-09-25 20:25:53,/history,MCX:GOLDM26SEP149500PE,5S,2026-09-18,2026-09-25,1,1,1,200,ok
2026-09-25 20:25:53,/history,MCX:GOLDM26SEP149500PE,5,2026-06-17,2026-09-25,1,1,1,200,ok
2026-09-25 20:25:54,/history,MCX:GOLDM26SEP149500CE,60,2026-06-17,2026-09-25,1,1,1,200,ok
2026-09-25 20:25:54,/history,MCX:GOLDM26SEP149500PE,60,2026-06-17,2026-09-25,1,1,1,200,ok
2026-09-25 20:25:54,/history,MCX:GOLDM26SEP149500CE,D,2026-06-17,2026-09-25,1,1,1,200,ok
2026-09-25 20:25:55,/history,MCX:GOLDM26SEP149500PE,D,2026-06-17,2026-09-25,1,1,1,200,ok
2026-09-25 20:25:55,/history,MCX:GOLDM26SEP150000CE,5S,2026-06-17,2026-07-17,1,1,1,200,no_data
2026-09-25 20:25:55,/history,MCX:GOLDM26SEP150000PE,5S,2026-06-17,2026-07-17,1,1,1,200,no_data
2026-09-25 20:25:56,/history,MCX:GOLDM26SEP150000CE,1,2026-06-17,2026-09-25,1,1,1,200,ok
2026-09-25 20:25:58,/history,MCX:GOLDM26SEP150000CE,5,2026-06-17,2026-09-25,1,1,1,200,ok
2026-09-25 20:25:58,/history,MCX:GOLDM26SEP150000PE,5S,2026-07-18,2026-08-17,1,1,1,200,ok
2026-09-25 20:25:59,/history,MCX:GOLDM26SEP150000CE,60,2026-06-17,2026-09-25,1,1,1,200,ok
2026-09-25 20:25:59,/history,MCX:GOLDM26SEP150000PE,1,2026-06-17,2026-09-25,1,1,1,200,ok
2026-09-25 20:25:59,/history,MCX:GOLDM26SEP150000PE,5,2026-06-17,2026-09-25,1,1,1,200,ok
2026-09-25 20:25:59,/history,MCX:GOLDM26SEP150000PE,60,2026-06-17,2026-09-25,1,1,1,200,ok
2026-09-25 20:26:00,/history,MCX:GOLDM26SEP150000CE,5S,2026-07-18,2026-08-17,1,1,1,200,ok
2026-09-25 20:26:00,/history,MCX:GOLDM26SEP150000CE,D,2026-06-17,2026-09-25,1,1,1,200,ok
2026-09-25 20:26:00,/history,MCX:GOLDM26SEP150000PE,D,2026-06-17,2026-09-25,1,1,1,200,ok
2026-09-25 20:26:00,/history,MCX:GOLDM26SEP150500CE,5S,2026-06-17,2026-07-17,1,1,1,200,no_data
2026-09-25 20:26:00,/history,MCX:GOLDM26SEP150500PE,5S,2026-06-17,2026-07-17,1,1,1,200,no_data
2026-09-25 20:26:00,/history,MCX:GOLDM26SEP150500PE,5S,2026-07-18,2026-08-17,1,1,1,200,no_data
2026-09-25 20:26:01,/history,MCX:GOLDM26SEP150500CE,1,2026-06-17,2026-09-25,1,1,1,200,ok
2026-09-25 20:26:01,/history,MCX:GOLDM26SEP150500CE,5S,2026-07-18,2026-08-17,1,1,1,200,ok
2026-09-25 20:26:02,/history,MCX:GOLDM26SEP150500PE,1,2026-06-17,2026-09-25,1,1,1,200,ok
2026-09-25 20:26:04,/history,MCX:GOLDM26SEP150500CE,5,2026-06-17,2026-09-25,1,1,1,200,ok
2026-09-25 20:26:06,/history,MCX:GOLDM26SEP150500PE,5,2026-06-17,2026-09-25,1,1,1,200,ok
2026-09-25 20:26:07,/history,MCX:GOLDM26SEP150500CE,5S,2026-08-18,2026-09-17,1,1,1,200,ok
2026-09-25 20:26:07,/history,MCX:GOLDM26SEP150000PE,5S,2026-08-18,2026-09-17,1,1,1,200,ok
2026-09-25 20:26:07,/history,MCX:GOLDM26SEP150500PE,5S,2026-08-18,2026-09-17,1,1,1,200,ok
2026-09-25 20:26:08,/history,MCX:GOLDM26SEP150500CE,60,2026-06-17,2026-09-25,1,1,1,200,ok
2026-09-25 20:26:08,/history,MCX:GOLDM26SEP150000CE,5S,2026-08-18,2026-09-17,1,1,1,200,ok
2026-09-25 20:26:08,/history,MCX:GOLDM26SEP150500PE,60,2026-06-17,2026-09-25,1,1,1,200,ok
2026-09-25 20:26:08,/history,MCX:GOLDM26SEP150500CE,D,2026-06-17,2026-09-25,1,1,1,200,ok
2026-09-25 20:26:09,/history,MCX:GOLDM26SEP150500PE,D,2026-06-17,2026-09-25,1,1,1,200,ok
2026-09-25 20:26:10,/history,MCX:GOLDM26SEP151000CE,5S,2026-06-17,2026-07-17,1,1,1,200,ok
2026-09-25 20:26:10,/history,MCX:GOLDM26SEP150500CE,5S,2026-09-18,2026-09-25,1,1,1,200,ok
2026-09-25 20:26:11,/history,MCX:GOLDM26SEP150500PE,5S,2026-09-18,2026-09-25,1,1,1,200,ok
2026-09-25 20:26:12,/history,MCX:GOLDM26SEP150000PE,5S,2026-09-18,2026-09-25,1,1,1,200,ok
2026-09-25 20:26:13,/history,MCX:GOLDM26SEP151000CE,5S,2026-07-18,2026-08-17,1,1,1,200,ok
2026-09-25 20:26:13,/history,MCX:GOLDM26SEP150000CE,5S,2026-09-18,2026-09-25,1,1,1,200,ok
2026-09-25 20:26:20,/history,MCX:GOLDM26SEP151000CE,5S,2026-08-18,2026-09-17,1,1,1,200,ok
2026-09-25 20:26:20,/history,MCX:GOLDM26SEP151000PE,5S,2026-06-17,2026-07-17,1,1,1,200,no_data
2026-09-25 20:26:21,/history,MCX:GOLDM26SEP151000PE,5S,2026-07-18,2026-08-17,1,1,1,200,no_data
2026-09-25 20:26:22,/history,MCX:GOLDM26SEP151000CE,1,2026-06-17,2026-09-25,1,1,1,200,ok
2026-09-25 20:26:23,/history,MCX:GOLDM26SEP151000CE,5S,2026-09-18,2026-09-25,1,1,1,200,ok
2026-09-25 20:26:26,/history,MCX:GOLDM26SEP151000PE,1,2026-06-17,2026-09-25,1,1,1,200,ok
2026-09-25 20:26:26,/history,MCX:GOLDM26SEP151000PE,5S,2026-08-18,2026-09-17,1,1,1,200,ok
2026-09-25 20:26:27,/history,MCX:GOLDM26SEP151000CE,5,2026-06-17,2026-09-25,1,1,1,200,ok
2026-09-25 20:26:27,/history,MCX:GOLDM26SEP151000PE,5,2026-06-17,2026-09-25,1,1,1,200,ok
2026-09-25 20:26:27,/history,MCX:GOLDM26SEP151000CE,60,2026-06-17,2026-09-25,1,1,1,200,ok
2026-09-25 20:26:27,/history,MCX:GOLDM26SEP151000CE,D,2026-06-17,2026-09-25,1,1,1,200,ok
2026-09-25 20:26:28,/history,MCX:GOLDM26SEP151000PE,60,2026-06-17,2026-09-25,1,1,1,200,ok
2026-09-25 20:26:28,/history,MCX:GOLDM26SEP151500CE,5S,2026-06-17,2026-07-17,1,1,1,200,no_data
2026-09-25 20:26:28,/history,MCX:GOLDM26SEP151000PE,D,2026-06-17,2026-09-25,1,1,1,200,ok
2026-09-25 20:26:28,/history,MCX:GOLDM26SEP151500PE,5S,2026-06-17,2026-07-17,1,1,1,200,no_data
2026-09-25 20:26:29,/history,MCX:GOLDM26SEP151500CE,5S,2026-07-18,2026-08-17,1,1,1,200,ok
2026-09-25 20:26:29,/history,MCX:GOLDM26SEP151000PE,5S,2026-09-18,2026-09-25,1,1,1,200,ok
2026-09-25 20:26:29,/history,MCX:GOLDM26SEP151500PE,5S,2026-07-18,2026-08-17,1,1,1,200,no_data
2026-09-25 20:26:31,/history,MCX:GOLDM26SEP151500CE,1,2026-06-17,2026-09-25,1,1,1,200,ok
2026-09-25 20:26:33,/history,MCX:GOLDM26SEP151500CE,5S,2026-08-18,2026-09-17,1,1,1,200,ok
2026-09-25 20:26:33,/history,MCX:GOLDM26SEP151500PE,1,2026-06-17,2026-09-25,1,1,1,200,ok
2026-09-25 20:26:34,/history,MCX:GOLDM26SEP151500PE,5S,2026-08-18,2026-09-17,1,1,1,200,ok
2026-09-25 20:26:34,/history,MCX:GOLDM26SEP151500CE,5,2026-06-17,2026-09-25,1,1,1,200,ok
2026-09-25 20:26:34,/history,MCX:GOLDM26SEP151500PE,5,2026-06-17,2026-09-25,1,1,1,200,ok
2026-09-25 20:26:35,/history,MCX:GOLDM26SEP151500CE,60,2026-06-17,2026-09-25,1,1,1,200,ok
2026-09-25 20:26:35,/history,MCX:GOLDM26SEP151500CE,D,2026-06-17,2026-09-25,1,1,1,200,ok
2026-09-25 20:26:35,/history,MCX:GOLDM26SEP151500PE,60,2026-06-17,2026-09-25,1,1,1,200,ok
2026-09-25 20:26:35,/history,MCX:GOLDM26SEP151500CE,5S,2026-09-18,2026-09-25,1,1,1,200,ok
2026-09-25 20:26:35,/history,MCX:GOLDM26SEP152000CE,5S,2026-06-17,2026-07-17,1,1,1,200,no_data
2026-09-25 20:26:36,/history,MCX:GOLDM26SEP151500PE,D,2026-06-17,2026-09-25,1,1,1,200,ok
2026-09-25 20:26:38,/history,MCX:GOLDM26SEP152000PE,5S,2026-06-17,2026-07-17,1,1,1,200,no_data
2026-09-25 20:26:38,/history,MCX:GOLDM26SEP152000PE,5S,2026-07-18,2026-08-17,1,1,1,200,no_data
2026-09-25 20:26:39,/history,MCX:GOLDM26SEP152000CE,5S,2026-07-18,2026-08-17,1,1,1,200,ok
2026-09-25 20:26:40,/history,MCX:GOLDM26SEP151500PE,5S,2026-09-18,2026-09-25,1,1,1,200,ok
2026-09-25 20:26:43,/history,MCX:GOLDM26SEP152000CE,1,2026-06-17,2026-09-25,1,1,1,200,ok
2026-09-25 20:26:48,/history,MCX:GOLDM26SEP152000PE,1,2026-06-17,2026-09-25,1,1,1,200,ok
2026-09-25 20:26:51,/history,MCX:GOLDM26SEP152000CE,5,2026-06-17,2026-09-25,1,1,1,200,ok
2026-09-25 20:26:51,/history,MCX:GOLDM26SEP152000PE,5S,2026-08-18,2026-09-17,1,1,1,200,ok
2026-09-25 20:26:52,/history,MCX:GOLDM26SEP152000CE,5S,2026-08-18,2026-09-17,1,1,1,200,ok
2026-09-25 20:26:52,/history,MCX:GOLDM26SEP152000PE,5,2026-06-17,2026-09-25,1,1,1,200,ok
2026-09-25 20:26:53,/history,MCX:GOLDM26SEP152000CE,60,2026-06-17,2026-09-25,1,1,1,200,ok
2026-09-25 20:26:54,/history,MCX:GOLDM26SEP152000PE,60,2026-06-17,2026-09-25,1,1,1,200,ok
2026-09-25 20:26:54,/history,MCX:GOLDM26SEP152000CE,D,2026-06-17,2026-09-25,1,1,1,200,ok
2026-09-25 20:26:54,/history,MCX:GOLDM26SEP152000PE,D,2026-06-17,2026-09-25,1,1,1,200,ok
2026-09-25 20:26:55,/history,MCX:GOLDM26SEP152500CE,5S,2026-06-17,2026-07-17,1,1,1,200,no_data
2026-09-25 20:26:55,/history,MCX:GOLDM26SEP152500PE,5S,2026-06-17,2026-07-17,1,1,1,200,no_data
2026-09-25 20:26:55,/history,MCX:GOLDM26SEP152500PE,5S,2026-07-18,2026-08-17,1,1,1,200,no_data
2026-09-25 20:26:56,/history,MCX:GOLDM26SEP152500CE,5S,2026-07-18,2026-08-17,1,1,1,200,ok
2026-09-25 20:26:56,/history,MCX:GOLDM26SEP152000PE,5S,2026-09-18,2026-09-25,1,1,1,200,ok
2026-09-25 20:26:57,/history,MCX:GOLDM26SEP152000CE,5S,2026-09-18,2026-09-25,1,1,1,200,ok
2026-09-25 20:27:00,/history,MCX:GOLDM26SEP152500CE,1,2026-06-17,2026-09-25,1,1,1,200,ok
2026-09-25 20:27:00,/history,MCX:GOLDM26SEP152500PE,5S,2026-08-18,2026-09-17,1,1,1,200,ok
2026-09-25 20:27:02,/history,MCX:GOLDM26SEP152500CE,5S,2026-08-18,2026-09-17,1,1,1,200,ok
2026-09-25 20:27:02,/history,MCX:GOLDM26SEP152500PE,1,2026-06-17,2026-09-25,1,1,1,200,ok
2026-09-25 20:27:03,/history,MCX:GOLDM26SEP152500CE,5,2026-06-17,2026-09-25,1,1,1,200,ok
2026-09-25 20:27:03,/history,MCX:GOLDM26SEP152500PE,5S,2026-09-18,2026-09-25,1,1,1,200,ok
2026-09-25 20:27:04,/history,MCX:GOLDM26SEP152500PE,5,2026-06-17,2026-09-25,1,1,1,200,ok
2026-09-25 20:27:05,/history,MCX:GOLDM26SEP152500CE,60,2026-06-17,2026-09-25,1,1,1,200,ok
2026-09-25 20:27:05,/history,MCX:GOLDM26SEP152500CE,5S,2026-09-18,2026-09-25,1,1,1,200,ok
2026-09-25 20:27:05,/history,MCX:GOLDM26SEP152500PE,60,2026-06-17,2026-09-25,1,1,1,200,ok
2026-09-25 20:27:06,/history,MCX:GOLDM26SEP152500CE,D,2026-06-17,2026-09-25,1,1,1,200,ok
2026-09-25 20:27:06,/history,MCX:GOLDM26SEP152500PE,D,2026-06-17,2026-09-25,1,1,1,200,ok
2026-09-25 20:27:06,/history,MCX:GOLDM26SEP153000CE,5S,2026-06-17,2026-07-17,1,1,1,200,no_data
2026-09-25 20:27:07,/history,MCX:GOLDM26SEP153000CE,5S,2026-07-18,2026-08-17,1,1,1,200,ok
2026-09-25 20:27:07,/history,MCX:GOLDM26SEP153000PE,5S,2026-06-17,2026-07-17,1,1,1,200,no_data
2026-09-25 20:27:08,/history,MCX:GOLDM26SEP153000PE,5S,2026-07-18,2026-08-17,1,1,1,200,ok
2026-09-25 20:27:10,/history,MCX:GOLDM26SEP153000CE,1,2026-06-17,2026-09-25,1,1,1,200,ok
2026-09-25 20:27:12,/history,MCX:GOLDM26SEP153000CE,5S,2026-08-18,2026-09-17,1,1,1,200,ok
2026-09-25 20:27:13,/history,MCX:GOLDM26SEP153000CE,5,2026-06-17,2026-09-25,1,1,1,200,ok
2026-09-25 20:27:13,/history,MCX:GOLDM26SEP153000PE,1,2026-06-17,2026-09-25,1,1,1,200,ok
2026-09-25 20:27:14,/history,MCX:GOLDM26SEP153000PE,5,2026-06-17,2026-09-25,1,1,1,200,ok
2026-09-25 20:27:14,/history,MCX:GOLDM26SEP153000CE,60,2026-06-17,2026-09-25,1,1,1,200,ok
2026-09-25 20:27:15,/history,MCX:GOLDM26SEP153000PE,60,2026-06-17,2026-09-25,1,1,1,200,ok
2026-09-25 20:27:15,/history,MCX:GOLDM26SEP153000CE,D,2026-06-17,2026-09-25,1,1,1,200,ok
2026-09-25 20:27:15,/history,MCX:GOLDM26SEP153000PE,5S,2026-08-18,2026-09-17,1,1,1,200,ok
2026-09-25 20:27:15,/history,MCX:GOLDM26SEP153000PE,D,2026-06-17,2026-09-25,1,1,1,200,ok
2026-09-25 20:27:15,/history,MCX:GOLDM26SEP153000CE,5S,2026-09-18,2026-09-25,1,1,1,200,ok
2026-09-25 20:27:15,/history,MCX:GOLDM26SEP153500CE,5S,2026-06-17,2026-07-17,1,1,1,200,no_data
2026-09-25 20:27:16,/history,MCX:GOLDM26SEP153500PE,5S,2026-06-17,2026-07-17,1,1,1,200,no_data
2026-09-25 20:27:16,/history,MCX:GOLDM26SEP153500CE,5S,2026-07-18,2026-08-17,1,1,1,200,no_data
2026-09-25 20:27:16,/history,MCX:GOLDM26SEP153500PE,5S,2026-07-18,2026-08-17,1,1,1,200,no_data
2026-09-25 20:27:16,/history,MCX:GOLDM26SEP153500CE,1,2026-06-17,2026-09-25,1,1,1,200,ok
2026-09-25 20:27:18,/history,MCX:GOLDM26SEP153000PE,5S,2026-09-18,2026-09-25,1,1,1,200,ok
2026-09-25 20:27:18,/history,MCX:GOLDM26SEP153500PE,1,2026-06-17,2026-09-25,1,1,1,200,ok
2026-09-25 20:27:21,/history,MCX:GOLDM26SEP153500CE,5,2026-06-17,2026-09-25,1,1,1,200,ok
2026-09-25 20:27:22,/history,MCX:GOLDM26SEP153500PE,5,2026-06-17,2026-09-25,1,1,1,200,ok
2026-09-25 20:27:23,/history,MCX:GOLDM26SEP153500PE,5S,2026-08-18,2026-09-17,1,1,1,200,ok
2026-09-25 20:27:23,/history,MCX:GOLDM26SEP153500CE,60,2026-06-17,2026-09-25,1,1,1,200,ok
2026-09-25 20:27:24,/history,MCX:GOLDM26SEP153500PE,60,2026-06-17,2026-09-25,1,1,1,200,ok
2026-09-25 20:27:24,/history,MCX:GOLDM26SEP153500CE,D,2026-06-17,2026-09-25,1,1,1,200,ok
2026-09-25 20:27:24,/history,MCX:GOLDM26SEP153500CE,5S,2026-08-18,2026-09-17,1,1,1,200,ok
2026-09-25 20:27:25,/history,MCX:GOLDM26SEP153500PE,D,2026-06-17,2026-09-25,1,1,1,200,ok
2026-09-25 20:27:26,/history,MCX:GOLDM26SEP153500PE,5S,2026-09-18,2026-09-25,1,1,1,200,ok
2026-09-25 20:27:26,/history,MCX:GOLDM26SEP154000CE,5S,2026-06-17,2026-07-17,1,1,1,200,no_data
2026-09-25 20:27:27,/history,MCX:GOLDM26SEP154000CE,5S,2026-07-18,2026-08-17,1,1,1,200,ok
2026-09-25 20:27:27,/history,MCX:GOLDM26SEP154000PE,5S,2026-06-17,2026-07-17,1,1,1,200,no_data
2026-09-25 20:27:28,/history,MCX:GOLDM26SEP153500CE,5S,2026-09-18,2026-09-25,1,1,1,200,ok
2026-09-25 20:27:29,/history,MCX:GOLDM26SEP154000PE,5S,2026-07-18,2026-08-17,1,1,1,200,ok
2026-09-25 20:27:32,/history,MCX:GOLDM26SEP154000CE,1,2026-06-17,2026-09-25,1,1,1,200,ok
2026-09-25 20:27:32,/history,MCX:GOLDM26SEP154000CE,5S,2026-08-18,2026-09-17,1,1,1,200,ok
2026-09-25 20:27:35,/history,MCX:GOLDM26SEP154000PE,1,2026-06-17,2026-09-25,1,1,1,200,ok
2026-09-25 20:27:36,/history,MCX:GOLDM26SEP154000CE,5S,2026-09-18,2026-09-25,1,1,1,200,ok
2026-09-25 20:27:37,/history,MCX:GOLDM26SEP154000CE,5,2026-06-17,2026-09-25,1,1,1,200,ok
2026-09-25 20:27:37,/history,MCX:GOLDM26SEP154000PE,5,2026-06-17,2026-09-25,1,1,1,200,ok
2026-09-25 20:27:38,/history,MCX:GOLDM26SEP154000CE,60,2026-06-17,2026-09-25,1,1,1,200,ok
2026-09-25 20:27:38,/history,MCX:GOLDM26SEP154000PE,60,2026-06-17,2026-09-25,1,1,1,200,ok
2026-09-25 20:27:38,/history,MCX:GOLDM26SEP154000CE,D,2026-06-17,2026-09-25,1,1,1,200,ok
2026-09-25 20:27:38,/history,MCX:GOLDM26SEP154000PE,D,2026-06-17,2026-09-25,1,1,1,200,ok
2026-09-25 20:27:39,/history,MCX:GOLDM26SEP154500CE,5S,2026-06-17,2026-07-17,1,1,1,200,no_data
2026-09-25 20:27:39,/history,MCX:GOLDM26SEP154000PE,5S,2026-08-18,2026-09-17,1,1,1,200,ok
2026-09-25 20:27:39,/history,MCX:GOLDM26SEP154500PE,5S,2026-06-17,2026-07-17,1,1,1,200,no_data
2026-09-25 20:27:39,/history,MCX:GOLDM26SEP154500PE,5S,2026-07-18,2026-08-17,1,1,1,200,no_data
2026-09-25 20:27:39,/history,MCX:GOLDM26SEP154500CE,5S,2026-07-18,2026-08-17,1,1,1,200,ok
2026-09-25 20:27:39,/history,MCX:GOLDM26SEP154500CE,1,2026-06-17,2026-09-25,1,1,1,200,ok
2026-09-25 20:27:41,/history,MCX:GOLDM26SEP154500PE,1,2026-06-17,2026-09-25,1,1,1,200,ok
2026-09-25 20:27:41,/history,MCX:GOLDM26SEP154000PE,5S,2026-09-18,2026-09-25,1,1,1,200,ok
2026-09-25 20:27:43,/history,MCX:GOLDM26SEP154500PE,5,2026-06-17,2026-09-25,1,1,1,200,ok
2026-09-25 20:27:44,/history,MCX:GOLDM26SEP154500CE,5,2026-06-17,2026-09-25,1,1,1,200,ok
2026-09-25 20:27:44,/history,MCX:GOLDM26SEP154500CE,60,2026-06-17,2026-09-25,1,1,1,200,ok
2026-09-25 20:27:44,/history,MCX:GOLDM26SEP154500PE,60,2026-06-17,2026-09-25,1,1,1,200,ok
2026-09-25 20:27:44,/history,MCX:GOLDM26SEP154500PE,5S,2026-08-18,2026-09-17,1,1,1,200,ok
2026-09-25 20:27:45,/history,MCX:GOLDM26SEP154500CE,D,2026-06-17,2026-09-25,1,1,1,200,ok
2026-09-25 20:27:45,/history,MCX:GOLDM26SEP154500PE,D,2026-06-17,2026-09-25,1,1,1,200,ok
2026-09-25 20:27:45,/history,MCX:GOLDM26SEP154500CE,5S,2026-08-18,2026-09-17,1,1,1,200,ok
2026-09-25 20:27:45,/history,MCX:GOLDM26SEP155000CE,5S,2026-06-17,2026-07-17,1,1,1,200,no_data
2026-09-25 20:27:45,/history,MCX:GOLDM26SEP155000PE,5S,2026-06-17,2026-07-17,1,1,1,200,no_data
2026-09-25 20:27:48,/history,MCX:GOLDM26SEP154500PE,5S,2026-09-18,2026-09-25,1,1,1,200,ok
2026-09-25 20:27:49,/history,MCX:GOLDM26SEP155000PE,5S,2026-07-18,2026-08-17,1,1,1,200,ok
2026-09-25 20:27:49,/history,MCX:GOLDM26SEP154500CE,5S,2026-09-18,2026-09-25,1,1,1,200,ok
2026-09-25 20:27:49,/history,MCX:GOLDM26SEP155000CE,5S,2026-07-18,2026-08-17,1,1,1,200,ok
2026-09-25 20:27:55,/history,MCX:GOLDM26SEP155000CE,5,2026-06-17,2026-09-25,1,1,1,200,ok
2026-09-25 20:27:56,/history,MCX:GOLDM26SEP155000CE,1,2026-06-17,2026-09-25,1,1,1,200,ok
2026-09-25 20:27:57,/history,MCX:GOLDM26SEP155000PE,5,2026-06-17,2026-09-25,1,1,1,200,ok
2026-09-25 20:27:57,/history,MCX:GOLDM26SEP155000PE,1,2026-06-17,2026-09-25,1,1,1,200,ok
2026-09-25 20:27:57,/history,MCX:GOLDM26SEP155000PE,5S,2026-08-18,2026-09-17,1,1,1,200,ok
2026-09-25 20:27:58,/history,MCX:GOLDM26SEP155000CE,60,2026-06-17,2026-09-25,1,1,1,200,ok
2026-09-25 20:27:58,/history,MCX:GOLDM26SEP155000PE,60,2026-06-17,2026-09-25,1,1,1,200,ok
2026-09-25 20:27:59,/history,MCX:GOLDM26SEP155500CE,5S,2026-06-17,2026-07-17,1,1,1,200,no_data
2026-09-25 20:27:59,/history,MCX:GOLDM26SEP155000CE,D,2026-06-17,2026-09-25,1,1,1,200,ok
2026-09-25 20:27:59,/history,MCX:GOLDM26SEP155000PE,D,2026-06-17,2026-09-25,1,1,1,200,ok
2026-09-25 20:27:59,/history,MCX:GOLDM26SEP155500PE,5S,2026-06-17,2026-07-17,1,1,1,200,no_data
2026-09-25 20:27:59,/history,MCX:GOLDM26SEP155500CE,5S,2026-07-18,2026-08-17,1,1,1,200,no_data
2026-09-25 20:27:59,/history,MCX:GOLDM26SEP155000CE,5S,2026-08-18,2026-09-17,1,1,1,200,ok
2026-09-25 20:28:00,/history,MCX:GOLDM26SEP155500PE,5S,2026-07-18,2026-08-17,1,1,1,200,no_data
2026-09-25 20:28:00,/history,MCX:GOLDM26SEP155500CE,1,2026-06-17,2026-09-25,1,1,1,200,ok
2026-09-25 20:28:01,/history,MCX:GOLDM26SEP155000PE,5S,2026-09-18,2026-09-25,1,1,1,200,ok
2026-09-25 20:28:03,/history,MCX:GOLDM26SEP155000CE,5S,2026-09-18,2026-09-25,1,1,1,200,ok
2026-09-25 20:28:04,/history,MCX:GOLDM26SEP155500PE,1,2026-06-17,2026-09-25,1,1,1,200,ok
2026-09-25 20:28:06,/history,MCX:GOLDM26SEP155500CE,5S,2026-08-18,2026-09-17,1,1,1,200,ok
2026-09-25 20:28:06,/history,MCX:GOLDM26SEP155500CE,5,2026-06-17,2026-09-25,1,1,1,200,ok
2026-09-25 20:28:06,/history,MCX:GOLDM26SEP155500PE,5S,2026-08-18,2026-09-17,1,1,1,200,ok
2026-09-25 20:28:07,/history,MCX:GOLDM26SEP155500PE,5,2026-06-17,2026-09-25,1,1,1,200,ok
2026-09-25 20:28:07,/history,MCX:GOLDM26SEP155500CE,60,2026-06-17,2026-09-25,1,1,1,200,ok
2026-09-25 20:28:08,/history,MCX:GOLDM26SEP155500PE,60,2026-06-17,2026-09-25,1,1,1,200,ok
2026-09-25 20:28:08,/history,MCX:GOLDM26SEP155500CE,5S,2026-09-18,2026-09-25,1,1,1,200,ok
2026-09-25 20:28:08,/history,MCX:GOLDM26SEP155500CE,D,2026-06-17,2026-09-25,1,1,1,200,ok
2026-09-25 20:28:09,/history,MCX:GOLDM26SEP155500PE,D,2026-06-17,2026-09-25,1,1,1,200,ok
2026-09-25 20:28:09,/history,MCX:GOLDM26SEP155500PE,5S,2026-09-18,2026-09-25,1,1,1,200,ok
2026-09-25 20:28:10,/history,MCX:GOLDM26SEP156000CE,5S,2026-06-17,2026-07-17,1,1,1,200,no_data
2026-09-25 20:28:11,/history,MCX:GOLDM26SEP156000CE,5S,2026-07-18,2026-08-17,1,1,1,200,ok
2026-09-25 20:28:15,/history,MCX:GOLDM26SEP156000PE,5S,2026-06-17,2026-07-17,1,1,1,200,no_data
2026-09-25 20:28:15,/history,MCX:GOLDM26SEP156000PE,5S,2026-07-18,2026-08-17,1,1,1,200,no_data
2026-09-25 20:28:16,/history,MCX:GOLDM26SEP156000CE,5S,2026-08-18,2026-09-17,1,1,1,200,ok
2026-09-25 20:28:16,/history,MCX:GOLDM26SEP156000CE,1,2026-06-17,2026-09-25,1,1,1,200,ok
2026-09-25 20:28:17,/history,MCX:GOLDM26SEP156000CE,5,2026-06-17,2026-09-25,1,1,1,200,ok
2026-09-25 20:28:17,/history,MCX:GOLDM26SEP156000PE,5,2026-06-17,2026-09-25,1,1,1,200,ok
2026-09-25 20:28:17,/history,MCX:GOLDM26SEP156000PE,1,2026-06-17,2026-09-25,1,1,1,200,ok
2026-09-25 20:28:18,/history,MCX:GOLDM26SEP156000CE,60,2026-06-17,2026-09-25,1,1,1,200,ok
2026-09-25 20:28:18,/history,MCX:GOLDM26SEP156000PE,60,2026-06-17,2026-09-25,1,1,1,200,ok
2026-09-25 20:28:18,/history,MCX:GOLDM26SEP156000CE,D,2026-06-17,2026-09-25,1,1,1,200,ok
2026-09-25 20:28:18,/history,MCX:GOLDM26SEP156000PE,D,2026-06-17,2026-09-25,1,1,1,200,ok
2026-09-25 20:28:19,/history,MCX:GOLDM26SEP156500CE,5S,2026-06-17,2026-07-17,1,1,1,200,no_data
2026-09-25 20:28:19,/history,MCX:GOLDM26SEP156500PE,5S,2026-06-17,2026-07-17,1,1,1,200,no_data
2026-09-25 20:28:19,/history,MCX:GOLDM26SEP156500CE,5S,2026-07-18,2026-08-17,1,1,1,200,no_data
2026-09-25 20:28:19,/history,MCX:GOLDM26SEP156000CE,5S,2026-09-18,2026-09-25,1,1,1,200,ok
2026-09-25 20:28:19,/history,MCX:GOLDM26SEP156500PE,5S,2026-07-18,2026-08-17,1,1,1,200,no_data
2026-09-25 20:28:20,/history,MCX:GOLDM26SEP156500CE,1,2026-06-17,2026-09-25,1,1,1,200,ok
2026-09-25 20:28:21,/history,MCX:GOLDM26SEP156000PE,5S,2026-08-18,2026-09-17,1,1,1,200,ok
2026-09-25 20:28:21,/history,MCX:GOLDM26SEP156500PE,1,2026-06-17,2026-09-25,1,1,1,200,ok
2026-09-25 20:28:23,/history,MCX:GOLDM26SEP156500CE,5,2026-06-17,2026-09-25,1,1,1,200,ok
2026-09-25 20:28:24,/history,MCX:GOLDM26SEP156500PE,5,2026-06-17,2026-09-25,1,1,1,200,ok
2026-09-25 20:28:24,/history,MCX:GOLDM26SEP156000PE,5S,2026-09-18,2026-09-25,1,1,1,200,ok
2026-09-25 20:28:25,/history,MCX:GOLDM26SEP156500CE,60,2026-06-17,2026-09-25,1,1,1,200,ok
2026-09-25 20:28:25,/history,MCX:GOLDM26SEP156500CE,5S,2026-08-18,2026-09-17,1,1,1,200,ok
2026-09-25 20:28:26,/history,MCX:GOLDM26SEP156500PE,5S,2026-08-18,2026-09-17,1,1,1,200,ok
2026-09-25 20:28:26,/history,MCX:GOLDM26SEP156500PE,60,2026-06-17,2026-09-25,1,1,1,200,ok
2026-09-25 20:28:26,/history,MCX:GOLDM26SEP156500CE,D,2026-06-17,2026-09-25,1,1,1,200,ok
2026-09-25 20:28:27,/history,MCX:GOLDM26SEP156500PE,D,2026-06-17,2026-09-25,1,1,1,200,ok
2026-09-25 20:28:27,/history,MCX:GOLDM26SEP156500PE,5S,2026-09-18,2026-09-25,1,1,1,200,ok
2026-09-25 20:28:27,/history,MCX:GOLDM26SEP157000CE,5S,2026-06-17,2026-07-17,1,1,1,200,no_data
2026-09-25 20:28:28,/history,MCX:GOLDM26SEP157000PE,5S,2026-06-17,2026-07-17,1,1,1,200,no_data
2026-09-25 20:28:28,/history,MCX:GOLDM26SEP157000CE,5S,2026-07-18,2026-08-17,1,1,1,200,ok
2026-09-25 20:28:28,/history,MCX:GOLDM26SEP157000PE,5S,2026-07-18,2026-08-17,1,1,1,200,no_data
2026-09-25 20:28:29,/history,MCX:GOLDM26SEP156500CE,5S,2026-09-18,2026-09-25,1,1,1,200,ok
2026-09-25 20:28:34,/history,MCX:GOLDM26SEP157000CE,1,2026-06-17,2026-09-25,1,1,1,200,ok
2026-09-25 20:28:34,/history,MCX:GOLDM26SEP157000PE,5S,2026-08-18,2026-09-17,1,1,1,200,ok
2026-09-25 20:28:35,/history,MCX:GOLDM26SEP157000CE,5,2026-06-17,2026-09-25,1,1,1,200,ok
2026-09-25 20:28:35,/history,MCX:GOLDM26SEP157000CE,5S,2026-08-18,2026-09-17,1,1,1,200,ok
2026-09-25 20:28:36,/history,MCX:GOLDM26SEP157000PE,1,2026-06-17,2026-09-25,1,1,1,200,ok
2026-09-25 20:28:36,/history,MCX:GOLDM26SEP157000PE,5,2026-06-17,2026-09-25,1,1,1,200,ok
2026-09-25 20:28:37,/history,MCX:GOLDM26SEP157000CE,60,2026-06-17,2026-09-25,1,1,1,200,ok
2026-09-25 20:28:37,/history,MCX:GOLDM26SEP157000PE,5S,2026-09-18,2026-09-25,1,1,1,200,ok
2026-09-25 20:28:38,/history,MCX:GOLDM26SEP157000CE,D,2026-06-17,2026-09-25,1,1,1,200,ok
2026-09-25 20:28:38,/history,MCX:GOLDM26SEP157000PE,60,2026-06-17,2026-09-25,1,1,1,200,ok
2026-09-25 20:28:38,/history,MCX:GOLDM26SEP157000PE,D,2026-06-17,2026-09-25,1,1,1,200,ok
2026-09-25 20:28:39,/history,MCX:GOLDM26SEP157500CE,5S,2026-06-17,2026-07-17,1,1,1,200,no_data
2026-09-25 20:28:39,/history,MCX:GOLDM26SEP157500PE,5S,2026-06-17,2026-07-17,1,1,1,200,no_data
2026-09-25 20:28:39,/history,MCX:GOLDM26SEP157000CE,5S,2026-09-18,2026-09-25,1,1,1,200,ok
2026-09-25 20:28:39,/history,MCX:GOLDM26SEP157500CE,5S,2026-07-18,2026-08-17,1,1,1,200,no_data
2026-09-25 20:28:39,/history,MCX:GOLDM26SEP157500PE,5S,2026-07-18,2026-08-17,1,1,1,200,no_data
2026-09-25 20:28:40,/history,MCX:GOLDM26SEP157500CE,1,2026-06-17,2026-09-25,1,1,1,200,ok
2026-09-25 20:28:42,/history,MCX:GOLDM26SEP157500PE,1,2026-06-17,2026-09-25,1,1,1,200,ok
2026-09-25 20:28:43,/history,MCX:GOLDM26SEP157500CE,5S,2026-08-18,2026-09-17,1,1,1,200,ok
2026-09-25 20:28:44,/history,MCX:GOLDM26SEP157500CE,5,2026-06-17,2026-09-25,1,1,1,200,ok
2026-09-25 20:28:44,/history,MCX:GOLDM26SEP157500PE,5S,2026-08-18,2026-09-17,1,1,1,200,ok
2026-09-25 20:28:44,/history,MCX:GOLDM26SEP157500PE,5,2026-06-17,2026-09-25,1,1,1,200,ok
2026-09-25 20:28:45,/history,MCX:GOLDM26SEP157500CE,60,2026-06-17,2026-09-25,1,1,1,200,ok
2026-09-25 20:28:45,/history,MCX:GOLDM26SEP157500PE,5S,2026-09-18,2026-09-25,1,1,1,200,ok
2026-09-25 20:28:45,/history,MCX:GOLDM26SEP157500PE,60,2026-06-17,2026-09-25,1,1,1,200,ok
2026-09-25 20:28:46,/history,MCX:GOLDM26SEP157500CE,5S,2026-09-18,2026-09-25,1,1,1,200,ok
2026-09-25 20:28:46,/history,MCX:GOLDM26SEP157500CE,D,2026-06-17,2026-09-25,1,1,1,200,ok
2026-09-25 20:28:47,/history,MCX:GOLDM26SEP157500PE,D,2026-06-17,2026-09-25,1,1,1,200,ok
2026-09-25 20:28:47,/history,MCX:GOLDM26SEP158000PE,5S,2026-06-17,2026-07-17,1,1,1,200,no_data
2026-09-25 20:28:47,/history,MCX:GOLDM26SEP158000CE,5S,2026-06-17,2026-07-17,1,1,1,200,no_data
2026-09-25 20:28:48,/history,MCX:GOLDM26SEP158000CE,5S,2026-07-18,2026-08-17,1,1,1,200,no_data
2026-09-25 20:28:48,/history,MCX:GOLDM26SEP158000PE,5S,2026-07-18,2026-08-17,1,1,1,200,no_data
2026-09-25 20:28:49,/history,MCX:GOLDM26SEP158000CE,1,2026-06-17,2026-09-25,1,1,1,200,ok
2026-09-25 20:28:49,/history,MCX:GOLDM26SEP158000PE,1,2026-06-17,2026-09-25,1,1,1,200,ok
2026-09-25 20:28:51,/history,MCX:GOLDM26SEP158000PE,5,2026-06-17,2026-09-25,1,1,1,200,ok
2026-09-25 20:28:51,/history,MCX:GOLDM26SEP158000CE,5,2026-06-17,2026-09-25,1,1,1,200,ok
2026-09-25 20:28:52,/history,MCX:GOLDM26SEP158000CE,60,2026-06-17,2026-09-25,1,1,1,200,ok
2026-09-25 20:28:52,/history,MCX:GOLDM26SEP158000PE,D,2026-06-17,2026-09-25,1,1,1,200,ok
2026-09-25 20:28:52,/history,MCX:GOLDM26SEP158000CE,D,2026-06-17,2026-09-25,1,1,1,200,ok
2026-09-25 20:28:52,/history,MCX:GOLDM26SEP158000PE,60,2026-06-17,2026-09-25,1,1,1,200,ok
2026-09-25 20:28:53,/history,MCX:GOLDM26SEP158500CE,5S,2026-06-17,2026-07-17,1,1,1,200,no_data
2026-09-25 20:28:53,/history,MCX:GOLDM26SEP158500PE,5S,2026-06-17,2026-07-17,1,1,1,200,no_data
2026-09-25 20:28:53,/history,MCX:GOLDM26SEP158500PE,5S,2026-07-18,2026-08-17,1,1,1,200,no_data
2026-09-25 20:28:53,/history,MCX:GOLDM26SEP158500CE,5S,2026-07-18,2026-08-17,1,1,1,200,no_data
2026-09-25 20:28:54,/history,MCX:GOLDM26SEP158500CE,1,2026-06-17,2026-09-25,1,1,1,200,ok
2026-09-25 20:28:55,/history,MCX:GOLDM26SEP158000PE,5S,2026-08-18,2026-09-17,1,1,1,200,ok
2026-09-25 20:28:55,/history,MCX:GOLDM26SEP158000CE,5S,2026-08-18,2026-09-17,1,1,1,200,ok
2026-09-25 20:28:56,/history,MCX:GOLDM26SEP158500PE,5S,2026-08-18,2026-09-17,1,1,1,200,ok
2026-09-25 20:28:56,/history,MCX:GOLDM26SEP158500PE,1,2026-06-17,2026-09-25,1,1,1,200,ok
2026-09-25 20:28:56,/history,MCX:GOLDM26SEP158500PE,5S,2026-09-18,2026-09-25,1,1,1,200,no_data
2026-09-25 20:28:57,/history,MCX:GOLDM26SEP158500CE,5,2026-06-17,2026-09-25,1,1,1,200,ok
2026-09-25 20:28:58,/history,MCX:GOLDM26SEP158500PE,5,2026-06-17,2026-09-25,1,1,1,200,ok
2026-09-25 20:28:58,/history,MCX:GOLDM26SEP158000PE,5S,2026-09-18,2026-09-25,1,1,1,200,ok
2026-09-25 20:28:59,/history,MCX:GOLDM26SEP158500CE,60,2026-06-17,2026-09-25,1,1,1,200,ok
2026-09-25 20:28:59,/history,MCX:GOLDM26SEP158500CE,5S,2026-08-18,2026-09-17,1,1,1,200,ok
2026-09-25 20:28:59,/history,MCX:GOLDM26SEP158000CE,5S,2026-09-18,2026-09-25,1,1,1,200,ok
2026-09-25 20:28:59,/history,MCX:GOLDM26SEP158500PE,60,2026-06-17,2026-09-25,1,1,1,200,ok
2026-09-25 20:29:00,/history,MCX:GOLDM26SEP158500CE,D,2026-06-17,2026-09-25,1,1,1,200,ok
2026-09-25 20:29:00,/history,MCX:GOLDM26SEP158500PE,D,2026-06-17,2026-09-25,1,1,1,200,ok
2026-09-25 20:29:00,/history,MCX:GOLDM26SEP159000CE,5S,2026-06-17,2026-07-17,1,1,1,200,no_data
2026-09-25 20:29:00,/history,MCX:GOLDM26SEP159000PE,5S,2026-06-17,2026-07-17,1,1,1,200,no_data
2026-09-25 20:29:01,/history,MCX:GOLDM26SEP159000PE,5S,2026-07-18,2026-08-17,1,1,1,200,no_data
2026-09-25 20:29:01,/history,MCX:GOLDM26SEP159000CE,5S,2026-07-18,2026-08-17,1,1,1,200,no_data
2026-09-25 20:29:01,/history,MCX:GOLDM26SEP158500CE,5S,2026-09-18,2026-09-25,1,1,1,200,ok
2026-09-25 20:29:07,/history,MCX:GOLDM26SEP159000PE,5S,2026-08-18,2026-09-17,1,1,1,200,ok
2026-09-25 20:29:07,/history,MCX:GOLDM26SEP159000CE,5S,2026-08-18,2026-09-17,1,1,1,200,ok
2026-09-25 20:29:10,/history,MCX:GOLDM26SEP159000PE,5S,2026-09-18,2026-09-25,1,1,1,200,ok
2026-09-25 20:29:10,/history,MCX:GOLDM26SEP159000CE,1,2026-06-17,2026-09-25,1,1,1,200,ok
2026-09-25 20:29:10,/history,MCX:GOLDM26SEP159000PE,1,2026-06-17,2026-09-25,1,1,1,200,ok
2026-09-25 20:29:11,/history,MCX:GOLDM26SEP159000CE,5S,2026-09-18,2026-09-25,1,1,1,200,ok
2026-09-25 20:29:11,/history,MCX:GOLDM26SEP159000CE,5,2026-06-17,2026-09-25,1,1,1,200,ok
2026-09-25 20:29:12,/history,MCX:GOLDM26SEP159000CE,60,2026-06-17,2026-09-25,1,1,1,200,ok
2026-09-25 20:29:12,/history,MCX:GOLDM26SEP159000PE,5,2026-06-17,2026-09-25,1,1,1,200,ok
2026-09-25 20:29:12,/history,MCX:GOLDM26SEP159000PE,60,2026-06-17,2026-09-25,1,1,1,200,ok
2026-09-25 20:29:12,/history,MCX:GOLDM26SEP159000PE,D,2026-06-17,2026-09-25,1,1,1,200,ok
2026-09-25 20:29:12,/history,MCX:GOLDM26SEP159000CE,D,2026-06-17,2026-09-25,1,1,1,200,ok
2026-09-25 20:29:12,/history,MCX:GOLDM26SEP159500CE,5S,2026-06-17,2026-07-17,1,1,1,200,no_data
2026-09-25 20:29:12,/history,MCX:GOLDM26SEP159500PE,5S,2026-06-17,2026-07-17,1,1,1,200,no_data
2026-09-25 20:29:12,/history,MCX:GOLDM26SEP159500CE,5S,2026-07-18,2026-08-17,1,1,1,200,no_data
2026-09-25 20:29:13,/history,MCX:GOLDM26SEP159500PE,5S,2026-07-18,2026-08-17,1,1,1,200,no_data
2026-09-25 20:29:13,/history,MCX:GOLDM26SEP159500CE,1,2026-06-17,2026-09-25,1,1,1,200,ok
2026-09-25 20:29:14,/history,MCX:GOLDM26SEP159500PE,1,2026-06-17,2026-09-25,1,1,1,200,ok
2026-09-25 20:29:14,/history,MCX:GOLDM26SEP159500PE,5S,2026-08-18,2026-09-17,1,1,1,200,ok
2026-09-25 20:29:15,/history,MCX:GOLDM26SEP159500PE,5,2026-06-17,2026-09-25,1,1,1,200,ok
2026-09-25 20:29:15,/history,MCX:GOLDM26SEP159500PE,5S,2026-09-18,2026-09-25,1,1,1,200,ok
2026-09-25 20:29:15,/history,MCX:GOLDM26SEP159500CE,5,2026-06-17,2026-09-25,1,1,1,200,ok
2026-09-25 20:29:16,/history,MCX:GOLDM26SEP159500CE,60,2026-06-17,2026-09-25,1,1,1,200,ok
2026-09-25 20:29:16,/history,MCX:GOLDM26SEP159500PE,60,2026-06-17,2026-09-25,1,1,1,200,ok
2026-09-25 20:29:16,/history,MCX:GOLDM26SEP159500CE,D,2026-06-17,2026-09-25,1,1,1,200,ok
2026-09-25 20:29:16,/history,MCX:GOLDM26SEP159500PE,D,2026-06-17,2026-09-25,1,1,1,200,ok
2026-09-25 20:29:16,/history,MCX:GOLDM26SEP160000CE,5S,2026-06-17,2026-07-17,1,1,1,200,no_data
2026-09-25 20:29:17,/history,MCX:GOLDM26SEP160000PE,5S,2026-06-17,2026-07-17,1,1,1,200,no_data
2026-09-25 20:29:17,/history,MCX:GOLDM26SEP159500CE,5S,2026-08-18,2026-09-17,1,1,1,200,ok
2026-09-25 20:29:18,/history,MCX:GOLDM26SEP160000PE,1,2026-06-17,2026-09-25,1,1,1,200,ok
2026-09-25 20:29:18,/history,MCX:GOLDM26SEP160000PE,5S,2026-07-18,2026-08-17,1,1,1,200,ok
2026-09-25 20:29:18,/history,MCX:GOLDM26SEP160000CE,1,2026-06-17,2026-09-25,1,1,1,200,ok
2026-09-25 20:29:20,/history,MCX:GOLDM26SEP160000CE,5S,2026-07-18,2026-08-17,1,1,1,200,ok
2026-09-25 20:29:20,/history,MCX:GOLDM26SEP159500CE,5S,2026-09-18,2026-09-25,1,1,1,200,ok
2026-09-25 20:29:20,/history,MCX:GOLDM26SEP160000CE,5,2026-06-17,2026-09-25,1,1,1,200,ok
2026-09-25 20:29:21,/history,MCX:GOLDM26SEP160000PE,5,2026-06-17,2026-09-25,1,1,1,200,ok
2026-09-25 20:29:21,/history,MCX:GOLDM26SEP160000CE,60,2026-06-17,2026-09-25,1,1,1,200,ok
2026-09-25 20:29:22,/history,MCX:GOLDM26SEP160000PE,60,2026-06-17,2026-09-25,1,1,1,200,ok
2026-09-25 20:29:22,/history,MCX:GOLDM26SEP160000CE,D,2026-06-17,2026-09-25,1,1,1,200,ok
2026-09-25 20:29:22,/history,MCX:GOLDM26SEP160000PE,D,2026-06-17,2026-09-25,1,1,1,200,ok
2026-09-25 20:29:22,/history,MCX:GOLDM26SEP160500CE,5S,2026-06-17,2026-07-17,1,1,1,200,no_data
2026-09-25 20:29:22,/history,MCX:GOLDM26SEP160500PE,5S,2026-06-17,2026-07-17,1,1,1,200,no_data
2026-09-25 20:29:23,/history,MCX:GOLDM26SEP160500CE,5S,2026-07-18,2026-08-17,1,1,1,200,no_data
2026-09-25 20:29:23,/history,MCX:GOLDM26SEP160500PE,5S,2026-07-18,2026-08-17,1,1,1,200,no_data
2026-09-25 20:29:23,/history,MCX:GOLDM26SEP160000PE,5S,2026-08-18,2026-09-17,1,1,1,200,ok
2026-09-25 20:29:25,/history,MCX:GOLDM26SEP160500PE,5S,2026-08-18,2026-09-17,1,1,1,200,ok
2026-09-25 20:29:26,/history,MCX:GOLDM26SEP160000PE,5S,2026-09-18,2026-09-25,1,1,1,200,ok
2026-09-25 20:29:26,/history,MCX:GOLDM26SEP160500PE,5S,2026-09-18,2026-09-25,1,1,1,200,ok
2026-09-25 20:29:28,/history,MCX:GOLDM26SEP160000CE,5S,2026-08-18,2026-09-17,1,1,1,200,ok
2026-09-25 20:29:31,/history,MCX:GOLDM26SEP160000CE,5S,2026-09-18,2026-09-25,1,1,1,200,ok
2026-09-25 20:29:31,/history,MCX:GOLDM26SEP160500CE,1,2026-06-17,2026-09-25,1,1,1,200,ok
2026-09-25 20:29:32,/history,MCX:GOLDM26SEP160500CE,5S,2026-08-18,2026-09-17,1,1,1,200,ok
2026-09-25 20:29:32,/history,MCX:GOLDM26SEP160500PE,1,2026-06-17,2026-09-25,1,1,1,200,ok
2026-09-25 20:29:33,/history,MCX:GOLDM26SEP160500CE,5,2026-06-17,2026-09-25,1,1,1,200,ok
2026-09-25 20:29:33,/history,MCX:GOLDM26SEP160500PE,5,2026-06-17,2026-09-25,1,1,1,200,ok
2026-09-25 20:29:33,/history,MCX:GOLDM26SEP160500CE,60,2026-06-17,2026-09-25,1,1,1,200,ok
2026-09-25 20:29:34,/history,MCX:GOLDM26SEP160500PE,60,2026-06-17,2026-09-25,1,1,1,200,ok
2026-09-25 20:29:34,/history,MCX:GOLDM26SEP160500CE,D,2026-06-17,2026-09-25,1,1,1,200,ok
2026-09-25 20:29:34,/history,MCX:GOLDM26SEP160500PE,D,2026-06-17,2026-09-25,1,1,1,200,ok
2026-09-25 20:29:34,/history,MCX:GOLDM26SEP161000CE,5S,2026-06-17,2026-07-17,1,1,1,200,no_data
2026-09-25 20:29:34,/history,MCX:GOLDM26SEP160500CE,5S,2026-09-18,2026-09-25,1,1,1,200,ok
2026-09-25 20:29:34,/history,MCX:GOLDM26SEP161000CE,5S,2026-07-18,2026-08-17,1,1,1,200,no_data
2026-09-25 20:29:34,/history,MCX:GOLDM26SEP161000PE,5S,2026-06-17,2026-07-17,1,1,1,200,no_data
2026-09-25 20:29:35,/history,MCX:GOLDM26SEP161000PE,5S,2026-07-18,2026-08-17,1,1,1,200,no_data
2026-09-25 20:29:39,/history,MCX:GOLDM26SEP161000PE,5S,2026-08-18,2026-09-17,1,1,1,200,ok
2026-09-25 20:29:41,/history,MCX:GOLDM26SEP161000CE,1,2026-06-17,2026-09-25,1,1,1,200,ok
2026-09-25 20:29:42,/history,MCX:GOLDM26SEP161000PE,5S,2026-09-18,2026-09-25,1,1,1,200,ok
2026-09-25 20:29:43,/history,MCX:GOLDM26SEP161000CE,5,2026-06-17,2026-09-25,1,1,1,200,ok
2026-09-25 20:29:43,/history,MCX:GOLDM26SEP161000CE,5S,2026-08-18,2026-09-17,1,1,1,200,ok
2026-09-25 20:29:43,/history,MCX:GOLDM26SEP161000PE,1,2026-06-17,2026-09-25,1,1,1,200,ok
2026-09-25 20:29:44,/history,MCX:GOLDM26SEP161000PE,5,2026-06-17,2026-09-25,1,1,1,200,ok
2026-09-25 20:29:44,/history,MCX:GOLDM26SEP161000CE,60,2026-06-17,2026-09-25,1,1,1,200,ok
2026-09-25 20:29:44,/history,MCX:GOLDM26SEP161000PE,60,2026-06-17,2026-09-25,1,1,1,200,ok
2026-09-25 20:29:44,/history,MCX:GOLDM26SEP161000CE,D,2026-06-17,2026-09-25,1,1,1,200,ok
2026-09-25 20:29:44,/history,MCX:GOLDM26SEP161000PE,D,2026-06-17,2026-09-25,1,1,1,200,ok
2026-09-25 20:29:45,/history,MCX:GOLDM26SEP161500CE,5S,2026-06-17,2026-07-17,1,1,1,200,no_data
2026-09-25 20:29:45,/history,MCX:GOLDM26SEP161500PE,5S,2026-06-17,2026-07-17,1,1,1,200,no_data
2026-09-25 20:29:45,/history,MCX:GOLDM26SEP161500CE,5S,2026-07-18,2026-08-17,1,1,1,200,no_data
2026-09-25 20:29:45,/history,MCX:GOLDM26SEP161500PE,5S,2026-07-18,2026-08-17,1,1,1,200,no_data
2026-09-25 20:29:45,/history,MCX:GOLDM26SEP161000CE,5S,2026-09-18,2026-09-25,1,1,1,200,ok
2026-09-25 20:29:46,/history,MCX:GOLDM26SEP161500CE,1,2026-06-17,2026-09-25,1,1,1,200,ok
2026-09-25 20:29:46,/history,MCX:GOLDM26SEP161500PE,5S,2026-08-18,2026-09-17,1,1,1,200,ok
2026-09-25 20:29:47,/history,MCX:GOLDM26SEP161500PE,1,2026-06-17,2026-09-25,1,1,1,200,ok
2026-09-25 20:29:47,/history,MCX:GOLDM26SEP161500CE,5,2026-06-17,2026-09-25,1,1,1,200,ok
2026-09-25 20:29:47,/history,MCX:GOLDM26SEP161500PE,5S,2026-09-18,2026-09-25,1,1,1,200,ok
2026-09-25 20:29:48,/history,MCX:GOLDM26SEP161500CE,60,2026-06-17,2026-09-25,1,1,1,200,ok
2026-09-25 20:29:48,/history,MCX:GOLDM26SEP161500PE,5,2026-06-17,2026-09-25,1,1,1,200,ok
2026-09-25 20:29:48,/history,MCX:GOLDM26SEP161500PE,60,2026-06-17,2026-09-25,1,1,1,200,ok
2026-09-25 20:29:48,/history,MCX:GOLDM26SEP161500CE,D,2026-06-17,2026-09-25,1,1,1,200,ok
2026-09-25 20:29:48,/history,MCX:GOLDM26SEP161500CE,5S,2026-08-18,2026-09-17,1,1,1,200,ok
2026-09-25 20:29:48,/history,MCX:GOLDM26SEP161500PE,D,2026-06-17,2026-09-25,1,1,1,200,ok
2026-09-25 20:29:49,/history,MCX:GOLDM26SEP162000CE,5S,2026-06-17,2026-07-17,1,1,1,200,no_data
2026-09-25 20:29:49,/history,MCX:GOLDM26SEP162000PE,5S,2026-06-17,2026-07-17,1,1,1,200,no_data
2026-09-25 20:29:49,/history,MCX:GOLDM26SEP162000CE,5S,2026-07-18,2026-08-17,1,1,1,200,no_data
2026-09-25 20:29:49,/history,MCX:GOLDM26SEP162000PE,5S,2026-07-18,2026-08-17,1,1,1,200,no_data
2026-09-25 20:29:50,/history,MCX:GOLDM26SEP162000CE,1,2026-06-17,2026-09-25,1,1,1,200,ok
2026-09-25 20:29:50,/history,MCX:GOLDM26SEP161500CE,5S,2026-09-18,2026-09-25,1,1,1,200,ok
2026-09-25 20:29:52,/history,MCX:GOLDM26SEP162000PE,1,2026-06-17,2026-09-25,1,1,1,200,ok
2026-09-25 20:29:54,/history,MCX:GOLDM26SEP162000CE,5,2026-06-17,2026-09-25,1,1,1,200,ok
2026-09-25 20:29:55,/history,MCX:GOLDM26SEP162000PE,5,2026-06-17,2026-09-25,1,1,1,200,ok
2026-09-25 20:29:55,/history,MCX:GOLDM26SEP162000CE,60,2026-06-17,2026-09-25,1,1,1,200,ok
2026-09-25 20:29:55,/history,MCX:GOLDM26SEP162000PE,5S,2026-08-18,2026-09-17,1,1,1,200,ok
2026-09-25 20:29:55,/history,MCX:GOLDM26SEP162000PE,60,2026-06-17,2026-09-25,1,1,1,200,ok
2026-09-25 20:29:56,/history,MCX:GOLDM26SEP162000CE,D,2026-06-17,2026-09-25,1,1,1,200,ok
2026-09-25 20:29:56,/history,MCX:GOLDM26SEP162000PE,D,2026-06-17,2026-09-25,1,1,1,200,ok
2026-09-25 20:29:56,/history,MCX:GOLDM26SEP162000CE,5S,2026-08-18,2026-09-17,1,1,1,200,ok
2026-09-25 20:29:56,/history,MCX:GOLDM26SEP162500CE,5S,2026-06-17,2026-07-17,1,1,1,200,no_data
2026-09-25 20:29:56,/history,MCX:GOLDM26SEP162500PE,5S,2026-06-17,2026-07-17,1,1,1,200,no_data
2026-09-25 20:29:56,/history,MCX:GOLDM26SEP162500CE,5S,2026-07-18,2026-08-17,1,1,1,200,no_data
2026-09-25 20:29:57,/history,MCX:GOLDM26SEP162500PE,5S,2026-07-18,2026-08-17,1,1,1,200,no_data
2026-09-25 20:29:57,/history,MCX:GOLDM26SEP162000PE,5S,2026-09-18,2026-09-25,1,1,1,200,ok
2026-09-25 20:29:57,/history,MCX:GOLDM26SEP162500PE,5S,2026-08-18,2026-09-17,1,1,1,200,ok
2026-09-25 20:29:58,/history,MCX:GOLDM26SEP162500PE,5S,2026-09-18,2026-09-25,1,1,1,200,ok
2026-09-25 20:29:59,/history,MCX:GOLDM26SEP162000CE,5S,2026-09-18,2026-09-25,1,1,1,200,ok
2026-09-25 20:29:59,/history,MCX:GOLDM26SEP162500CE,1,2026-06-17,2026-09-25,1,1,1,200,ok
2026-09-25 20:30:01,/history,MCX:GOLDM26SEP162500PE,1,2026-06-17,2026-09-25,1,1,1,200,ok
2026-09-25 20:30:02,/history,MCX:GOLDM26SEP162500PE,5,2026-06-17,2026-09-25,1,1,1,200,ok
2026-09-25 20:30:02,/history,MCX:GOLDM26SEP162500CE,5S,2026-08-18,2026-09-17,1,1,1,200,ok
2026-09-25 20:30:02,/history,MCX:GOLDM26SEP162500CE,5,2026-06-17,2026-09-25,1,1,1,200,ok
2026-09-25 20:30:02,/history,MCX:GOLDM26SEP162500CE,60,2026-06-17,2026-09-25,1,1,1,200,ok
2026-09-25 20:30:02,/history,MCX:GOLDM26SEP162500PE,60,2026-06-17,2026-09-25,1,1,1,200,ok
2026-09-25 20:30:02,/history,MCX:GOLDM26SEP162500CE,D,2026-06-17,2026-09-25,1,1,1,200,ok
2026-09-25 20:30:03,/history,MCX:GOLDM26SEP162500PE,D,2026-06-17,2026-09-25,1,1,1,200,ok
2026-09-25 20:30:03,/history,MCX:GOLDM26SEP163000CE,5S,2026-06-17,2026-07-17,1,1,1,200,no_data
2026-09-25 20:30:03,/history,MCX:GOLDM26SEP163000PE,5S,2026-06-17,2026-07-17,1,1,1,200,no_data
2026-09-25 20:30:03,/history,MCX:GOLDM26SEP163000CE,5S,2026-07-18,2026-08-17,1,1,1,200,no_data
2026-09-25 20:30:04,/history,MCX:GOLDM26SEP163000PE,5S,2026-07-18,2026-08-17,1,1,1,200,no_data
2026-09-25 20:30:04,/history,MCX:GOLDM26SEP162500CE,5S,2026-09-18,2026-09-25,1,1,1,200,ok
2026-09-25 20:30:05,/history,MCX:GOLDM26SEP163000CE,1,2026-06-17,2026-09-25,1,1,1,200,ok
2026-09-25 20:30:09,/history,MCX:GOLDM26SEP163000PE,1,2026-06-17,2026-09-25,1,1,1,200,ok
2026-09-25 20:30:10,/history,MCX:GOLDM26SEP163000CE,5,2026-06-17,2026-09-25,1,1,1,200,ok
2026-09-25 20:30:10,/history,MCX:GOLDM26SEP163000PE,5S,2026-08-18,2026-09-17,1,1,1,200,ok
2026-09-25 20:30:11,/history,MCX:GOLDM26SEP163000CE,5S,2026-08-18,2026-09-17,1,1,1,200,ok
2026-09-25 20:30:11,/history,MCX:GOLDM26SEP163000PE,5,2026-06-17,2026-09-25,1,1,1,200,ok
2026-09-25 20:30:11,/history,MCX:GOLDM26SEP163000CE,60,2026-06-17,2026-09-25,1,1,1,200,ok
2026-09-25 20:30:11,/history,MCX:GOLDM26SEP163000PE,60,2026-06-17,2026-09-25,1,1,1,200,ok
2026-09-25 20:30:11,/history,MCX:GOLDM26SEP163000CE,D,2026-06-17,2026-09-25,1,1,1,200,ok
2026-09-25 20:30:11,/history,MCX:GOLDM26SEP163000PE,D,2026-06-17,2026-09-25,1,1,1,200,ok
2026-09-25 20:30:12,/history,MCX:GOLDM26SEP163500CE,5S,2026-06-17,2026-07-17,1,1,1,200,no_data
2026-09-25 20:30:12,/history,MCX:GOLDM26SEP163500PE,5S,2026-06-17,2026-07-17,1,1,1,200,no_data
2026-09-25 20:30:12,/history,MCX:GOLDM26SEP163500CE,1,2026-06-17,2026-09-25,1,1,1,200,ok
2026-09-25 20:30:12,/history,MCX:GOLDM26SEP163500CE,5S,2026-07-18,2026-08-17,1,1,1,200,no_data
2026-09-25 20:30:12,/history,MCX:GOLDM26SEP163000PE,5S,2026-09-18,2026-09-25,1,1,1,200,ok
2026-09-25 20:30:13,/history,MCX:GOLDM26SEP163500PE,5S,2026-07-18,2026-08-17,1,1,1,200,no_data
2026-09-25 20:30:13,/history,MCX:GOLDM26SEP163000CE,5S,2026-09-18,2026-09-25,1,1,1,200,ok
2026-09-25 20:30:13,/history,MCX:GOLDM26SEP163500PE,5S,2026-08-18,2026-09-17,1,1,1,200,no_data
2026-09-25 20:30:13,/history,MCX:GOLDM26SEP163500PE,1,2026-06-17,2026-09-25,1,1,1,200,no_data
2026-09-25 20:30:14,/history,MCX:GOLDM26SEP163500PE,5S,2026-09-18,2026-09-25,1,1,1,200,no_data
2026-09-25 20:30:14,/history,MCX:GOLDM26SEP163500CE,5,2026-06-17,2026-09-25,1,1,1,200,ok
2026-09-25 20:30:14,/history,MCX:GOLDM26SEP163500PE,5,2026-06-17,2026-09-25,1,1,1,200,no_data
2026-09-25 20:30:14,/history,MCX:GOLDM26SEP163500CE,60,2026-06-17,2026-09-25,1,1,1,200,ok
2026-09-25 20:30:14,/history,MCX:GOLDM26SEP163500CE,5S,2026-08-18,2026-09-17,1,1,1,200,ok
2026-09-25 20:30:15,/history,MCX:GOLDM26SEP163500PE,60,2026-06-17,2026-09-25,1,1,1,200,no_data
2026-09-25 20:30:15,/history,MCX:GOLDM26SEP163500CE,D,2026-06-17,2026-09-25,1,1,1,200,ok
2026-09-25 20:30:15,/history,MCX:GOLDM26SEP163500PE,D,2026-06-17,2026-09-25,1,1,1,200,ok
2026-09-25 20:30:15,/history,MCX:GOLDM26SEP164000CE,5S,2026-06-17,2026-07-17,1,1,1,200,no_data
2026-09-25 20:30:15,/history,MCX:GOLDM26SEP163500CE,5S,2026-09-18,2026-09-25,1,1,1,200,ok
2026-09-25 20:30:16,/history,MCX:GOLDM26SEP164000PE,5S,2026-06-17,2026-07-17,1,1,1,200,no_data
2026-09-25 20:30:16,/history,MCX:GOLDM26SEP164000CE,5S,2026-07-18,2026-08-17,1,1,1,200,no_data
2026-09-25 20:30:16,/history,MCX:GOLDM26SEP164000PE,5S,2026-07-18,2026-08-17,1,1,1,200,no_data
2026-09-25 20:30:17,/history,MCX:GOLDM26SEP164000CE,1,2026-06-17,2026-09-25,1,1,1,200,ok
2026-09-25 20:30:18,/history,MCX:GOLDM26SEP164000PE,1,2026-06-17,2026-09-25,1,1,1,200,ok
2026-09-25 20:30:19,/history,MCX:GOLDM26SEP164000CE,5,2026-06-17,2026-09-25,1,1,1,200,ok
2026-09-25 20:30:20,/history,MCX:GOLDM26SEP164000CE,60,2026-06-17,2026-09-25,1,1,1,200,ok
2026-09-25 20:30:20,/history,MCX:GOLDM26SEP164000PE,5,2026-06-17,2026-09-25,1,1,1,200,ok
2026-09-25 20:30:21,/history,MCX:GOLDM26SEP164000PE,60,2026-06-17,2026-09-25,1,1,1,200,ok
2026-09-25 20:30:21,/history,MCX:GOLDM26SEP164000PE,5S,2026-08-18,2026-09-17,1,1,1,200,ok
2026-09-25 20:30:21,/history,MCX:GOLDM26SEP164000CE,D,2026-06-17,2026-09-25,1,1,1,200,ok
2026-09-25 20:30:21,/history,MCX:GOLDM26SEP164000PE,D,2026-06-17,2026-09-25,1,1,1,200,ok
2026-09-25 20:30:21,/history,MCX:GOLDM26SEP164500CE,5S,2026-06-17,2026-07-17,1,1,1,200,no_data
2026-09-25 20:30:21,/history,MCX:GOLDM26SEP164500PE,5S,2026-06-17,2026-07-17,1,1,1,200,no_data
2026-09-25 20:30:22,/history,MCX:GOLDM26SEP164000PE,5S,2026-09-18,2026-09-25,1,1,1,200,ok
2026-09-25 20:30:22,/history,MCX:GOLDM26SEP164500CE,1,2026-06-17,2026-09-25,1,1,1,200,ok
2026-09-25 20:30:22,/history,MCX:GOLDM26SEP164500CE,5S,2026-07-18,2026-08-17,1,1,1,200,no_data
2026-09-25 20:30:22,/history,MCX:GOLDM26SEP164500PE,5S,2026-07-18,2026-08-17,1,1,1,200,no_data
2026-09-25 20:30:22,/history,MCX:GOLDM26SEP164000CE,5S,2026-08-18,2026-09-17,1,1,1,200,ok
2026-09-25 20:30:22,/history,MCX:GOLDM26SEP164500PE,1,2026-06-17,2026-09-25,1,1,1,200,no_data
2026-09-25 20:30:22,/history,MCX:GOLDM26SEP164500CE,5S,2026-08-18,2026-09-17,1,1,1,200,no_data
2026-09-25 20:30:22,/history,MCX:GOLDM26SEP164500PE,5S,2026-08-18,2026-09-17,1,1,1,200,no_data
2026-09-25 20:30:23,/history,MCX:GOLDM26SEP164500CE,5,2026-06-17,2026-09-25,1,1,1,200,ok
2026-09-25 20:30:23,/history,MCX:GOLDM26SEP164500PE,5S,2026-09-18,2026-09-25,1,1,1,200,no_data
2026-09-25 20:30:23,/history,MCX:GOLDM26SEP164500CE,5S,2026-09-18,2026-09-25,1,1,1,200,ok
2026-09-25 20:30:23,/history,MCX:GOLDM26SEP164500PE,5,2026-06-17,2026-09-25,1,1,1,200,no_data
2026-09-25 20:30:23,/history,MCX:GOLDM26SEP164500CE,60,2026-06-17,2026-09-25,1,1,1,200,ok
2026-09-25 20:30:23,/history,MCX:GOLDM26SEP164500CE,D,2026-06-17,2026-09-25,1,1,1,200,ok
2026-09-25 20:30:23,/history,MCX:GOLDM26SEP164500PE,60,2026-06-17,2026-09-25,1,1,1,200,no_data
2026-09-25 20:30:24,/history,MCX:GOLDM26SEP164500PE,D,2026-06-17,2026-09-25,1,1,1,200,ok
2026-09-25 20:30:24,/history,MCX:GOLDM26SEP165000CE,5S,2026-06-17,2026-07-17,1,1,1,200,no_data
2026-09-25 20:30:24,/history,MCX:GOLDM26SEP165000PE,5S,2026-06-17,2026-07-17,1,1,1,200,no_data
2026-09-25 20:30:24,/history,MCX:GOLDM26SEP164000CE,5S,2026-09-18,2026-09-25,1,1,1,200,ok
2026-09-25 20:30:24,/history,MCX:GOLDM26SEP165000PE,5S,2026-07-18,2026-08-17,1,1,1,200,no_data
2026-09-25 20:30:25,/history,MCX:GOLDM26SEP165000CE,1,2026-06-17,2026-09-25,1,1,1,200,ok
2026-09-25 20:30:25,/history,MCX:GOLDM26SEP165000PE,1,2026-06-17,2026-09-25,1,1,1,200,ok
2026-09-25 20:30:26,/history,MCX:GOLDM26SEP165000CE,5S,2026-07-18,2026-08-17,1,1,1,200,ok
2026-09-25 20:30:26,/history,MCX:GOLDM26SEP165000PE,5,2026-06-17,2026-09-25,1,1,1,200,ok
2026-09-25 20:30:27,/history,MCX:GOLDM26SEP165000CE,5,2026-06-17,2026-09-25,1,1,1,200,ok
2026-09-25 20:30:27,/history,MCX:GOLDM26SEP165000CE,60,2026-06-17,2026-09-25,1,1,1,200,ok
2026-09-25 20:30:27,/history,MCX:GOLDM26SEP165000PE,60,2026-06-17,2026-09-25,1,1,1,200,ok
2026-09-25 20:30:27,/history,MCX:GOLDM26SEP165000CE,D,2026-06-17,2026-09-25,1,1,1,200,ok
2026-09-25 20:30:28,/history,MCX:GOLDM26SEP165000PE,D,2026-06-17,2026-09-25,1,1,1,200,ok
2026-09-25 20:30:28,/history,MCX:GOLDM26SEP165500CE,5S,2026-06-17,2026-07-17,1,1,1,200,no_data
2026-09-25 20:30:28,/history,MCX:GOLDM26SEP165500PE,5S,2026-06-17,2026-07-17,1,1,1,200,no_data
2026-09-25 20:30:28,/history,MCX:GOLDM26SEP165000PE,5S,2026-08-18,2026-09-17,1,1,1,200,ok
2026-09-25 20:30:28,/history,MCX:GOLDM26SEP165500CE,5S,2026-07-18,2026-08-17,1,1,1,200,no_data
2026-09-25 20:30:28,/history,MCX:GOLDM26SEP165500PE,5S,2026-07-18,2026-08-17,1,1,1,200,no_data
2026-09-25 20:30:29,/history,MCX:GOLDM26SEP165500CE,1,2026-06-17,2026-09-25,1,1,1,200,ok
2026-09-25 20:30:31,/history,MCX:GOLDM26SEP165500PE,5S,2026-08-18,2026-09-17,1,1,1,200,ok
2026-09-25 20:30:31,/history,MCX:GOLDM26SEP165500PE,1,2026-06-17,2026-09-25,1,1,1,200,ok
2026-09-25 20:30:31,/history,MCX:GOLDM26SEP165500PE,5S,2026-09-18,2026-09-25,1,1,1,200,no_data
2026-09-25 20:30:32,/history,MCX:GOLDM26SEP165500CE,5,2026-06-17,2026-09-25,1,1,1,200,ok
2026-09-25 20:30:32,/history,MCX:GOLDM26SEP165000PE,5S,2026-09-18,2026-09-25,1,1,1,200,ok
2026-09-25 20:30:33,/history,MCX:GOLDM26SEP165500PE,5,2026-06-17,2026-09-25,1,1,1,200,ok
2026-09-25 20:30:33,/history,MCX:GOLDM26SEP165500CE,5S,2026-08-18,2026-09-17,1,1,1,200,ok
2026-09-25 20:30:33,/history,MCX:GOLDM26SEP165500CE,60,2026-06-17,2026-09-25,1,1,1,200,ok
2026-09-25 20:30:34,/history,MCX:GOLDM26SEP165500PE,60,2026-06-17,2026-09-25,1,1,1,200,ok
2026-09-25 20:30:34,/history,MCX:GOLDM26SEP165500CE,D,2026-06-17,2026-09-25,1,1,1,200,ok
2026-09-25 20:30:34,/history,MCX:GOLDM26SEP165500PE,D,2026-06-17,2026-09-25,1,1,1,200,ok
2026-09-25 20:30:34,/history,MCX:GOLDM26SEP165000CE,5S,2026-08-18,2026-09-17,1,1,1,200,ok
2026-09-25 20:30:34,/history,MCX:GOLDM26SEP166000CE,5S,2026-06-17,2026-07-17,1,1,1,200,no_data
2026-09-25 20:30:35,/history,MCX:GOLDM26SEP165500CE,5S,2026-09-18,2026-09-25,1,1,1,200,ok
2026-09-25 20:30:35,/history,MCX:GOLDM26SEP166000PE,5S,2026-06-17,2026-07-17,1,1,1,200,no_data
2026-09-25 20:30:35,/history,MCX:GOLDM26SEP166000CE,5S,2026-07-18,2026-08-17,1,1,1,200,no_data
2026-09-25 20:30:35,/history,MCX:GOLDM26SEP166000PE,5S,2026-07-18,2026-08-17,1,1,1,200,no_data
2026-09-25 20:30:37,/history,MCX:GOLDM26SEP166000PE,5S,2026-08-18,2026-09-17,1,1,1,200,ok
2026-09-25 20:30:37,/history,MCX:GOLDM26SEP165000CE,5S,2026-09-18,2026-09-25,1,1,1,200,ok
2026-09-25 20:30:38,/history,MCX:GOLDM26SEP166000CE,1,2026-06-17,2026-09-25,1,1,1,200,ok
2026-09-25 20:30:38,/history,MCX:GOLDM26SEP166000PE,5S,2026-09-18,2026-09-25,1,1,1,200,ok
2026-09-25 20:30:39,/history,MCX:GOLDM26SEP166000PE,1,2026-06-17,2026-09-25,1,1,1,200,ok
2026-09-25 20:30:40,/history,MCX:GOLDM26SEP166000PE,5,2026-06-17,2026-09-25,1,1,1,200,ok
2026-09-25 20:30:40,/history,MCX:GOLDM26SEP166000CE,5,2026-06-17,2026-09-25,1,1,1,200,ok
2026-09-25 20:30:41,/history,MCX:GOLDM26SEP166000CE,5S,2026-08-18,2026-09-17,1,1,1,200,ok
2026-09-25 20:30:41,/history,MCX:GOLDM26SEP166000CE,60,2026-06-17,2026-09-25,1,1,1,200,ok
2026-09-25 20:30:41,/history,MCX:GOLDM26SEP166000PE,60,2026-06-17,2026-09-25,1,1,1,200,ok
2026-09-25 20:30:41,/history,MCX:GOLDM26SEP166000CE,D,2026-06-17,2026-09-25,1,1,1,200,ok
2026-09-25 20:30:41,/history,MCX:GOLDM26SEP166000PE,D,2026-06-17,2026-09-25,1,1,1,200,ok
2026-09-25 20:30:41,/history,MCX:GOLDM26SEP166500CE,5S,2026-06-17,2026-07-17,1,1,1,200,no_data
2026-09-25 20:30:42,/history,MCX:GOLDM26SEP166500PE,5S,2026-06-17,2026-07-17,1,1,1,200,no_data
2026-09-25 20:30:42,/history,MCX:GOLDM26SEP166500CE,1,2026-06-17,2026-09-25,1,1,1,200,ok
2026-09-25 20:30:42,/history,MCX:GOLDM26SEP166500CE,5S,2026-07-18,2026-08-17,1,1,1,200,no_data
2026-09-25 20:30:42,/history,MCX:GOLDM26SEP166500PE,5S,2026-07-18,2026-08-17,1,1,1,200,no_data
2026-09-25 20:30:42,/history,MCX:GOLDM26SEP166500PE,1,2026-06-17,2026-09-25,1,1,1,200,no_data
2026-09-25 20:30:42,/history,MCX:GOLDM26SEP166500CE,5S,2026-08-18,2026-09-17,1,1,1,200,ok
2026-09-25 20:30:42,/history,MCX:GOLDM26SEP166500PE,5S,2026-08-18,2026-09-17,1,1,1,200,no_data
2026-09-25 20:30:43,/history,MCX:GOLDM26SEP166500CE,5,2026-06-17,2026-09-25,1,1,1,200,ok
2026-09-25 20:30:43,/history,MCX:GOLDM26SEP166000CE,5S,2026-09-18,2026-09-25,1,1,1,200,ok
2026-09-25 20:30:43,/history,MCX:GOLDM26SEP166500PE,5S,2026-09-18,2026-09-25,1,1,1,200,no_data
2026-09-25 20:30:43,/history,MCX:GOLDM26SEP166500PE,5,2026-06-17,2026-09-25,1,1,1,200,no_data
2026-09-25 20:30:44,/history,MCX:GOLDM26SEP166500CE,60,2026-06-17,2026-09-25,1,1,1,200,ok
2026-09-25 20:30:44,/history,MCX:GOLDM26SEP166500CE,5S,2026-09-18,2026-09-25,1,1,1,200,ok
2026-09-25 20:30:44,/history,MCX:GOLDM26SEP166500PE,60,2026-06-17,2026-09-25,1,1,1,200,no_data
2026-09-25 20:30:44,/history,MCX:GOLDM26SEP166500CE,D,2026-06-17,2026-09-25,1,1,1,200,ok
2026-09-25 20:30:45,/history,MCX:GOLDM26SEP167000CE,5S,2026-06-17,2026-07-17,1,1,1,200,no_data
2026-09-25 20:30:45,/history,MCX:GOLDM26SEP166500PE,D,2026-06-17,2026-09-25,1,1,1,200,ok
2026-09-25 20:30:45,/history,MCX:GOLDM26SEP167000CE,5S,2026-07-18,2026-08-17,1,1,1,200,no_data
2026-09-25 20:30:45,/history,MCX:GOLDM26SEP167000PE,5S,2026-06-17,2026-07-17,1,1,1,200,no_data
2026-09-25 20:30:45,/history,MCX:GOLDM26SEP167000PE,5S,2026-07-18,2026-08-17,1,1,1,200,no_data
2026-09-25 20:30:46,/history,MCX:GOLDM26SEP167000CE,1,2026-06-17,2026-09-25,1,1,1,200,ok
2026-09-25 20:30:47,/history,MCX:GOLDM26SEP167000CE,5,2026-06-17,2026-09-25,1,1,1,200,ok
2026-09-25 20:30:47,/history,MCX:GOLDM26SEP167000PE,1,2026-06-17,2026-09-25,1,1,1,200,ok
2026-09-25 20:30:48,/history,MCX:GOLDM26SEP167000CE,60,2026-06-17,2026-09-25,1,1,1,200,ok
2026-09-25 20:30:48,/history,MCX:GOLDM26SEP167000PE,5,2026-06-17,2026-09-25,1,1,1,200,ok
2026-09-25 20:30:48,/history,MCX:GOLDM26SEP167000PE,5S,2026-08-18,2026-09-17,1,1,1,200,ok
2026-09-25 20:30:49,/history,MCX:GOLDM26SEP167000PE,60,2026-06-17,2026-09-25,1,1,1,200,ok
2026-09-25 20:30:49,/history,MCX:GOLDM26SEP167000CE,D,2026-06-17,2026-09-25,1,1,1,200,ok
2026-09-25 20:30:49,/history,MCX:GOLDM26SEP167500CE,5S,2026-06-17,2026-07-17,1,1,1,200,no_data
2026-09-25 20:30:49,/history,MCX:GOLDM26SEP167000PE,D,2026-06-17,2026-09-25,1,1,1,200,ok
2026-09-25 20:30:49,/history,MCX:GOLDM26SEP167000PE,5S,2026-09-18,2026-09-25,1,1,1,200,ok
2026-09-25 20:30:50,/history,MCX:GOLDM26SEP167500CE,5S,2026-07-18,2026-08-17,1,1,1,200,no_data
2026-09-25 20:30:50,/history,MCX:GOLDM26SEP167500PE,5S,2026-06-17,2026-07-17,1,1,1,200,no_data
2026-09-25 20:30:50,/history,MCX:GOLDM26SEP167500CE,1,2026-06-17,2026-09-25,1,1,1,200,no_data
2026-09-25 20:30:50,/history,MCX:GOLDM26SEP167000CE,5S,2026-08-18,2026-09-17,1,1,1,200,ok
2026-09-25 20:30:50,/history,MCX:GOLDM26SEP167500CE,5S,2026-08-18,2026-09-17,1,1,1,200,no_data
2026-09-25 20:30:50,/history,MCX:GOLDM26SEP167500PE,5S,2026-07-18,2026-08-17,1,1,1,200,no_data
2026-09-25 20:30:50,/history,MCX:GOLDM26SEP167500PE,1,2026-06-17,2026-09-25,1,1,1,200,no_data
2026-09-25 20:30:50,/history,MCX:GOLDM26SEP167500CE,5S,2026-09-18,2026-09-25,1,1,1,200,no_data
2026-09-25 20:30:50,/history,MCX:GOLDM26SEP167500PE,5S,2026-08-18,2026-09-17,1,1,1,200,no_data
2026-09-25 20:30:51,/history,MCX:GOLDM26SEP167500CE,5,2026-06-17,2026-09-25,1,1,1,200,no_data
2026-09-25 20:30:51,/history,MCX:GOLDM26SEP167500PE,5,2026-06-17,2026-09-25,1,1,1,200,no_data
2026-09-25 20:30:51,/history,MCX:GOLDM26SEP167500PE,5S,2026-09-18,2026-09-25,1,1,1,200,no_data
2026-09-25 20:30:51,/history,MCX:GOLDM26SEP167500CE,60,2026-06-17,2026-09-25,1,1,1,200,no_data
2026-09-25 20:30:51,/history,MCX:GOLDM26SEP167500PE,60,2026-06-17,2026-09-25,1,1,1,200,no_data
2026-09-25 20:30:51,/history,MCX:GOLDM26SEP167500CE,D,2026-06-17,2026-09-25,1,1,1,200,ok
2026-09-25 20:30:51,/history,MCX:GOLDM26SEP167500PE,D,2026-06-17,2026-09-25,1,1,1,200,ok
2026-09-25 20:30:51,/history,MCX:GOLDM26SEP167000CE,5S,2026-09-18,2026-09-25,1,1,1,200,ok
2026-09-25 20:30:51,/history,MCX:GOLDM26SEP168000CE,5S,2026-06-17,2026-07-17,1,1,1,200,no_data
2026-09-25 20:30:52,/history,MCX:GOLDM26SEP168000PE,5S,2026-06-17,2026-07-17,1,1,1,200,no_data
2026-09-25 20:30:52,/history,MCX:GOLDM26SEP168000PE,1,2026-06-17,2026-09-25,1,1,1,200,ok
2026-09-25 20:30:52,/history,MCX:GOLDM26SEP168000PE,5S,2026-07-18,2026-08-17,1,1,1,200,no_data
2026-09-25 20:30:52,/history,MCX:GOLDM26SEP168000CE,5S,2026-07-18,2026-08-17,1,1,1,200,ok
2026-09-25 20:30:52,/history,MCX:GOLDM26SEP168000CE,1,2026-06-17,2026-09-25,1,1,1,200,ok
2026-09-25 20:30:53,/history,MCX:GOLDM26SEP168000CE,5,2026-06-17,2026-09-25,1,1,1,200,ok
2026-09-25 20:30:53,/history,MCX:GOLDM26SEP168000PE,5,2026-06-17,2026-09-25,1,1,1,200,ok
2026-09-25 20:30:53,/history,MCX:GOLDM26SEP168000CE,60,2026-06-17,2026-09-25,1,1,1,200,ok
2026-09-25 20:30:54,/history,MCX:GOLDM26SEP168000PE,5S,2026-08-18,2026-09-17,1,1,1,200,ok
2026-09-25 20:30:54,/history,MCX:GOLDM26SEP168000PE,60,2026-06-17,2026-09-25,1,1,1,200,ok
2026-09-25 20:30:55,/history,MCX:GOLDM26SEP168000CE,D,2026-06-17,2026-09-25,1,1,1,200,ok
2026-09-25 20:30:55,/history,MCX:GOLDM26SEP168000PE,D,2026-06-17,2026-09-25,1,1,1,200,ok
2026-09-25 20:30:55,/history,MCX:GOLDM26SEP168500PE,5S,2026-06-17,2026-07-17,1,1,1,200,no_data
2026-09-25 20:30:56,/history,MCX:GOLDM26SEP168000CE,5S,2026-08-18,2026-09-17,1,1,1,200,ok
2026-09-25 20:30:56,/history,MCX:GOLDM26SEP168500PE,5S,2026-07-18,2026-08-17,1,1,1,200,no_data
2026-09-25 20:30:56,/history,MCX:GOLDM26SEP168500PE,5S,2026-08-18,2026-09-17,1,1,1,200,no_data
2026-09-25 20:30:56,/history,MCX:GOLDM26SEP168000PE,5S,2026-09-18,2026-09-25,1,1,1,200,ok
2026-09-25 20:30:56,/history,MCX:GOLDM26SEP168500CE,5S,2026-06-17,2026-07-17,1,1,1,200,no_data
2026-09-25 20:30:57,/history,MCX:GOLDM26SEP168500CE,5S,2026-07-18,2026-08-17,1,1,1,200,no_data
2026-09-25 20:30:57,/history,MCX:GOLDM26SEP168500CE,1,2026-06-17,2026-09-25,1,1,1,200,no_data
2026-09-25 20:30:57,/history,MCX:GOLDM26SEP168500CE,5S,2026-08-18,2026-09-17,1,1,1,200,no_data
2026-09-25 20:30:57,/history,MCX:GOLDM26SEP168500PE,5S,2026-09-18,2026-09-25,1,1,1,200,no_data
2026-09-25 20:30:58,/history,MCX:GOLDM26SEP168500PE,1,2026-06-17,2026-09-25,1,1,1,200,no_data
2026-09-25 20:30:58,/history,MCX:GOLDM26SEP168000CE,5S,2026-09-18,2026-09-25,1,1,1,200,ok
2026-09-25 20:30:58,/history,MCX:GOLDM26SEP168500PE,5,2026-06-17,2026-09-25,1,1,1,200,no_data
2026-09-25 20:30:59,/history,MCX:GOLDM26SEP168500CE,5S,2026-09-18,2026-09-25,1,1,1,200,no_data
2026-09-25 20:31:01,/history,MCX:GOLDM26SEP168500CE,5,2026-06-17,2026-09-25,1,1,1,200,no_data
2026-09-25 20:31:01,/history,MCX:GOLDM26SEP168500PE,60,2026-06-17,2026-09-25,1,1,1,200,no_data
2026-09-25 20:31:02,/history,MCX:GOLDM26SEP169000PE,5S,2026-06-17,2026-07-17,1,1,1,200,no_data
2026-09-25 20:31:03,/history,MCX:GOLDM26SEP168500PE,D,2026-06-17,2026-09-25,1,1,1,200,ok
2026-09-25 20:31:03,/history,MCX:GOLDM26SEP168500CE,60,2026-06-17,2026-09-25,1,1,1,200,no_data
2026-09-25 20:31:03,/history,MCX:GOLDM26SEP169000PE,5S,2026-07-18,2026-08-17,1,1,1,200,no_data
2026-09-25 20:31:03,/history,MCX:GOLDM26SEP168500CE,D,2026-06-17,2026-09-25,1,1,1,200,ok
2026-09-25 20:31:03,/history,MCX:GOLDM26SEP169000PE,1,2026-06-17,2026-09-25,1,1,1,200,ok
2026-09-25 20:31:03,/history,MCX:GOLDM26SEP169000CE,5S,2026-06-17,2026-07-17,1,1,1,200,no_data
2026-09-25 20:31:03,/history,MCX:GOLDM26SEP169000CE,1,2026-06-17,2026-09-25,1,1,1,200,ok
2026-09-25 20:31:04,/history,MCX:GOLDM26SEP169000PE,5S,2026-08-18,2026-09-17,1,1,1,200,no_data
2026-09-25 20:31:04,/history,MCX:GOLDM26SEP169000CE,5,2026-06-17,2026-09-25,1,1,1,200,ok
2026-09-25 20:31:04,/history,MCX:GOLDM26SEP169000PE,5,2026-06-17,2026-09-25,1,1,1,200,ok
2026-09-25 20:31:04,/history,MCX:GOLDM26SEP169000PE,5S,2026-09-18,2026-09-25,1,1,1,200,ok
2026-09-25 20:31:05,/history,MCX:GOLDM26SEP169000PE,D,2026-06-17,2026-09-25,1,1,1,200,ok
2026-09-25 20:31:08,/history,MCX:GOLDM26SEP169000CE,5S,2026-07-18,2026-08-17,1,1,1,200,no_data
2026-09-25 20:31:09,/history,MCX:GOLDM26SEP169000CE,60,2026-06-17,2026-09-25,1,1,1,200,ok
2026-09-25 20:31:11,/history,MCX:GOLDM26SEP169000PE,60,2026-06-17,2026-09-25,1,1,1,200,ok
2026-09-25 20:31:11,/history,MCX:GOLDM26SEP169000CE,D,2026-06-17,2026-09-25,1,1,1,200,ok
2026-09-25 20:31:11,/history,MCX:GOLDM26SEP169500PE,1,2026-06-17,2026-09-25,1,1,1,200,ok
2026-09-25 20:31:11,/history,MCX:GOLDM26SEP169500CE,5S,2026-06-17,2026-07-17,1,1,1,200,no_data
2026-09-25 20:31:11,/history,MCX:GOLDM26SEP169500CE,5,2026-06-17,2026-09-25,1,1,1,200,ok
2026-09-25 20:31:11,/history,MCX:GOLDM26SEP169500CE,5S,2026-07-18,2026-08-17,1,1,1,200,no_data
2026-09-25 20:31:11,/history,MCX:GOLDM26SEP169500PE,5,2026-06-17,2026-09-25,1,1,1,200,ok
2026-09-25 20:31:12,/history,MCX:GOLDM26SEP169500CE,60,2026-06-17,2026-09-25,1,1,1,200,ok
2026-09-25 20:31:12,/history,MCX:GOLDM26SEP169500CE,1,2026-06-17,2026-09-25,1,1,1,200,ok
2026-09-25 20:31:12,/history,MCX:GOLDM26SEP169500PE,60,2026-06-17,2026-09-25,1,1,1,200,ok
2026-09-25 20:31:13,/history,MCX:GOLDM26SEP169000CE,5S,2026-08-18,2026-09-17,1,1,1,200,no_data
2026-09-25 20:31:13,/history,MCX:GOLDM26SEP169500CE,5S,2026-08-18,2026-09-17,1,1,1,200,ok
2026-09-25 20:31:13,/history,MCX:GOLDM26SEP169500CE,5S,2026-09-18,2026-09-25,1,1,1,200,no_data
2026-09-25 20:31:13,/history,MCX:GOLDM26SEP169500CE,D,2026-06-17,2026-09-25,1,1,1,200,ok
2026-09-25 20:31:13,/history,MCX:GOLDM26SEP169000CE,5S,2026-09-18,2026-09-25,1,1,1,200,ok
2026-09-25 20:31:14,/history,MCX:GOLDM26SEP169500PE,5S,2026-06-17,2026-07-17,1,1,1,200,no_data
2026-09-25 20:31:14,/history,MCX:GOLDM26SEP169500PE,5S,2026-07-18,2026-08-17,1,1,1,200,no_data
2026-09-25 20:31:14,/history,MCX:GOLDM26SEP169500PE,5S,2026-08-18,2026-09-17,1,1,1,200,no_data
2026-09-25 20:31:14,/history,MCX:GOLDM26SEP169500PE,D,2026-06-17,2026-09-25,1,1,1,200,ok
2026-09-25 20:31:15,/history,MCX:GOLDM26SEP170000CE,5S,2026-06-17,2026-07-17,1,1,1,200,no_data
2026-09-25 20:31:15,/history,MCX:GOLDM26SEP170000PE,5S,2026-06-17,2026-07-17,1,1,1,200,no_data
2026-09-25 20:31:16,/history,MCX:GOLDM26SEP169500PE,5S,2026-09-18,2026-09-25,1,1,1,200,ok
2026-09-25 20:31:16,/history,MCX:GOLDM26SEP170000PE,5S,2026-07-18,2026-08-17,1,1,1,200,no_data
2026-09-25 20:31:17,/history,MCX:GOLDM26SEP170000CE,1,2026-06-17,2026-09-25,1,1,1,200,ok
2026-09-25 20:31:17,/history,MCX:GOLDM26SEP170000PE,1,2026-06-17,2026-09-25,1,1,1,200,ok
2026-09-25 20:31:17,/history,MCX:GOLDM26SEP170000CE,5S,2026-07-18,2026-08-17,1,1,1,200,ok
2026-09-25 20:31:18,/history,MCX:GOLDM26SEP170000PE,5,2026-06-17,2026-09-25,1,1,1,200,ok
2026-09-25 20:31:18,/history,MCX:GOLDM26SEP170000CE,5,2026-06-17,2026-09-25,1,1,1,200,ok
2026-09-25 20:31:18,/history,MCX:GOLDM26SEP170000PE,60,2026-06-17,2026-09-25,1,1,1,200,ok
2026-09-25 20:31:19,/history,MCX:GOLDM26SEP170000PE,D,2026-06-17,2026-09-25,1,1,1,200,ok
2026-09-25 20:31:19,/history,MCX:GOLDM26SEP170000PE,5S,2026-08-18,2026-09-17,1,1,1,200,ok
2026-09-25 20:31:20,/history,MCX:GOLDM26SEP170500CE,5S,2026-06-17,2026-07-17,1,1,1,200,no_data
2026-09-25 20:31:20,/history,MCX:GOLDM26SEP170000CE,D,2026-06-17,2026-09-25,1,1,1,200,ok
2026-09-25 20:31:22,/history,MCX:GOLDM26SEP170500CE,5S,2026-07-18,2026-08-17,1,1,1,200,no_data
2026-09-25 20:31:22,/history,MCX:GOLDM26SEP170500PE,5S,2026-06-17,2026-07-17,1,1,1,200,no_data
2026-09-25 20:31:22,/history,MCX:GOLDM26SEP170000CE,60,2026-06-17,2026-09-25,1,1,1,200,ok
2026-09-25 20:31:22,/history,MCX:GOLDM26SEP170500CE,5S,2026-08-18,2026-09-17,1,1,1,200,no_data
2026-09-25 20:31:22,/history,MCX:GOLDM26SEP170500CE,1,2026-06-17,2026-09-25,1,1,1,200,no_data
2026-09-25 20:31:22,/history,MCX:GOLDM26SEP170500PE,5S,2026-07-18,2026-08-17,1,1,1,200,no_data
2026-09-25 20:31:22,/history,MCX:GOLDM26SEP170500CE,5S,2026-09-18,2026-09-25,1,1,1,200,no_data
2026-09-25 20:31:23,/history,MCX:GOLDM26SEP170500PE,5S,2026-08-18,2026-09-17,1,1,1,200,no_data
2026-09-25 20:31:23,/history,MCX:GOLDM26SEP170500PE,1,2026-06-17,2026-09-25,1,1,1,200,no_data
2026-09-25 20:31:23,/history,MCX:GOLDM26SEP170500CE,5,2026-06-17,2026-09-25,1,1,1,200,no_data
2026-09-25 20:31:23,/history,MCX:GOLDM26SEP170500PE,5,2026-06-17,2026-09-25,1,1,1,200,no_data
2026-09-25 20:31:23,/history,MCX:GOLDM26SEP170500PE,5S,2026-09-18,2026-09-25,1,1,1,200,no_data
2026-09-25 20:31:23,/history,MCX:GOLDM26SEP170000PE,5S,2026-09-18,2026-09-25,1,1,1,200,ok
2026-09-25 20:31:23,/history,MCX:GOLDM26SEP170500CE,60,2026-06-17,2026-09-25,1,1,1,200,no_data
2026-09-25 20:31:23,/history,MCX:GOLDM26SEP170500PE,60,2026-06-17,2026-09-25,1,1,1,200,no_data
2026-09-25 20:31:23,/history,MCX:GOLDM26SEP170500CE,D,2026-06-17,2026-09-25,1,1,1,200,ok
2026-09-25 20:31:24,/history,MCX:GOLDM26SEP171000CE,5S,2026-06-17,2026-07-17,1,1,1,200,no_data
2026-09-25 20:31:24,/history,MCX:GOLDM26SEP170500PE,D,2026-06-17,2026-09-25,1,1,1,200,ok
2026-09-25 20:31:24,/history,MCX:GOLDM26SEP171000PE,5S,2026-06-17,2026-07-17,1,1,1,200,no_data
2026-09-25 20:31:24,/history,MCX:GOLDM26SEP171000CE,5S,2026-07-18,2026-08-17,1,1,1,200,no_data
2026-09-25 20:31:24,/history,MCX:GOLDM26SEP170000CE,5S,2026-08-18,2026-09-17,1,1,1,200,ok
2026-09-25 20:31:24,/history,MCX:GOLDM26SEP171000PE,5S,2026-07-18,2026-08-17,1,1,1,200,no_data
2026-09-25 20:31:25,/history,MCX:GOLDM26SEP171000PE,5S,2026-08-18,2026-09-17,1,1,1,200,no_data
2026-09-25 20:31:25,/history,MCX:GOLDM26SEP171000CE,1,2026-06-17,2026-09-25,1,1,1,200,ok
2026-09-25 20:31:25,/history,MCX:GOLDM26SEP171000PE,5S,2026-09-18,2026-09-25,1,1,1,200,no_data
2026-09-25 20:31:25,/history,MCX:GOLDM26SEP171000PE,1,2026-06-17,2026-09-25,1,1,1,200,no_data
2026-09-25 20:31:25,/history,MCX:GOLDM26SEP171000CE,5,2026-06-17,2026-09-25,1,1,1,200,ok
2026-09-25 20:31:26,/history,MCX:GOLDM26SEP171000CE,5S,2026-08-18,2026-09-17,1,1,1,200,ok
2026-09-25 20:31:26,/history,MCX:GOLDM26SEP170000CE,5S,2026-09-18,2026-09-25,1,1,1,200,ok
2026-09-25 20:31:27,/history,MCX:GOLDM26SEP171000PE,5,2026-06-17,2026-09-25,1,1,1,200,no_data
2026-09-25 20:31:27,/history,MCX:GOLDM26SEP171000CE,60,2026-06-17,2026-09-25,1,1,1,200,ok
2026-09-25 20:31:27,/history,MCX:GOLDM26SEP171000PE,60,2026-06-17,2026-09-25,1,1,1,200,no_data
2026-09-25 20:31:27,/history,MCX:GOLDM26SEP171000CE,D,2026-06-17,2026-09-25,1,1,1,200,ok
2026-09-25 20:31:27,/history,MCX:GOLDM26SEP171000CE,5S,2026-09-18,2026-09-25,1,1,1,200,ok
2026-09-25 20:31:27,/history,MCX:GOLDM26SEP171000PE,D,2026-06-17,2026-09-25,1,1,1,200,ok
2026-09-25 20:31:28,/history,MCX:GOLDM26SEP171500CE,5S,2026-06-17,2026-07-17,1,1,1,200,no_data
2026-09-25 20:31:28,/history,MCX:GOLDM26SEP171500PE,5S,2026-06-17,2026-07-17,1,1,1,200,no_data
2026-09-25 20:31:28,/history,MCX:GOLDM26SEP171500PE,5S,2026-07-18,2026-08-17,1,1,1,200,no_data
2026-09-25 20:31:28,/history,MCX:GOLDM26SEP171500CE,5S,2026-07-18,2026-08-17,1,1,1,200,no_data
2026-09-25 20:31:29,/history,MCX:GOLDM26SEP171500CE,1,2026-06-17,2026-09-25,1,1,1,200,no_data
2026-09-25 20:31:29,/history,MCX:GOLDM26SEP171500PE,5S,2026-08-18,2026-09-17,1,1,1,200,no_data
2026-09-25 20:31:29,/history,MCX:GOLDM26SEP171500CE,5S,2026-08-18,2026-09-17,1,1,1,200,no_data
2026-09-25 20:31:29,/history,MCX:GOLDM26SEP171500PE,1,2026-06-17,2026-09-25,1,1,1,200,no_data
2026-09-25 20:31:30,/history,MCX:GOLDM26SEP171500PE,5,2026-06-17,2026-09-25,1,1,1,200,no_data
2026-09-25 20:31:31,/history,MCX:GOLDM26SEP171500CE,5,2026-06-17,2026-09-25,1,1,1,200,no_data
2026-09-25 20:31:31,/history,MCX:GOLDM26SEP171500PE,60,2026-06-17,2026-09-25,1,1,1,200,no_data
2026-09-25 20:31:32,/history,MCX:GOLDM26SEP171500PE,5S,2026-09-18,2026-09-25,1,1,1,200,no_data
2026-09-25 20:31:33,/history,MCX:GOLDM26SEP172000CE,5S,2026-06-17,2026-07-17,1,1,1,200,no_data
2026-09-25 20:31:33,/history,MCX:GOLDM26SEP172000CE,5S,2026-07-18,2026-08-17,1,1,1,200,no_data
2026-09-25 20:31:34,/history,MCX:GOLDM26SEP171500PE,D,2026-06-17,2026-09-25,1,1,1,200,ok
2026-09-25 20:31:34,/history,MCX:GOLDM26SEP172000CE,5S,2026-08-18,2026-09-17,1,1,1,200,no_data
2026-09-25 20:31:34,/history,MCX:GOLDM26SEP171500CE,60,2026-06-17,2026-09-25,1,1,1,200,no_data
2026-09-25 20:31:34,/history,MCX:GOLDM26SEP172000CE,1,2026-06-17,2026-09-25,1,1,1,200,no_data
2026-09-25 20:31:34,/history,MCX:GOLDM26SEP172000PE,1,2026-06-17,2026-09-25,1,1,1,200,no_data
2026-09-25 20:31:35,/history,MCX:GOLDM26SEP172000PE,5S,2026-06-17,2026-07-17,1,1,1,200,no_data
2026-09-25 20:31:35,/history,MCX:GOLDM26SEP171500CE,5S,2026-09-18,2026-09-25,1,1,1,200,no_data
2026-09-25 20:31:35,/history,MCX:GOLDM26SEP172000CE,5S,2026-09-18,2026-09-25,1,1,1,200,no_data
2026-09-25 20:31:35,/history,MCX:GOLDM26SEP172000PE,5S,2026-07-18,2026-08-17,1,1,1,200,no_data
2026-09-25 20:31:35,/history,MCX:GOLDM26SEP172000PE,5,2026-06-17,2026-09-25,1,1,1,200,no_data
2026-09-25 20:31:35,/history,MCX:GOLDM26SEP172000PE,5S,2026-08-18,2026-09-17,1,1,1,200,no_data
2026-09-25 20:31:37,/history,MCX:GOLDM26SEP172000CE,60,2026-06-17,2026-09-25,1,1,1,200,no_data
2026-09-25 20:31:38,/history,MCX:GOLDM26SEP172000PE,60,2026-06-17,2026-09-25,1,1,1,200,no_data
2026-09-25 20:31:39,/history,MCX:GOLDM26SEP172000PE,D,2026-06-17,2026-09-25,1,1,1,200,ok
2026-09-25 20:31:41,/history,MCX:GOLDM26SEP171500CE,D,2026-06-17,2026-09-25,1,1,1,200,ok
2026-09-25 20:31:41,/history,MCX:GOLDM26SEP172000CE,D,2026-06-17,2026-09-25,1,1,1,200,ok
2026-09-25 20:31:42,/history,MCX:GOLDM26SEP172000CE,5,2026-06-17,2026-09-25,1,1,1,200,no_data
2026-09-25 20:31:42,/history,MCX:GOLDM26SEP172000PE,5S,2026-09-18,2026-09-25,1,1,1,200,no_data
