timestamp,endpoint,symbol,resolution,range_from,range_to,date_format,cont_flag,oi_flag,status_code,message
2026-09-24 12:17:23,/history,BSE:SENSEX-INDEX,5S,2026-06-16,2026-07-16,1,1,1,200,no_data
2026-09-24 12:17:24,/history,BSE:SENSEX-INDEX,5S,2026-07-17,2026-08-16,1,1,1,200,no_data
2026-09-24 12:17:26,/history,BSE:SENSEX-INDEX,5S,2026-08-17,2026-09-16,1,1,1,200,ok
2026-09-24 12:17:28,/history,BSE:SENSEX-INDEX,5S,2026-09-17,2026-09-24,1,1,1,200,ok
2026-09-24 12:17:32,/history,BSE:SENSEX-INDEX,1,2026-06-16,2026-09-24,1,1,1,200,ok
2026-09-24 12:17:33,/history,BSE:SENSEX-INDEX,5,2026-06-16,2026-09-24,1,1,1,200,ok
2026-09-24 12:17:34,/history,BSE:SENSEX-INDEX,60,2026-06-16,2026-09-24,1,1,1,200,ok
2026-09-24 12:17:34,/history,BSE:SENSEX-INDEX,D,2026-06-16,2026-09-24,1,1,1,200,ok
2026-09-24 12:17:36,/history,BSE:SENSEX26SEPFUT,5S,2026-06-16,2026-07-16,1,1,1,200,ok
2026-09-24 12:17:39,/history,BSE:SENSEX26SEPFUT,5S,2026-07-17,2026-08-16,1,1,1,200,ok
2026-09-24 12:17:42,/history,BSE:SENSEX26SEPFUT,5S,2026-08-17,2026-09-16,1,1,1,200,ok
2026-09-24 12:17:43,/history,BSE:SENSEX26SEPFUT,5S,2026-09-17,2026-09-24,1,1,1,200,ok
2026-09-24 12:17:49,/history,BSE:SENSEX26SEPFUT,1,2026-06-16,2026-09-24,1,1,1,200,ok
2026-09-24 12:17:49,/history,BSE:SENSEX26SEPFUT,5,2026-06-16,2026-09-24,1,1,1,200,ok
2026-09-24 12:17:50,/history,BSE:SENSEX26SEPFUT,60,2026-06-16,2026-09-24,1,1,1,200,ok
2026-09-24 12:17:50,/history,BSE:SENSEX26SEPFUT,D,2026-06-16,2026-09-24,1,1,1,200,ok
2026-09-24 12:17:50,/history,BSE:SENSEX26SEP68600PE,5S,2026-06-16,2026-07-16,1,1,1,200,no_data
2026-09-24 12:17:51,/history,BSE:SENSEX26SEP68600CE,5,2026-06-16,2026-09-24,1,1,1,200,no_data
2026-09-24 12:17:51,/history,BSE:SENSEX26SEP68600CE,1,2026-06-16,2026-09-24,1,1,1,200,no_data
2026-09-24 12:17:51,/history,BSE:SENSEX26SEP68600CE,5S,2026-06-16,2026-07-16,1,1,1,200,no_data
2026-09-24 12:17:51,/history,BSE:SENSEX26SEP68600PE,1,2026-06-16,2026-09-24,1,1,1,200,no_data
2026-09-24 12:17:51,/history,BSE:SENSEX26SEP68600PE,5S,2026-07-17,2026-08-16,1,1,1,200,no_data
2026-09-24 12:17:51,/history,BSE:SENSEX26SEP68600CE,60,2026-06-16,2026-09-24,1,1,1,200,no_data
2026-09-24 12:17:51,/history,BSE:SENSEX26SEP68600PE,5,2026-06-16,2026-09-24,1,1,1,200,no_data
2026-09-24 12:17:51,/history,BSE:SENSEX26SEP68600PE,5S,2026-08-17,2026-09-16,1,1,1,200,no_data
2026-09-24 12:17:51,/history,BSE:SENSEX26SEP68600CE,D,2026-06-16,2026-09-24,1,1,1,200,no_data
2026-09-24 12:17:51,/history,BSE:SENSEX26SEP68600CE,5S,2026-07-17,2026-08-16,1,1,1,200,no_data
2026-09-24 12:17:51,/history,BSE:SENSEX26SEP68600PE,60,2026-06-16,2026-09-24,1,1,1,200,no_data
2026-09-24 12:17:51,/history,BSE:SENSEX26SEP68600PE,D,2026-06-16,2026-09-24,1,1,1,200,no_data
2026-09-24 12:17:51,/history,BSE:SENSEX26SEP68600PE,5S,2026-09-17,2026-09-24,1,1,1,200,no_data
2026-09-24 12:17:52,/history,BSE:SENSEX26SEP68700CE,5S,2026-06-16,2026-07-16,1,1,1,200,no_data
2026-09-24 12:17:52,/history,BSE:SENSEX26SEP68600CE,5S,2026-08-17,2026-09-16,1,1,1,200,no_data
2026-09-24 12:17:52,/history,BSE:SENSEX26SEP68700PE,5S,2026-06-16,2026-07-16,1,1,1,200,no_data
2026-09-24 12:17:52,/history,BSE:SENSEX26SEP68700PE,1,2026-06-16,2026-09-24,1,1,1,200,no_data
2026-09-24 12:17:52,/history,BSE:SENSEX26SEP68600CE,5S,2026-09-17,2026-09-24,1,1,1,200,no_data
2026-09-24 12:17:52,/history,BSE:SENSEX26SEP68700PE,5S,2026-07-17,2026-08-16,1,1,1,200,no_data
2026-09-24 12:17:52,/history,BSE:SENSEX26SEP68700CE,5,2026-06-16,2026-09-24,1,1,1,200,no_data
2026-09-24 12:17:52,/history,BSE:SENSEX26SEP68700CE,1,2026-06-16,2026-09-24,1,1,1,200,no_data
2026-09-24 12:17:53,/history,BSE:SENSEX26SEP68700CE,5S,2026-07-17,2026-08-16,1,1,1,200,no_data
2026-09-24 12:17:53,/history,BSE:SENSEX26SEP68700PE,5,2026-06-16,2026-09-24,1,1,1,200,no_data
2026-09-24 12:17:53,/history,BSE:SENSEX26SEP68700PE,5S,2026-08-17,2026-09-16,1,1,1,200,no_data
2026-09-24 12:17:53,/history,BSE:SENSEX26SEP68700CE,60,2026-06-16,2026-09-24,1,1,1,200,no_data
2026-09-24 12:17:53,/history,BSE:SENSEX26SEP68700CE,5S,2026-08-17,2026-09-16,1,1,1,200,no_data
2026-09-24 12:17:53,/history,BSE:SENSEX26SEP68700CE,D,2026-06-16,2026-09-24,1,1,1,200,no_data
2026-09-24 12:17:53,/history,BSE:SENSEX26SEP68700PE,60,2026-06-16,2026-09-24,1,1,1,200,no_data
2026-09-24 12:17:53,/history,BSE:SENSEX26SEP68700PE,D,2026-06-16,2026-09-24,1,1,1,200,no_data
2026-09-24 12:17:54,/history,BSE:SENSEX26SEP68700PE,5S,2026-09-17,2026-09-24,1,1,1,200,no_data
2026-09-24 12:17:54,/history,BSE:SENSEX26SEP68700CE,5S,2026-09-17,2026-09-24,1,1,1,200,no_data
2026-09-24 12:17:54,/history,BSE:SENSEX26SEP68800CE,5S,2026-06-16,2026-07-16,1,1,1,200,no_data
2026-09-24 12:17:54,/history,BSE:SENSEX26SEP68800PE,5S,2026-06-16,2026-07-16,1,1,1,200,no_data
2026-09-24 12:17:54,/history,BSE:SENSEX26SEP68800PE,1,2026-06-16,2026-09-24,1,1,1,200,ok
2026-09-24 12:17:54,/history,BSE:SENSEX26SEP68800CE,5,2026-06-16,2026-09-24,1,1,1,200,no_data
2026-09-24 12:17:54,/history,BSE:SENSEX26SEP68800PE,5S,2026-07-17,2026-08-16,1,1,1,200,no_data
2026-09-24 12:17:54,/history,BSE:SENSEX26SEP68800CE,1,2026-06-16,2026-09-24,1,1,1,200,no_data
2026-09-24 12:17:55,/history,BSE:SENSEX26SEP68800CE,60,2026-06-16,2026-09-24,1,1,1,200,no_data
2026-09-24 12:17:55,/history,BSE:SENSEX26SEP68800PE,5,2026-06-16,2026-09-24,1,1,1,200,ok
2026-09-24 12:17:55,/history,BSE:SENSEX26SEP68800CE,5S,2026-07-17,2026-08-16,1,1,1,200,no_data
2026-09-24 12:17:55,/history,BSE:SENSEX26SEP68800PE,5S,2026-08-17,2026-09-16,1,1,1,200,no_data
2026-09-24 12:17:55,/history,BSE:SENSEX26SEP68800PE,60,2026-06-16,2026-09-24,1,1,1,200,ok
2026-09-24 12:17:55,/history,BSE:SENSEX26SEP68800PE,5S,2026-09-17,2026-09-24,1,1,1,200,ok
2026-09-24 12:17:55,/history,BSE:SENSEX26SEP68800CE,5S,2026-08-17,2026-09-16,1,1,1,200,no_data
2026-09-24 12:17:55,/history,BSE:SENSEX26SEP68800CE,D,2026-06-16,2026-09-24,1,1,1,200,no_data
2026-09-24 12:17:56,/history,BSE:SENSEX26SEP68800CE,5S,2026-09-17,2026-09-24,1,1,1,200,no_data
2026-09-24 12:17:56,/history,BSE:SENSEX26SEP68900PE,5S,2026-06-16,2026-07-16,1,1,1,200,no_data
2026-09-24 12:17:56,/history,BSE:SENSEX26SEP68800PE,D,2026-06-16,2026-09-24,1,1,1,200,no_data
2026-09-24 12:17:56,/history,BSE:SENSEX26SEP68900CE,5S,2026-06-16,2026-07-16,1,1,1,200,no_data
2026-09-24 12:17:56,/history,BSE:SENSEX26SEP68900PE,1,2026-06-16,2026-09-24,1,1,1,200,ok
2026-09-24 12:17:56,/history,BSE:SENSEX26SEP68900CE,1,2026-06-16,2026-09-24,1,1,1,200,no_data
2026-09-24 12:17:56,/history,BSE:SENSEX26SEP68900CE,5S,2026-07-17,2026-08-16,1,1,1,200,no_data
2026-09-24 12:17:56,/history,BSE:SENSEX26SEP68900PE,5,2026-06-16,2026-09-24,1,1,1,200,ok
2026-09-24 12:17:56,/history,BSE:SENSEX26SEP68900CE,60,2026-06-16,2026-09-24,1,1,1,200,no_data
2026-09-24 12:17:57,/history,BSE:SENSEX26SEP68900PE,5S,2026-07-17,2026-08-16,1,1,1,200,no_data
2026-09-24 12:17:57,/history,BSE:SENSEX26SEP68900PE,60,2026-06-16,2026-09-24,1,1,1,200,ok
2026-09-24 12:17:57,/history,BSE:SENSEX26SEP68900CE,5,2026-06-16,2026-09-24,1,1,1,200,no_data
2026-09-24 12:17:57,/history,BSE:SENSEX26SEP68900CE,5S,2026-08-17,2026-09-16,1,1,1,200,no_data
2026-09-24 12:17:57,/history,BSE:SENSEX26SEP68900PE,5S,2026-08-17,2026-09-16,1,1,1,200,no_data
2026-09-24 12:17:57,/history,BSE:SENSEX26SEP68900CE,D,2026-06-16,2026-09-24,1,1,1,200,no_data
2026-09-24 12:17:57,/history,BSE:SENSEX26SEP68900PE,D,2026-06-16,2026-09-24,1,1,1,200,no_data
2026-09-24 12:17:57,/history,BSE:SENSEX26SEP69000CE,5S,2026-06-16,2026-07-16,1,1,1,200,no_data
2026-09-24 12:17:57,/history,BSE:SENSEX26SEP68900PE,5S,2026-09-17,2026-09-24,1,1,1,200,ok
2026-09-24 12:17:58,/history,BSE:SENSEX26SEP69000PE,5S,2026-06-16,2026-07-16,1,1,1,200,no_data
2026-09-24 12:17:58,/history,BSE:SENSEX26SEP69000CE,1,2026-06-16,2026-09-24,1,1,1,200,no_data
2026-09-24 12:17:58,/history,BSE:SENSEX26SEP68900CE,5S,2026-09-17,2026-09-24,1,1,1,200,no_data
2026-09-24 12:17:58,/history,BSE:SENSEX26SEP69000CE,5S,2026-07-17,2026-08-16,1,1,1,200,no_data
2026-09-24 12:17:58,/history,BSE:SENSEX26SEP69000PE,1,2026-06-16,2026-09-24,1,1,1,200,ok
2026-09-24 12:17:58,/history,BSE:SENSEX26SEP69000PE,5,2026-06-16,2026-09-24,1,1,1,200,ok
2026-09-24 12:17:58,/history,BSE:SENSEX26SEP69000PE,5S,2026-07-17,2026-08-16,1,1,1,200,no_data
2026-09-24 12:17:58,/history,BSE:SENSEX26SEP69000CE,5S,2026-08-17,2026-09-16,1,1,1,200,no_data
2026-09-24 12:17:58,/history,BSE:SENSEX26SEP69000CE,5S,2026-09-17,2026-09-24,1,1,1,200,no_data
2026-09-24 12:17:59,/history,BSE:SENSEX26SEP69000CE,60,2026-06-16,2026-09-24,1,1,1,200,no_data
2026-09-24 12:17:59,/history,BSE:SENSEX26SEP69000CE,5,2026-06-16,2026-09-24,1,1,1,200,no_data
2026-09-24 12:17:59,/history,BSE:SENSEX26SEP69000PE,60,2026-06-16,2026-09-24,1,1,1,200,ok
2026-09-24 12:17:59,/history,BSE:SENSEX26SEP69000CE,D,2026-06-16,2026-09-24,1,1,1,200,no_data
2026-09-24 12:17:59,/history,BSE:SENSEX26SEP69000PE,D,2026-06-16,2026-09-24,1,1,1,200,ok
2026-09-24 12:17:59,/history,BSE:SENSEX26SEP69100CE,5S,2026-06-16,2026-07-16,1,1,1,200,no_data
2026-09-24 12:17:59,/history,BSE:SENSEX26SEP69000PE,5S,2026-08-17,2026-09-16,1,1,1,200,ok
2026-09-24 12:17:59,/history,BSE:SENSEX26SEP69100PE,5S,2026-06-16,2026-07-16,1,1,1,200,no_data
2026-09-24 12:18:00,/history,BSE:SENSEX26SEP69100CE,1,2026-06-16,2026-09-24,1,1,1,200,no_data
2026-09-24 12:18:00,/history,BSE:SENSEX26SEP69100CE,5S,2026-07-17,2026-08-16,1,1,1,200,no_data
2026-09-24 12:18:00,/history,BSE:SENSEX26SEP69100PE,5S,2026-07-17,2026-08-16,1,1,1,200,no_data
2026-09-24 12:18:00,/history,BSE:SENSEX26SEP69100PE,1,2026-06-16,2026-09-24,1,1,1,200,ok
2026-09-24 12:18:00,/history,BSE:SENSEX26SEP69100CE,5,2026-06-16,2026-09-24,1,1,1,200,no_data
2026-09-24 12:18:00,/history,BSE:SENSEX26SEP69100PE,5,2026-06-16,2026-09-24,1,1,1,200,ok
2026-09-24 12:18:00,/history,BSE:SENSEX26SEP69000PE,5S,2026-09-17,2026-09-24,1,1,1,200,ok
2026-09-24 12:18:00,/history,BSE:SENSEX26SEP69100CE,5S,2026-08-17,2026-09-16,1,1,1,200,no_data
2026-09-24 12:18:00,/history,BSE:SENSEX26SEP69100CE,60,2026-06-16,2026-09-24,1,1,1,200,no_data
2026-09-24 12:18:01,/history,BSE:SENSEX26SEP69100PE,60,2026-06-16,2026-09-24,1,1,1,200,ok
2026-09-24 12:18:01,/history,BSE:SENSEX26SEP69100PE,5S,2026-08-17,2026-09-16,1,1,1,200,no_data
2026-09-24 12:18:01,/history,BSE:SENSEX26SEP69100CE,D,2026-06-16,2026-09-24,1,1,1,200,no_data
2026-09-24 12:18:01,/history,BSE:SENSEX26SEP69100CE,5S,2026-09-17,2026-09-24,1,1,1,200,no_data
2026-09-24 12:18:01,/history,BSE:SENSEX26SEP69100PE,D,2026-06-16,2026-09-24,1,1,1,200,ok
2026-09-24 12:18:01,/history,BSE:SENSEX26SEP69200CE,5S,2026-06-16,2026-07-16,1,1,1,200,no_data
2026-09-24 12:18:01,/history,BSE:SENSEX26SEP69200PE,5S,2026-06-16,2026-07-16,1,1,1,200,no_data
2026-09-24 12:18:01,/history,BSE:SENSEX26SEP69200CE,1,2026-06-16,2026-09-24,1,1,1,200,no_data
2026-09-24 12:18:02,/history,BSE:SENSEX26SEP69200PE,1,2026-06-16,2026-09-24,1,1,1,200,ok
2026-09-24 12:18:02,/history,BSE:SENSEX26SEP69100PE,5S,2026-09-17,2026-09-24,1,1,1,200,ok
2026-09-24 12:18:02,/history,BSE:SENSEX26SEP69200CE,5S,2026-07-17,2026-08-16,1,1,1,200,no_data
2026-09-24 12:18:02,/history,BSE:SENSEX26SEP69200PE,5S,2026-07-17,2026-08-16,1,1,1,200,no_data
2026-09-24 12:18:02,/history,BSE:SENSEX26SEP69200CE,5,2026-06-16,2026-09-24,1,1,1,200,no_data
2026-09-24 12:18:02,/history,BSE:SENSEX26SEP69200PE,5,2026-06-16,2026-09-24,1,1,1,200,ok
2026-09-24 12:18:02,/history,BSE:SENSEX26SEP69200CE,5S,2026-08-17,2026-09-16,1,1,1,200,no_data
2026-09-24 12:18:02,/history,BSE:SENSEX26SEP69200PE,5S,2026-08-17,2026-09-16,1,1,1,200,no_data
2026-09-24 12:18:02,/history,BSE:SENSEX26SEP69200PE,60,2026-06-16,2026-09-24,1,1,1,200,ok
2026-09-24 12:18:02,/history,BSE:SENSEX26SEP69200CE,60,2026-06-16,2026-09-24,1,1,1,200,no_data
2026-09-24 12:18:03,/history,BSE:SENSEX26SEP69300CE,5S,2026-06-16,2026-07-16,1,1,1,200,no_data
2026-09-24 12:18:03,/history,BSE:SENSEX26SEP69200CE,D,2026-06-16,2026-09-24,1,1,1,200,no_data
2026-09-24 12:18:03,/history,BSE:SENSEX26SEP69200PE,D,2026-06-16,2026-09-24,1,1,1,200,ok
2026-09-24 12:18:03,/history,BSE:SENSEX26SEP69200CE,5S,2026-09-17,2026-09-24,1,1,1,200,no_data
2026-09-24 12:18:03,/history,BSE:SENSEX26SEP69200PE,5S,2026-09-17,2026-09-24,1,1,1,200,ok
2026-09-24 12:18:03,/history,BSE:SENSEX26SEP69300PE,5S,2026-06-16,2026-07-16,1,1,1,200,no_data
2026-09-24 12:18:03,/history,BSE:SENSEX26SEP69300CE,1,2026-06-16,2026-09-24,1,1,1,200,no_data
2026-09-24 12:18:03,/history,BSE:SENSEX26SEP69300CE,5S,2026-07-17,2026-08-16,1,1,1,200,no_data
2026-09-24 12:18:04,/history,BSE:SENSEX26SEP69300PE,1,2026-06-16,2026-09-24,1,1,1,200,ok
2026-09-24 12:18:04,/history,BSE:SENSEX26SEP69300CE,5S,2026-08-17,2026-09-16,1,1,1,200,no_data
2026-09-24 12:18:04,/history,BSE:SENSEX26SEP69300PE,5,2026-06-16,2026-09-24,1,1,1,200,ok
2026-09-24 12:18:04,/history,BSE:SENSEX26SEP69300PE,5S,2026-07-17,2026-08-16,1,1,1,200,no_data
2026-09-24 12:18:04,/history,BSE:SENSEX26SEP69300CE,5S,2026-09-17,2026-09-24,1,1,1,200,no_data
2026-09-24 12:18:04,/history,BSE:SENSEX26SEP69300CE,60,2026-06-16,2026-09-24,1,1,1,200,no_data
2026-09-24 12:18:04,/history,BSE:SENSEX26SEP69300PE,60,2026-06-16,2026-09-24,1,1,1,200,ok
2026-09-24 12:18:04,/history,BSE:SENSEX26SEP69300CE,D,2026-06-16,2026-09-24,1,1,1,200,no_data
2026-09-24 12:18:04,/history,BSE:SENSEX26SEP69300CE,5,2026-06-16,2026-09-24,1,1,1,200,no_data
2026-09-24 12:18:05,/history,BSE:SENSEX26SEP69400PE,5S,2026-06-16,2026-07-16,1,1,1,200,no_data
2026-09-24 12:18:05,/history,BSE:SENSEX26SEP69300PE,5S,2026-08-17,2026-09-16,1,1,1,200,ok
2026-09-24 12:18:05,/history,BSE:SENSEX26SEP69300PE,D,2026-06-16,2026-09-24,1,1,1,200,ok
2026-09-24 12:18:05,/history,BSE:SENSEX26SEP69400CE,1,2026-06-16,2026-09-24,1,1,1,200,no_data
2026-09-24 12:18:05,/history,BSE:SENSEX26SEP69400PE,5S,2026-07-17,2026-08-16,1,1,1,200,no_data
2026-09-24 12:18:05,/history,BSE:SENSEX26SEP69400PE,1,2026-06-16,2026-09-24,1,1,1,200,ok
2026-09-24 12:18:05,/history,BSE:SENSEX26SEP69400CE,5S,2026-06-16,2026-07-16,1,1,1,200,no_data
2026-09-24 12:18:05,/history,BSE:SENSEX26SEP69400PE,5S,2026-08-17,2026-09-16,1,1,1,200,no_data
2026-09-24 12:18:05,/history,BSE:SENSEX26SEP69400CE,5,2026-06-16,2026-09-24,1,1,1,200,no_data
2026-09-24 12:18:06,/history,BSE:SENSEX26SEP69400PE,5,2026-06-16,2026-09-24,1,1,1,200,ok
2026-09-24 12:18:06,/history,BSE:SENSEX26SEP69400CE,5S,2026-07-17,2026-08-16,1,1,1,200,no_data
2026-09-24 12:18:06,/history,BSE:SENSEX26SEP69400PE,60,2026-06-16,2026-09-24,1,1,1,200,ok
2026-09-24 12:18:06,/history,BSE:SENSEX26SEP69400PE,5S,2026-09-17,2026-09-24,1,1,1,200,ok
2026-09-24 12:18:06,/history,BSE:SENSEX26SEP69400CE,60,2026-06-16,2026-09-24,1,1,1,200,no_data
2026-09-24 12:18:06,/history,BSE:SENSEX26SEP69400CE,5S,2026-08-17,2026-09-16,1,1,1,200,no_data
2026-09-24 12:18:06,/history,BSE:SENSEX26SEP69400CE,D,2026-06-16,2026-09-24,1,1,1,200,no_data
2026-09-24 12:18:07,/history,BSE:SENSEX26SEP69400PE,D,2026-06-16,2026-09-24,1,1,1,200,ok
2026-09-24 12:18:07,/history,BSE:SENSEX26SEP69300PE,5S,2026-09-17,2026-09-24,1,1,1,200,ok
2026-09-24 12:18:07,/history,BSE:SENSEX26SEP69400CE,5S,2026-09-17,2026-09-24,1,1,1,200,no_data
2026-09-24 12:18:07,/history,BSE:SENSEX26SEP69500CE,5S,2026-06-16,2026-07-16,1,1,1,200,no_data
2026-09-24 12:18:07,/history,BSE:SENSEX26SEP69500PE,5S,2026-06-16,2026-07-16,1,1,1,200,no_data
2026-09-24 12:18:07,/history,BSE:SENSEX26SEP69500CE,1,2026-06-16,2026-09-24,1,1,1,200,no_data
2026-09-24 12:18:07,/history,BSE:SENSEX26SEP69500PE,1,2026-06-16,2026-09-24,1,1,1,200,ok
2026-09-24 12:18:07,/history,BSE:SENSEX26SEP69500CE,5S,2026-07-17,2026-08-16,1,1,1,200,no_data
2026-09-24 12:18:07,/history,BSE:SENSEX26SEP69500PE,5S,2026-07-17,2026-08-16,1,1,1,200,no_data
2026-09-24 12:18:07,/history,BSE:SENSEX26SEP69500CE,5,2026-06-16,2026-09-24,1,1,1,200,no_data
2026-09-24 12:18:08,/history,BSE:SENSEX26SEP69500CE,60,2026-06-16,2026-09-24,1,1,1,200,no_data
2026-09-24 12:18:08,/history,BSE:SENSEX26SEP69500CE,5S,2026-08-17,2026-09-16,1,1,1,200,no_data
2026-09-24 12:18:08,/history,BSE:SENSEX26SEP69500CE,D,2026-06-16,2026-09-24,1,1,1,200,no_data
2026-09-24 12:18:08,/history,BSE:SENSEX26SEP69500PE,60,2026-06-16,2026-09-24,1,1,1,200,ok
2026-09-24 12:18:08,/history,BSE:SENSEX26SEP69500PE,5,2026-06-16,2026-09-24,1,1,1,200,ok
2026-09-24 12:18:08,/history,BSE:SENSEX26SEP69500PE,5S,2026-08-17,2026-09-16,1,1,1,200,ok
2026-09-24 12:18:08,/history,BSE:SENSEX26SEP69600CE,5S,2026-06-16,2026-07-16,1,1,1,200,no_data
2026-09-24 12:18:08,/history,BSE:SENSEX26SEP69500CE,5S,2026-09-17,2026-09-24,1,1,1,200,no_data
2026-09-24 12:18:08,/history,BSE:SENSEX26SEP69600PE,5S,2026-06-16,2026-07-16,1,1,1,200,no_data
2026-09-24 12:18:09,/history,BSE:SENSEX26SEP69600CE,5S,2026-07-17,2026-08-16,1,1,1,200,no_data
2026-09-24 12:18:09,/history,BSE:SENSEX26SEP69600CE,1,2026-06-16,2026-09-24,1,1,1,200,no_data
2026-09-24 12:18:09,/history,BSE:SENSEX26SEP69500PE,D,2026-06-16,2026-09-24,1,1,1,200,ok
2026-09-24 12:18:09,/history,BSE:SENSEX26SEP69600PE,5S,2026-07-17,2026-08-16,1,1,1,200,no_data
2026-09-24 12:18:09,/history,BSE:SENSEX26SEP69600CE,5S,2026-08-17,2026-09-16,1,1,1,200,no_data
2026-09-24 12:18:09,/history,BSE:SENSEX26SEP69600PE,1,2026-06-16,2026-09-24,1,1,1,200,ok
2026-09-24 12:18:09,/history,BSE:SENSEX26SEP69600PE,5S,2026-08-17,2026-09-16,1,1,1,200,ok
2026-09-24 12:18:10,/history,BSE:SENSEX26SEP69600CE,5,2026-06-16,2026-09-24,1,1,1,200,no_data
2026-09-24 12:18:10,/history,BSE:SENSEX26SEP69600CE,5S,2026-09-17,2026-09-24,1,1,1,200,no_data
2026-09-24 12:18:10,/history,BSE:SENSEX26SEP69600CE,60,2026-06-16,2026-09-24,1,1,1,200,no_data
2026-09-24 12:18:10,/history,BSE:SENSEX26SEP69600PE,60,2026-06-16,2026-09-24,1,1,1,200,ok
2026-09-24 12:18:10,/history,BSE:SENSEX26SEP69600PE,5,2026-06-16,2026-09-24,1,1,1,200,ok
2026-09-24 12:18:10,/history,BSE:SENSEX26SEP69500PE,5S,2026-09-17,2026-09-24,1,1,1,200,ok
2026-09-24 12:18:10,/history,BSE:SENSEX26SEP69600CE,D,2026-06-16,2026-09-24,1,1,1,200,no_data
2026-09-24 12:18:11,/history,BSE:SENSEX26SEP69600PE,D,2026-06-16,2026-09-24,1,1,1,200,ok
2026-09-24 12:18:11,/history,BSE:SENSEX26SEP69700CE,5S,2026-06-16,2026-07-16,1,1,1,200,no_data
2026-09-24 12:18:11,/history,BSE:SENSEX26SEP69600PE,5S,2026-09-17,2026-09-24,1,1,1,200,ok
2026-09-24 12:18:11,/history,BSE:SENSEX26SEP69700PE,5S,2026-06-16,2026-07-16,1,1,1,200,no_data
2026-09-24 12:18:11,/history,BSE:SENSEX26SEP69700CE,5S,2026-07-17,2026-08-16,1,1,1,200,no_data
2026-09-24 12:18:23,/history,BSE:SENSEX26SEP69700CE,1,2026-06-16,2026-09-24,1,1,1,200,no_data
2026-09-24 12:18:24,/history,BSE:SENSEX26SEP69700PE,1,2026-06-16,2026-09-24,1,1,1,200,ok
2026-09-24 12:18:24,/history,BSE:SENSEX26SEP69700CE,60,2026-06-16,2026-09-24,1,1,1,200,no_data
2026-09-24 12:18:26,/history,BSE:SENSEX26SEP69700PE,5,2026-06-16,2026-09-24,1,1,1,200,ok
2026-09-24 12:18:30,/history,BSE:SENSEX26SEP69700PE,5S,2026-07-17,2026-08-16,1,1,1,200,no_data
2026-09-24 12:18:33,/history,BSE:SENSEX26SEP69700CE,D,2026-06-16,2026-09-24,1,1,1,200,no_data
2026-09-24 12:18:34,/history,BSE:SENSEX26SEP69700PE,5S,2026-08-17,2026-09-16,1,1,1,200,no_data
2026-09-24 12:18:34,/history,BSE:SENSEX26SEP69700PE,D,2026-06-16,2026-09-24,1,1,1,200,ok
2026-09-24 12:18:34,/history,BSE:SENSEX26SEP69800CE,5S,2026-06-16,2026-07-16,1,1,1,200,no_data
2026-09-24 12:18:37,/history,BSE:SENSEX26SEP69700CE,5,2026-06-16,2026-09-24,1,1,1,200,no_data
2026-09-24 12:18:39,/history,BSE:SENSEX26SEP69700PE,60,2026-06-16,2026-09-24,1,1,1,200,ok
2026-09-24 12:18:42,/history,BSE:SENSEX26SEP69800PE,5S,2026-06-16,2026-07-16,1,1,1,200,no_data
2026-09-24 12:18:49,/history,BSE:SENSEX26SEP69700PE,5S,2026-09-17,2026-09-24,1,1,1,200,ok
2026-09-24 12:18:49,/history,BSE:SENSEX26SEP69800PE,5S,2026-07-17,2026-08-16,1,1,1,200,no_data
2026-09-24 12:18:50,/history,BSE:SENSEX26SEP69800CE,1,2026-06-16,2026-09-24,1,1,1,200,no_data
2026-09-24 12:18:50,/history,BSE:SENSEX26SEP69800CE,5,2026-06-16,2026-09-24,1,1,1,200,no_data
2026-09-24 12:18:50,/history,BSE:SENSEX26SEP69700CE,5S,2026-08-17,2026-09-16,1,1,1,200,no_data
2026-09-24 12:18:51,/history,BSE:SENSEX26SEP69800CE,5S,2026-07-17,2026-08-16,1,1,1,200,no_data
2026-09-24 12:18:51,/history,BSE:SENSEX26SEP69800PE,5S,2026-08-17,2026-09-16,1,1,1,200,no_data
2026-09-24 12:18:51,/history,BSE:SENSEX26SEP69700CE,5S,2026-09-17,2026-09-24,1,1,1,200,no_data
2026-09-24 12:18:51,/history,BSE:SENSEX26SEP69800CE,5S,2026-08-17,2026-09-16,1,1,1,200,no_data
2026-09-24 12:18:51,/history,BSE:SENSEX26SEP69800CE,60,2026-06-16,2026-09-24,1,1,1,200,no_data
2026-09-24 12:18:52,/history,BSE:SENSEX26SEP69800CE,5S,2026-09-17,2026-09-24,1,1,1,200,no_data
2026-09-24 12:18:52,/history,BSE:SENSEX26SEP69800PE,5,2026-06-16,2026-09-24,1,1,1,200,ok
2026-09-24 12:18:52,/history,BSE:SENSEX26SEP69800PE,1,2026-06-16,2026-09-24,1,1,1,200,ok
2026-09-24 12:18:52,/history,BSE:SENSEX26SEP69800PE,60,2026-06-16,2026-09-24,1,1,1,200,ok
2026-09-24 12:18:52,/history,BSE:SENSEX26SEP69800CE,D,2026-06-16,2026-09-24,1,1,1,200,no_data
2026-09-24 12:18:52,/history,BSE:SENSEX26SEP69800PE,D,2026-06-16,2026-09-24,1,1,1,200,ok
2026-09-24 12:18:52,/history,BSE:SENSEX26SEP69900CE,5S,2026-06-16,2026-07-16,1,1,1,200,no_data
2026-09-24 12:18:52,/history,BSE:SENSEX26SEP69800PE,5S,2026-09-17,2026-09-24,1,1,1,200,ok
2026-09-24 12:18:52,/history,BSE:SENSEX26SEP69900PE,5S,2026-06-16,2026-07-16,1,1,1,200,no_data
2026-09-24 12:18:53,/history,BSE:SENSEX26SEP69900CE,1,2026-06-16,2026-09-24,1,1,1,200,no_data
2026-09-24 12:18:53,/history,BSE:SENSEX26SEP69900CE,5S,2026-07-17,2026-08-16,1,1,1,200,no_data
2026-09-24 12:18:53,/history,BSE:SENSEX26SEP69900PE,1,2026-06-16,2026-09-24,1,1,1,200,ok
2026-09-24 12:18:53,/history,BSE:SENSEX26SEP69900PE,5S,2026-07-17,2026-08-16,1,1,1,200,no_data
2026-09-24 12:18:53,/history,BSE:SENSEX26SEP69900CE,5,2026-06-16,2026-09-24,1,1,1,200,no_data
2026-09-24 12:18:53,/history,BSE:SENSEX26SEP69900CE,5S,2026-08-17,2026-09-16,1,1,1,200,no_data
2026-09-24 12:18:53,/history,BSE:SENSEX26SEP69900PE,5,2026-06-16,2026-09-24,1,1,1,200,ok
2026-09-24 12:18:53,/history,BSE:SENSEX26SEP69900PE,5S,2026-08-17,2026-09-16,1,1,1,200,no_data
2026-09-24 12:18:53,/history,BSE:SENSEX26SEP69900PE,60,2026-06-16,2026-09-24,1,1,1,200,ok
2026-09-24 12:18:54,/history,BSE:SENSEX26SEP69900CE,D,2026-06-16,2026-09-24,1,1,1,200,no_data
2026-09-24 12:18:54,/history,BSE:SENSEX26SEP69900CE,60,2026-06-16,2026-09-24,1,1,1,200,no_data
2026-09-24 12:18:54,/history,BSE:SENSEX26SEP69900PE,5S,2026-09-17,2026-09-24,1,1,1,200,ok
2026-09-24 12:18:54,/history,BSE:SENSEX26SEP70000CE,5S,2026-06-16,2026-07-16,1,1,1,200,no_data
2026-09-24 12:18:54,/history,BSE:SENSEX26SEP69900CE,5S,2026-09-17,2026-09-24,1,1,1,200,no_data
2026-09-24 12:18:54,/history,BSE:SENSEX26SEP69900PE,D,2026-06-16,2026-09-24,1,1,1,200,ok
2026-09-24 12:18:54,/history,BSE:SENSEX26SEP70000PE,5S,2026-06-16,2026-07-16,1,1,1,200,no_data
2026-09-24 12:18:54,/history,BSE:SENSEX26SEP70000CE,5S,2026-07-17,2026-08-16,1,1,1,200,no_data
2026-09-24 12:18:54,/history,BSE:SENSEX26SEP70000CE,1,2026-06-16,2026-09-24,1,1,1,200,ok
2026-09-24 12:18:55,/history,BSE:SENSEX26SEP70000PE,5S,2026-07-17,2026-08-16,1,1,1,200,no_data
2026-09-24 12:18:55,/history,BSE:SENSEX26SEP70000PE,1,2026-06-16,2026-09-24,1,1,1,200,ok
2026-09-24 12:18:55,/history,BSE:SENSEX26SEP70000CE,5S,2026-08-17,2026-09-16,1,1,1,200,ok
2026-09-24 12:18:55,/history,BSE:SENSEX26SEP70000CE,60,2026-06-16,2026-09-24,1,1,1,200,ok
2026-09-24 12:18:55,/history,BSE:SENSEX26SEP70000PE,5,2026-06-16,2026-09-24,1,1,1,200,ok
2026-09-24 12:18:55,/history,BSE:SENSEX26SEP70000CE,5,2026-06-16,2026-09-24,1,1,1,200,ok
2026-09-24 12:18:55,/history,BSE:SENSEX26SEP70000PE,60,2026-06-16,2026-09-24,1,1,1,200,ok
2026-09-24 12:18:55,/history,BSE:SENSEX26SEP70000CE,D,2026-06-16,2026-09-24,1,1,1,200,ok
2026-09-24 12:18:56,/history,BSE:SENSEX26SEP70000PE,D,2026-06-16,2026-09-24,1,1,1,200,ok
2026-09-24 12:18:56,/history,BSE:SENSEX26SEP70100CE,5S,2026-06-16,2026-07-16,1,1,1,200,no_data
2026-09-24 12:18:56,/history,BSE:SENSEX26SEP70000PE,5S,2026-08-17,2026-09-16,1,1,1,200,ok
2026-09-24 12:18:56,/history,BSE:SENSEX26SEP70000CE,5S,2026-09-17,2026-09-24,1,1,1,200,ok
2026-09-24 12:18:56,/history,BSE:SENSEX26SEP70100CE,5S,2026-07-17,2026-08-16,1,1,1,200,no_data
2026-09-24 12:18:56,/history,BSE:SENSEX26SEP70100CE,1,2026-06-16,2026-09-24,1,1,1,200,no_data
2026-09-24 12:18:56,/history,BSE:SENSEX26SEP70100PE,5S,2026-06-16,2026-07-16,1,1,1,200,no_data
2026-09-24 12:18:56,/history,BSE:SENSEX26SEP70100CE,5S,2026-08-17,2026-09-16,1,1,1,200,no_data
2026-09-24 12:18:57,/history,BSE:SENSEX26SEP70100PE,1,2026-06-16,2026-09-24,1,1,1,200,ok
2026-09-24 12:18:57,/history,B2026-09-24 12:18:57,/history,BSE:SENSEX26SEP70100PE,5S,2026-07-17,2026-08-16,1,1,1,200,no_data
2026-09-24 12:18:57,/history,BSE:SENSEX26SEP70100CE,5,2026-06-16,2026-09-24,1,1,1,200,no_data
2026-09-24 12:18:57,/history,BSE:SENSEX26SEP70000PE,5S,2026-09-17,2026-09-24,1,1,1,200,ok
2026-09-24 12:18:57,/history,BSE:SENSEX26SEP70100CE,60,2026-06-16,2026-09-24,1,1,1,200,no_data
2026-09-24 12:18:57,/history,BSE:SENSEX26SEP70100PE,5,2026-06-16,2026-09-24,1,1,1,200,ok
2026-09-24 12:18:57,/history,BSE:SENSEX26SEP70100PE,5S,2026-08-17,2026-09-16,1,1,1,200,no_data
2026-09-24 12:18:57,/history,BSE:SENSEX26SEP70100PE,60,2026-06-16,2026-09-24,1,1,1,200,ok
2026-09-24 12:18:58,/history,BSE:SENSEX26SEP70100PE,D,2026-06-16,2026-09-24,1,1,1,200,ok
2026-09-24 12:18:58,/history,BSE:SENSEX26SEP70100CE,D,2026-06-16,2026-09-24,1,1,1,200,no_data
2026-09-24 12:18:58,/history,BSE:SENSEX26SEP70200CE,5S,2026-06-16,2026-07-16,1,1,1,200,no_data
2026-09-24 12:18:58,/history,BSE:SENSEX26SEP70200PE,5S,2026-06-16,2026-07-16,1,1,1,200,no_data
2026-09-24 12:18:58,/history,BSE:SENSEX26SEP70200CE,1,2026-06-16,2026-09-24,1,1,1,200,no_data
2026-09-24 12:18:58,/history,BSE:SENSEX26SEP70200PE,5S,2026-07-17,2026-08-16,1,1,1,200,no_data
2026-09-24 12:18:58,/history,BSE:SENSEX26SEP70200CE,5,2026-06-16,2026-09-24,1,1,1,200,no_data
2026-09-24 12:18:58,/history,BSE:SENSEX26SEP70200PE,1,2026-06-16,2026-09-24,1,1,1,200,ok
2026-09-24 12:18:58,/history,BSE:SENSEX26SEP70200CE,5S,2026-07-17,2026-08-16,1,1,1,200,no_data
2026-09-24 12:18:59,/history,BSE:SENSEX26SEP70200PE,5S,2026-08-17,2026-09-16,1,1,1,200,no_data
2026-09-24 12:18:59,/history,BSE:SENSEX26SEP70200CE,5S,2026-08-17,2026-09-16,1,1,1,200,no_data
2026-09-24 12:18:59,/history,BSE:SENSEX26SEP70200PE,5,2026-06-16,2026-09-24,1,1,1,200,ok
2026-09-24 12:18:59,/history,BSE:SENSEX26SEP70100PE,5S,2026-09-17,2026-09-24,1,1,1,200,ok
2026-09-24 12:18:59,/history,BSE:SENSEX26SEP70200CE,5S,2026-09-17,2026-09-24,1,1,1,200,no_data
2026-09-24 12:18:59,/history,BSE:SENSEX26SEP70200CE,60,2026-06-16,2026-09-24,1,1,1,200,no_data
2026-09-24 12:18:59,/history,BSE:SENSEX26SEP70200PE,5S,2026-09-17,2026-09-24,1,1,1,200,ok
2026-09-24 12:19:00,/history,BSE:SENSEX26SEP70200PE,60,2026-06-16,2026-09-24,1,1,1,200,ok
2026-09-24 12:19:00,/history,BSE:SENSEX26SEP70200CE,D,2026-06-16,2026-09-24,1,1,1,200,no_data
2026-09-24 12:19:00,/history,BSE:SENSEX26SEP70200PE,D,2026-06-16,2026-09-24,1,1,1,200,ok
2026-09-24 12:19:00,/history,BSE:SENSEX26SEP70300CE,5S,2026-06-16,2026-07-16,1,1,1,200,no_data
2026-09-24 12:19:00,/history,BSE:SENSEX26SEP70300CE,1,2026-06-16,2026-09-24,1,1,1,200,no_data
2026-09-24 12:19:00,/history,BSE:SENSEX26SEP70300PE,5S,2026-06-16,2026-07-16,1,1,1,200,no_data
2026-09-24 12:19:00,/history,BSE:SENSEX26SEP70300PE,1,2026-06-16,2026-09-24,1,1,1,200,ok
2026-09-24 12:19:00,/history,BSE:SENSEX26SEP70300CE,5,2026-06-16,2026-09-24,1,1,1,200,no_data
2026-09-24 12:19:00,/history,BSE:SENSEX26SEP70300CE,5S,2026-07-17,2026-08-16,1,1,1,200,no_data
2026-09-24 12:19:00,/history,BSE:SENSEX26SEP70300CE,60,2026-06-16,2026-09-24,1,1,1,200,no_data
2026-09-24 12:19:01,/history,BSE:SENSEX26SEP70300PE,5,2026-06-16,2026-09-24,1,1,1,200,ok
2026-09-24 12:19:01,/history,BSE:SENSEX26SEP70300PE,60,2026-06-16,2026-09-24,1,1,1,200,ok
2026-09-24 12:19:01,/history,BSE:SENSEX26SEP70300CE,5S,2026-08-17,2026-09-16,1,1,1,200,no_data
2026-09-24 12:19:01,/history,BSE:SENSEX26SEP70300PE,5S,2026-07-17,2026-08-16,1,1,1,200,no_data
2026-09-24 12:19:01,/history,BSE:SENSEX26SEP70300PE,D,2026-06-16,2026-09-24,1,1,1,200,ok
2026-09-24 12:19:01,/history,BSE:SENSEX26SEP70400CE,5S,2026-06-16,2026-07-16,1,1,1,200,no_data
2026-09-24 12:19:01,/history,BSE:SENSEX26SEP70300CE,D,2026-06-16,2026-09-24,1,1,1,200,no_data
2026-09-24 12:19:01,/history,BSE:SENSEX26SEP70300CE,5S,2026-09-17,2026-09-24,1,1,1,200,no_data
2026-09-24 12:19:01,/history,BSE:SENSEX26SEP70300PE,5S,2026-08-17,2026-09-16,1,1,1,200,no_data
2026-09-24 12:19:02,/history,BSE:SENSEX26SEP70400PE,5S,2026-06-16,2026-07-16,1,1,1,200,no_data
2026-09-24 12:19:02,/history,BSE:SENSEX26SEP70400CE,5S,2026-07-17,2026-08-16,1,1,1,200,no_data
2026-09-24 12:19:02,/history,BSE:SENSEX26SEP70400CE,1,2026-06-16,2026-09-24,1,1,1,200,no_data
2026-09-24 12:19:02,/history,BSE:SENSEX26SEP70400PE,5S,2026-07-17,2026-08-16,1,1,1,200,no_data
2026-09-24 12:19:02,/history,BSE:SENSEX26SEP70400CE,5S,2026-08-17,2026-09-16,1,1,1,200,no_data
2026-09-24 12:19:02,/history,BSE:SENSEX26SEP70400PE,5S,2026-08-17,2026-09-16,1,1,1,200,no_data
2026-09-24 12:19:02,/history,BSE:SENSEX26SEP70400PE,1,2026-06-16,2026-09-24,1,1,1,200,ok
2026-09-24 12:19:03,/history,BSE:SENSEX26SEP70300PE,5S,2026-09-17,2026-09-24,1,1,1,200,ok
2026-09-24 12:19:03,/history,BSE:SENSEX26SEP70400CE,5,2026-06-16,2026-09-24,1,1,1,200,no_data
2026-09-24 12:19:03,/history,BSE:SENSEX26SEP70400CE,5S,2026-09-17,2026-09-24,1,1,1,200,no_data
2026-09-24 12:19:03,/history,BSE:SENSEX26SEP70400PE,5,2026-06-16,2026-09-24,1,1,1,200,ok
2026-09-24 12:19:03,/history,BSE:SENSEX26SEP70400CE,60,2026-06-16,2026-09-24,1,1,1,200,no_data
2026-09-24 12:19:03,/history,BSE:SENSEX26SEP70400PE,60,2026-06-16,2026-09-24,1,1,1,200,ok
2026-09-24 12:19:03,/history,BSE:SENSEX26SEP70400CE,D,2026-06-16,2026-09-24,1,1,1,200,no_data
2026-09-24 12:19:03,/history,BSE:SENSEX26SEP70400PE,5S,2026-09-17,2026-09-24,1,1,1,200,ok
2026-09-24 12:19:03,/history,BSE:SENSEX26SEP70400PE,D,2026-06-16,2026-09-24,1,1,1,200,ok
2026-09-24 12:19:03,/history,BSE:SENSEX26SEP70500CE,5S,2026-06-16,2026-07-16,1,1,1,200,no_data
2026-09-24 12:19:04,/history,BSE:SENSEX26SEP70500CE,1,2026-06-16,2026-09-24,1,1,1,200,no_data
2026-09-24 12:19:04,/history,BSE:SENSEX26SEP70500PE,5S,2026-06-16,2026-07-16,1,1,1,200,no_data
2026-09-24 12:19:04,/history,BSE:SENSEX26SEP70500CE,5S,2026-07-17,2026-08-16,1,1,1,200,no_data
2026-09-24 12:19:04,/history,BSE:SENSEX26SEP70500PE,1,2026-06-16,2026-09-24,1,1,1,200,ok
2026-09-24 12:19:04,/history,BSE:SENSEX26SEP70500CE,5,2026-06-16,2026-09-24,1,1,1,200,no_data
2026-09-24 12:19:04,/history,BSE:SENSEX26SEP70500PE,5S,2026-07-17,2026-08-16,1,1,1,200,no_data
2026-09-24 12:19:04,/history,BSE:SENSEX26SEP70500PE,5,2026-06-16,2026-09-24,1,1,1,200,ok
2026-09-24 12:19:04,/history,BSE:SENSEX26SEP70500PE,60,2026-06-16,2026-09-24,1,1,1,200,ok
2026-09-24 12:19:04,/history,BSE:SENSEX26SEP70500CE,5S,2026-08-17,2026-09-16,1,1,1,200,no_data
2026-09-24 12:19:05,/history,BSE:SENSEX26SEP70500CE,D,2026-06-16,2026-09-24,1,1,1,200,no_data
2026-09-24 12:19:05,/history,BSE:SENSEX26SEP70500CE,60,2026-06-16,2026-09-24,1,1,1,200,no_data
2026-09-24 12:19:05,/history,BSE:SENSEX26SEP70500PE,D,2026-06-16,2026-09-24,1,1,1,200,ok
2026-09-24 12:19:05,/history,BSE:SENSEX26SEP70500PE,5S,2026-08-17,2026-09-16,1,1,1,200,no_data
2026-09-24 12:19:05,/history,BSE:SENSEX26SEP70600CE,1,2026-06-16,2026-09-24,1,1,1,200,no_data
2026-09-24 12:19:05,/history,BSE:SENSEX26SEP70600CE,5S,2026-06-16,2026-07-16,1,1,1,200,no_data
2026-09-24 12:19:05,/history,BSE:SENSEX26SEP70500CE,5S,2026-09-17,2026-09-24,1,1,1,200,no_data
2026-09-24 12:19:06,/history,BSE:SENSEX26SEP70600PE,5S,2026-06-16,2026-07-16,1,1,1,200,no_data
2026-09-24 12:19:06,/history,BSE:SENSEX26SEP70600CE,5,2026-06-16,2026-09-24,1,1,1,200,no_data
2026-09-24 12:19:06,/history,BSE:SENSEX26SEP70600CE,5S,2026-07-17,2026-08-16,1,1,1,200,no_data
2026-09-24 12:19:06,/history,BSE:SENSEX26SEP70600PE,1,2026-06-16,2026-09-24,1,1,1,200,ok
2026-09-24 12:19:06,/history,BSE:SENSEX26SEP70600PE,5,2026-06-16,2026-09-24,1,1,1,200,ok
2026-09-24 12:19:06,/history,BSE:SENSEX26SEP70600CE,5S,2026-08-17,2026-09-16,1,1,1,200,no_data
2026-09-24 12:19:06,/history,BSE:SENSEX26SEP70600PE,5S,2026-07-17,2026-08-16,1,1,1,200,no_data
2026-09-24 12:19:06,/history,BSE:SENSEX26SEP70500PE,5S,2026-09-17,2026-09-24,1,1,1,200,ok
2026-09-24 12:19:06,/history,BSE:SENSEX26SEP70600CE,60,2026-06-16,2026-09-24,1,1,1,200,no_data
2026-09-24 12:19:07,/history,BSE:SENSEX26SEP70600PE,60,2026-06-16,2026-09-24,1,1,1,200,ok
2026-09-24 12:19:07,/history,BSE:SENSEX26SEP70600CE,5S,2026-09-17,2026-09-24,1,1,1,200,no_data
2026-09-24 12:19:07,/history,BSE:SENSEX26SEP70600PE,5S,2026-08-17,2026-09-16,1,1,1,200,no_data
2026-09-24 12:19:07,/history,BSE:SENSEX26SEP70600CE,D,2026-06-16,2026-09-24,1,1,1,200,no_data
2026-09-24 12:19:07,/history,BSE:SENSEX26SEP70600PE,D,2026-06-16,2026-09-24,1,1,1,200,ok
2026-09-24 12:19:07,/history,BSE:SENSEX26SEP70700CE,5S,2026-06-16,2026-07-16,1,1,1,200,no_data
2026-09-24 12:19:07,/history,BSE:SENSEX26SEP70700PE,5S,2026-06-16,2026-07-16,1,1,1,200,no_data
2026-09-24 12:19:07,/history,BSE:SENSEX26SEP70700CE,1,2026-06-16,2026-09-24,1,1,1,200,no_data
2026-09-24 12:19:08,/history,BSE:SENSEX26SEP70700PE,5S,2026-07-17,2026-08-16,1,1,1,200,no_data
2026-09-24 12:19:08,/history,BSE:SENSEX26SEP70700CE,5S,2026-07-17,2026-08-16,1,1,1,200,no_data
2026-09-24 12:19:08,/history,BSE:SENSEX26SEP70600PE,5S,2026-09-17,2026-09-24,1,1,1,200,ok
2026-09-24 12:19:08,/history,BSE:SENSEX26SEP70700PE,1,2026-06-16,2026-09-24,1,1,1,200,ok
2026-09-24 12:19:08,/history,BSE:SENSEX26SEP70700CE,5,2026-06-16,2026-09-24,1,1,1,200,no_data
2026-09-24 12:19:08,/history,BSE:SENSEX26SEP70700PE,5S,2026-08-17,2026-09-16,1,1,1,200,no_data
2026-09-24 12:19:08,/history,BSE:SENSEX26SEP70700CE,5S,2026-08-17,2026-09-16,1,1,1,200,no_data
2026-09-24 12:19:08,/history,BSE:SENSEX26SEP70700PE,60,2026-06-16,2026-09-24,1,1,1,200,ok
2026-09-24 12:19:08,/history,BSE:SENSEX26SEP70700CE,5S,2026-09-17,2026-09-24,1,1,1,200,no_data
2026-09-24 12:19:09,/history,BSE:SENSEX26SEP70700CE,60,2026-06-16,2026-09-24,1,1,1,200,no_data
2026-09-24 12:19:09,/history,BSE:SENSEX26SEP70700CE,D,2026-06-16,2026-09-24,1,1,1,200,no_data
2026-09-24 12:19:09,/history,BSE:SENSEX26SEP70700PE,5,2026-06-16,2026-09-24,1,1,1,200,ok
2026-09-24 12:19:09,/history,BSE:SENSEX26SEP70700PE,5S,2026-09-17,2026-09-24,1,1,1,200,ok
2026-09-24 12:19:09,/history,BSE:SENSEX26SEP70800CE,5S,2026-06-16,2026-07-16,1,1,1,200,no_data
2026-09-24 12:19:09,/history,BSE:SENSEX26SEP70700PE,D,2026-06-16,2026-09-24,1,1,1,200,ok
2026-09-24 12:19:09,/history,BSE:SENSEX26SEP70800PE,5S,2026-06-16,2026-07-16,1,1,1,200,no_data
2026-09-24 12:19:09,/history,BSE:SENSEX26SEP70800CE,1,2026-06-16,2026-09-24,1,1,1,200,ok
2026-09-24 12:19:09,/history,BSE:SENSEX26SEP70800CE,5S,2026-07-17,2026-08-16,1,1,1,200,no_data
2026-09-24 12:19:10,/history,BSE:SENSEX26SEP70800PE,5S,2026-07-17,2026-08-16,1,1,1,200,no_data
2026-09-24 12:19:10,/history,BSE:SENSEX26SEP70800PE,1,2026-06-16,2026-09-24,1,1,1,200,ok
2026-09-24 12:19:10,/history,BSE:SENSEX26SEP70800CE,5,2026-06-16,2026-09-24,1,1,1,200,ok
2026-09-24 12:19:10,/history,BSE:SENSEX26SEP70800PE,5,2026-06-16,2026-09-24,1,1,1,200,ok
2026-09-24 12:19:10,/history,BSE:SENSEX26SEP70800CE,5S,2026-08-17,2026-09-16,1,1,1,200,no_data
2026-09-24 12:19:10,/history,BSE:SENSEX26SEP70800CE,60,2026-06-16,2026-09-24,1,1,1,200,ok
2026-09-24 12:19:10,/history,BSE:SENSEX26SEP70800PE,5S,2026-08-17,2026-09-16,1,1,1,200,no_data
2026-09-24 12:19:10,/history,BSE:SENSEX26SEP70800PE,D,2026-06-16,2026-09-24,1,1,1,200,ok
2026-09-24 12:19:10,/history,BSE:SENSEX26SEP70800CE,D,2026-06-16,2026-09-24,1,1,1,200,no_data
2026-09-24 12:19:11,/history,BSE:SENSEX26SEP70800PE,60,2026-06-16,2026-09-24,1,1,1,200,ok
2026-09-24 12:19:11,/history,BSE:SENSEX26SEP70900CE,5S,2026-06-16,2026-07-16,1,1,1,200,no_data
2026-09-24 12:19:11,/history,BSE:SENSEX26SEP70800CE,5S,2026-09-17,2026-09-24,1,1,1,200,ok
2026-09-24 12:19:11,/history,BSE:SENSEX26SEP70900PE,5S,2026-06-16,2026-07-16,1,1,1,200,no_data
2026-09-24 12:19:11,/history,BSE:SENSEX26SEP70900CE,1,2026-06-16,2026-09-24,1,1,1,200,no_data
2026-09-24 12:19:11,/history,BSE:SENSEX26SEP70900CE,5S,2026-07-17,2026-08-16,1,1,1,200,no_data
2026-09-24 12:19:11,/history,BSE:SENSEX26SEP70800PE,5S,2026-09-17,2026-09-24,1,1,1,200,ok
2026-09-24 12:19:12,/history,BSE:SENSEX26SEP70900PE,5S,2026-07-17,2026-08-16,1,1,1,200,no_data
2026-09-24 12:19:12,/history,BSE:SENSEX26SEP70900PE,1,2026-06-16,2026-09-24,1,1,1,200,ok
2026-09-24 12:19:23,/history,BSE:SENSEX26SEP70900CE,60,2026-06-16,2026-09-24,1,1,1,200,no_data
2026-09-24 12:19:24,/history,BSE:SENSEX26SEP70900PE,5S,2026-08-17,2026-09-16,1,1,1,200,no_data
2026-09-24 12:19:24,/history,BSE:SENSEX26SEP70900PE,60,2026-06-16,2026-09-24,1,1,1,200,ok
2026-09-24 12:19:27,/history,BSE:SENSEX26SEP70900CE,5,2026-06-16,2026-09-24,1,1,1,200,no_data
2026-09-24 12:19:31,/history,BSE:SENSEX26SEP70900CE,5S,2026-08-17,2026-09-16,1,1,1,200,no_data
2026-09-24 12:19:33,/history,BSE:SENSEX26SEP70900PE,D,2026-06-16,2026-09-24,1,1,1,200,ok
2026-09-24 12:19:34,/history,BSE:SENSEX26SEP70900PE,5,2026-06-16,2026-09-24,1,1,1,200,ok
2026-09-24 12:19:34,/history,BSE:SENSEX26SEP71000CE,5S,2026-06-16,2026-07-16,1,1,1,200,no_data
2026-09-24 12:19:34,/history,BSE:SENSEX26SEP71000CE,5S,2026-07-17,2026-08-16,1,1,1,200,no_data
2026-09-24 12:19:37,/history,BSE:SENSEX26SEP70900CE,5S,2026-09-17,2026-09-24,1,1,1,200,no_data
2026-09-24 12:19:40,/history,BSE:SENSEX26SEP70900CE,D,2026-06-16,2026-09-24,1,1,1,200,no_data
2026-09-24 12:19:42,/history,BSE:SENSEX26SEP71000PE,5S,2026-06-16,2026-07-16,1,1,1,200,no_data
2026-09-24 12:19:49,/history,BSE:SENSEX26SEP70900PE,5S,2026-09-17,2026-09-24,1,1,1,200,ok
2026-09-24 12:19:50,/history,BSE:SENSEX26SEP71000PE,5S,2026-07-17,2026-08-16,1,1,1,200,no_data
2026-09-24 12:19:50,/history,BSE:SENSEX26SEP71000PE,5S,2026-08-17,2026-09-16,1,1,1,200,ok
2026-09-24 12:19:50,/history,BSE:SENSEX26SEP71000CE,5,2026-06-16,2026-09-24,1,1,1,200,ok
2026-09-24 12:19:51,/history,BSE:SENSEX26SEP71000CE,5S,2026-08-17,2026-09-16,1,1,1,200,ok
2026-09-24 12:19:51,/history,BSE:SENSEX26SEP71000PE,1,2026-06-16,2026-09-24,1,1,1,200,ok
2026-09-24 12:19:51,/history,BSE:SENSEX26SEP71000CE,5S,2026-09-17,2026-09-24,1,1,1,200,ok
2026-09-24 12:19:51,/history,BSE:SENSEX26SEP71000CE,1,2026-06-16,2026-09-24,1,1,1,200,ok
2026-09-24 12:19:51,/history,BSE:SENSEX26SEP71000CE,60,2026-06-16,2026-09-24,1,1,1,200,ok
2026-09-24 12:19:51,/history,BSE:SENSEX26SEP71000PE,5,2026-06-16,2026-09-24,1,1,1,200,ok
2026-09-24 12:19:52,/history,BSE:SENSEX26SEP71000PE,60,2026-06-16,2026-09-24,1,1,1,200,ok
2026-09-24 12:19:52,/history,BSE:SENSEX26SEP71000CE,D,2026-06-16,2026-09-24,1,1,1,200,ok
2026-09-24 12:19:52,/history,BSE:SENSEX26SEP71100CE,5S,2026-06-16,2026-07-16,1,1,1,200,no_data
2026-09-24 12:19:52,/history,BSE:SENSEX26SEP71000PE,5S,2026-09-17,2026-09-24,1,1,1,200,ok
2026-09-24 12:19:52,/history,BSE:SENSEX26SEP71100CE,1,2026-06-16,2026-09-24,1,1,1,200,no_data
2026-09-24 12:19:52,/history,BSE:SENSEX26SEP71000PE,D,2026-06-16,2026-09-24,1,1,1,200,ok
2026-09-24 12:19:52,/history,BSE:SENSEX26SEP71100CE,5S,2026-07-17,2026-08-16,1,1,1,200,no_data
2026-09-24 12:19:52,/history,BSE:SENSEX26SEP71100PE,5S,2026-06-16,2026-07-16,1,1,1,200,no_data
2026-09-24 12:19:53,/history,BSE:SENSEX26SEP71100CE,5,2026-06-16,2026-09-24,1,1,1,200,no_data
2026-09-24 12:19:53,/history,BSE:SENSEX26SEP71100PE,1,2026-06-16,2026-09-24,1,1,1,200,ok
2026-09-24 12:19:53,/history,BSE:SENSEX26SEP71100CE,5S,2026-08-17,2026-09-16,1,1,1,200,no_data
2026-09-24 12:19:53,/history,BSE:SENSEX26SEP71100PE,5S,2026-07-17,2026-08-16,1,1,1,200,no_data
2026-09-24 12:19:53,/history,BSE:SENSEX26SEP71100PE,5S,2026-08-17,2026-09-16,1,1,1,200,no_data
2026-09-24 12:19:54,/history,BSE:SENSEX26SEP71100PE,5S,2026-09-17,2026-09-24,1,1,1,200,ok
2026-09-24 12:19:54,/history,BSE:SENSEX26SEP71100PE,60,2026-06-16,2026-09-24,1,1,1,200,ok
2026-09-24 12:19:54,/history,BSE:SENSEX26SEP71100PE,5,2026-06-16,2026-09-24,1,1,1,200,ok
2026-09-24 12:19:54,/history,BSE:SENSEX26SEP71100CE,60,2026-06-16,2026-09-24,1,1,1,200,no_data
2026-09-24 12:19:54,/history,BSE:SENSEX26SEP71100CE,5S,2026-09-17,2026-09-24,1,1,1,200,no_data
2026-09-24 12:19:54,/history,BSE:SENSEX26SEP71100CE,D,2026-06-16,2026-09-24,1,1,1,200,no_data
2026-09-24 12:19:54,/history,BSE:SENSEX26SEP71100PE,D,2026-06-16,2026-09-24,1,1,1,200,ok
2026-09-24 12:19:54,/history,BSE:SENSEX26SEP71200CE,5S,2026-06-16,2026-07-16,1,1,1,200,no_data
2026-09-24 12:19:54,/history,BSE:SENSEX26SEP71200CE,1,2026-06-16,2026-09-24,1,1,1,200,no_data
2026-09-24 12:19:54,/history,BSE:SENSEX26SEP71200PE,5S,2026-06-16,2026-07-16,1,1,1,200,no_data
2026-09-24 12:19:55,/history,BSE:SENSEX26SEP71200PE,5,2026-06-16,2026-09-24,1,1,1,200,ok
2026-09-24 12:19:55,/history,BSE:SENSEX26SEP71200PE,5S,2026-07-17,2026-08-16,1,1,1,200,no_data
2026-09-24 12:19:55,/history,BSE:SENSEX26SEP71200PE,1,2026-06-16,2026-09-24,1,1,1,200,ok
2026-09-24 12:19:55,/history,BSE:SENSEX26SEP71200CE,5,2026-06-16,2026-09-24,1,1,1,200,no_data
2026-09-24 12:19:55,/history,BSE:SENSEX26SEP71200CE,60,2026-06-16,2026-09-24,1,1,1,200,no_data
2026-09-24 12:19:55,/history,BSE:SENSEX26SEP71200CE,5S,2026-07-17,2026-08-16,1,1,1,200,no_data
2026-09-24 12:19:55,/history,BSE:SENSEX26SEP71200PE,60,2026-06-16,2026-09-24,1,1,1,200,ok
2026-09-24 12:19:55,/history,BSE:SENSEX26SEP71200CE,D,2026-06-16,2026-09-24,1,1,1,200,no_data
2026-09-24 12:19:55,/history,BSE:SENSEX26SEP71200PE,5S,2026-08-17,2026-09-16,1,1,1,200,no_data
2026-09-24 12:19:56,/history,BSE:SENSEX26SEP71200CE,5S,2026-08-17,2026-09-16,1,1,1,200,no_data
2026-09-24 12:19:56,/history,BSE:SENSEX26SEP71200PE,D,2026-06-16,2026-09-24,1,1,1,200,ok
2026-09-24 12:19:56,/history,BSE:SENSEX26SEP71300CE,5S,2026-06-16,2026-07-16,1,1,1,200,no_data
2026-09-24 12:19:56,/history,BSE:SENSEX26SEP71300CE,1,2026-06-16,2026-09-24,1,1,1,200,no_data
2026-09-24 12:19:56,/history,BSE:SENSEX26SEP71300PE,5S,2026-06-16,2026-07-16,1,1,1,200,no_data
2026-09-24 12:19:56,/history,BSE:SENSEX26SEP71300CE,5S,2026-07-17,2026-08-16,1,1,1,200,no_data
2026-09-24 12:19:56,/history,BSE:SENSEX26SEP71200CE,5S,2026-09-17,2026-09-24,1,1,1,200,no_data
2026-09-24 12:19:57,/history,BSE:SENSEX26SEP71300PE,1,2026-06-16,2026-09-24,1,1,1,200,ok
2026-09-24 12:19:57,/history,BSE:SENSEX26SEP71300CE,5,2026-06-16,2026-09-24,1,1,1,200,no_data
2026-09-24 12:19:57,/history,BSE:SENSEX26SEP71200PE,5S,2026-09-17,2026-09-24,1,1,1,200,ok
2026-09-24 12:19:57,/history,BSE:SENSEX26SEP71300CE,5S,2026-08-17,2026-09-16,1,1,1,200,no_data
2026-09-24 12:19:57,/history,BSE:SENSEX26SEP71300PE,5S,2026-07-17,2026-08-16,1,1,1,200,no_data
2026-09-24 12:19:57,/history,BSE:SENSEX26SEP71300PE,5,2026-06-16,2026-09-24,1,1,1,200,ok
2026-09-24 12:19:57,/history,BSE:SENSEX26SEP71300CE,5S,2026-09-17,2026-09-24,1,1,1,200,no_data
2026-09-24 12:19:57,/history,BSE:SENSEX26SEP71300CE,60,2026-06-16,2026-09-24,1,1,1,200,no_data
2026-09-24 12:19:58,/history,BSE:SENSEX26SEP71300PE,5S,2026-08-17,2026-09-16,1,1,1,200,ok
2026-09-24 12:19:58,/history,BSE:SENSEX26SEP71300PE,60,2026-06-16,2026-09-24,1,1,1,200,ok
2026-09-24 12:19:58,/history,BSE:SENSEX26SEP71300CE,D,2026-06-16,2026-09-24,1,1,1,200,no_data
2026-09-24 12:19:58,/history,BSE:SENSEX26SEP71400PE,5S,2026-06-16,2026-07-16,1,1,1,200,no_data
2026-09-24 12:19:58,/history,BSE:SENSEX26SEP71400CE,5S,2026-06-16,2026-07-16,1,1,1,200,no_data
2026-09-24 12:19:58,/history,BSE:SENSEX26SEP71300PE,D,2026-06-16,2026-09-24,1,1,1,200,ok
2026-09-24 12:19:58,/history,BSE:SENSEX26SEP71400PE,5S,2026-07-17,2026-08-16,1,1,1,200,no_data
2026-09-24 12:19:59,/history,BSE:SENSEX26SEP71400CE,5S,2026-07-17,2026-08-16,1,1,1,200,no_data
2026-09-24 12:19:59,/history,BSE:SENSEX26SEP71400CE,1,2026-06-16,2026-09-24,1,1,1,200,no_data
2026-09-24 12:19:59,/history,BSE:SENSEX26SEP71400PE,1,2026-06-16,2026-09-24,1,1,1,200,ok
2026-09-24 12:19:59,/history,BSE:SENSEX26SEP71400PE,5S,2026-08-17,2026-09-16,1,1,1,200,ok
2026-09-24 12:19:59,/history,BSE:SENSEX26SEP71400CE,5S,2026-08-17,2026-09-16,1,1,1,200,no_data
2026-09-24 12:19:59,/history,BSE:SENSEX26SEP71300PE,5S,2026-09-17,2026-09-24,1,1,1,200,ok
2026-09-24 12:19:59,/history,BSE:SENSEX26SEP71400CE,5,2026-06-16,2026-09-24,1,1,1,200,no_data
2026-09-24 12:19:59,/history,BSE:SENSEX26SEP71400PE,5,2026-06-16,2026-09-24,1,1,1,200,ok
2026-09-24 12:19:59,/history,BSE:SENSEX26SEP71400CE,5S,2026-09-17,2026-09-24,1,1,1,200,no_data
2026-09-24 12:19:59,/history,BSE:SENSEX26SEP71400CE,60,2026-06-16,2026-09-24,1,1,1,200,no_data
2026-09-24 12:20:00,/history,BSE:SENSEX26SEP71400PE,60,2026-06-16,2026-09-24,1,1,1,200,ok
2026-09-24 12:20:00,/history,BSE:SENSEX26SEP71400CE,D,2026-06-16,2026-09-24,1,1,1,200,no_data
2026-09-24 12:20:00,/history,BSE:SENSEX26SEP71400PE,D,2026-06-16,2026-09-24,1,1,1,200,ok
2026-09-24 12:20:00,/history,BSE:SENSEX26SEP71400PE,5S,2026-09-17,2026-09-24,1,1,1,200,ok
2026-09-24 12:20:00,/history,BSE:SENSEX26SEP71500PE,5S,2026-06-16,2026-07-16,1,1,1,200,no_data
2026-09-24 12:20:00,/history,BSE:SENSEX26SEP71500CE,5S,2026-06-16,2026-07-16,1,1,1,200,no_data
2026-09-24 12:20:00,/history,BSE:SENSEX26SEP71500CE,1,2026-06-16,2026-09-24,1,1,1,200,no_data
2026-09-24 12:20:00,/history,BSE:SENSEX26SEP71500PE,5S,2026-07-17,2026-08-16,1,1,1,200,no_data
2026-09-24 12:20:00,/history,BSE:SENSEX26SEP71500CE,5S,2026-07-17,2026-08-16,1,1,1,200,no_data
2026-09-24 12:20:01,/history,BSE:SENSEX26SEP71500PE,1,2026-06-16,2026-09-24,1,1,1,200,ok
2026-09-24 12:20:01,/history,BSE:SENSEX26SEP71500CE,5,2026-06-16,2026-09-24,1,1,1,200,no_data
2026-09-24 12:20:01,/history,BSE:SENSEX26SEP71500PE,5,2026-06-16,2026-09-24,1,1,1,200,ok
2026-09-24 12:20:01,/history,BSE:SENSEX26SEP71500PE,5S,2026-08-17,2026-09-16,1,1,1,200,ok
2026-09-24 12:20:01,/history,BSE:SENSEX26SEP71500CE,5S,2026-08-17,2026-09-16,1,1,1,200,no_data
2026-09-24 12:20:01,/history,BSE:SENSEX26SEP71500CE,60,2026-06-16,2026-09-24,1,1,1,200,no_data
2026-09-24 12:20:01,/history,BSE:SENSEX26SEP71500CE,D,2026-06-16,2026-09-24,1,1,1,200,no_data
2026-09-24 12:20:01,/history,BSE:SENSEX26SEP71500CE,5S,2026-09-17,2026-09-24,1,1,1,200,no_data
2026-09-24 12:20:01,/history,BSE:SENSEX26SEP71500PE,60,2026-06-16,2026-09-24,1,1,1,200,ok
2026-09-24 12:20:02,/history,BSE:SENSEX26SEP71600CE,5S,2026-06-16,2026-07-16,1,1,1,200,no_data
2026-09-24 12:20:02,/history,BSE:SENSEX26SEP71600PE,5S,2026-06-16,2026-07-16,1,1,1,200,no_data
2026-09-24 12:20:02,/history,BSE:SENSEX26SEP71500PE,D,2026-06-16,2026-09-24,1,1,1,200,ok
2026-09-24 12:20:02,/history,BSE:SENSEX26SEP71500PE,5S,2026-09-17,2026-09-24,1,1,1,200,ok
2026-09-24 12:20:02,/history,BSE:SENSEX26SEP71600CE,5S,2026-07-17,2026-08-16,1,1,1,200,no_data
2026-09-24 12:20:02,/history,BSE:SENSEX26SEP71600PE,5S,2026-07-17,2026-08-16,1,1,1,200,no_data
2026-09-24 12:20:02,/history,BSE:SENSEX26SEP71600PE,1,2026-06-16,2026-09-24,1,1,1,200,ok
2026-09-24 12:20:03,/history,BSE:SENSEX26SEP71600CE,5S,2026-08-17,2026-09-16,1,1,1,200,no_data
2026-09-24 12:20:03,/history,BSE:SENSEX26SEP71600CE,1,2026-06-16,2026-09-24,1,1,1,200,no_data
2026-09-24 12:20:03,/history,BSE:SENSEX26SEP71600PE,5S,2026-08-17,2026-09-16,1,1,1,200,no_data
2026-09-24 12:20:03,/history,BSE:SENSEX26SEP71600CE,5,2026-06-16,2026-09-24,1,1,1,200,no_data
2026-09-24 12:20:03,/history,BSE:SENSEX26SEP71600PE,5,2026-06-16,2026-09-24,1,1,1,200,ok
2026-09-24 12:20:03,/history,BSE:SENSEX26SEP71600CE,5S,2026-09-17,2026-09-24,1,1,1,200,no_data
2026-09-24 12:20:03,/history,BSE:SENSEX26SEP71600PE,60,2026-06-16,2026-09-24,1,1,1,200,ok
2026-09-24 12:20:03,/history,BSE:SENSEX26SEP71600PE,D,2026-06-16,2026-09-24,1,1,1,200,ok
2026-09-24 12:20:03,/history,BSE:SENSEX26SEP71600CE,60,2026-06-16,2026-09-24,1,1,1,200,no_data
2026-09-24 12:20:04,/history,BSE:SENSEX26SEP71700PE,5S,2026-06-16,2026-07-16,1,1,1,200,no_data
2026-09-24 12:20:04,/history,BSE:SENSEX26SEP71600CE,D,2026-06-16,2026-09-24,1,1,1,200,no_data
2026-09-24 12:20:04,/history,BSE:SENSEX26SEP71700CE,1,2026-06-16,2026-09-24,1,1,1,200,no_data
2026-09-24 12:20:04,/history,BSE:SENSEX26SEP71700CE,5S,2026-06-16,2026-07-16,1,1,1,200,no_data
2026-09-24 12:20:04,/history,BSE:SENSEX26SEP71700PE,5S,2026-07-17,2026-08-16,1,1,1,200,no_data
2026-09-24 12:20:04,/history,BSE:SENSEX26SEP71600PE,5S,2026-09-17,2026-09-24,1,1,1,200,ok
2026-09-24 12:20:04,/history,BSE:SENSEX26SEP71700CE,5S,2026-07-17,2026-08-16,1,1,1,200,no_data
2026-09-24 12:20:04,/history,BSE:SENSEX26SEP71700CE,5,2026-06-16,2026-09-24,1,1,1,200,no_data
2026-09-24 12:20:04,/history,BSE:SENSEX26SEP71700PE,1,2026-06-16,2026-09-24,1,1,1,200,ok
2026-09-24 12:20:05,/history,BSE:SENSEX26SEP71700CE,5S,2026-08-17,2026-09-16,1,1,1,200,no_data
2026-09-24 12:20:05,/history,BSE:SENSEX26SEP71700PE,5S,2026-08-17,2026-09-16,1,1,1,200,ok
2026-09-24 12:20:05,/history,BSE:SENSEX26SEP71700PE,5,2026-06-16,2026-09-24,1,1,1,200,ok
2026-09-24 12:20:05,/history,BSE:SENSEX26SEP71700PE,60,2026-06-16,2026-09-24,1,1,1,200,ok
2026-09-24 12:20:05,/history,BSE:SENSEX26SEP71700CE,60,2026-06-16,2026-09-24,1,1,1,200,no_data
2026-09-24 12:20:05,/history,BSE:SENSEX26SEP71700CE,D,2026-06-16,2026-09-24,1,1,1,200,no_data
2026-09-24 12:20:05,/history,BSE:SENSEX26SEP71700PE,D,2026-06-16,2026-09-24,1,1,1,200,ok
2026-09-24 12:20:05,/history,BSE:SENSEX26SEP71800CE,5S,2026-06-16,2026-07-16,1,1,1,200,no_data
2026-09-24 12:20:06,/history,BSE:SENSEX26SEP71800CE,1,2026-06-16,2026-09-24,1,1,1,200,no_data
2026-09-24 12:20:06,/history,BSE:SENSEX26SEP71700CE,5S,2026-09-17,2026-09-24,1,1,1,200,no_data
2026-09-24 12:20:06,/history,BSE:SENSEX26SEP71800PE,5S,2026-06-16,2026-07-16,1,1,1,200,no_data
2026-09-24 12:20:06,/history,BSE:SENSEX26SEP71700PE,5S,2026-09-17,2026-09-24,1,1,1,200,ok
2026-09-24 12:20:06,/history,BSE:SENSEX26SEP71800CE,5S,2026-07-17,2026-08-16,1,1,1,200,no_data
2026-09-24 12:20:06,/history,BSE:SENSEX26SEP71800PE,5S,2026-07-17,2026-08-16,1,1,1,200,no_data
2026-09-24 12:20:06,/history,BSE:SENSEX26SEP71800PE,1,2026-06-16,2026-09-24,1,1,1,200,ok
2026-09-24 12:20:06,/history,BSE:SENSEX26SEP71800PE,5,2026-06-16,2026-09-24,1,1,1,200,ok
2026-09-24 12:20:06,/history,BSE:SENSEX26SEP71800CE,60,2026-06-16,2026-09-24,1,1,1,200,no_data
2026-09-24 12:20:06,/history,BSE:SENSEX26SEP71800CE,5,2026-06-16,2026-09-24,1,1,1,200,no_data
2026-09-24 12:20:07,/history,BSE:SENSEX26SEP71800CE,D,2026-06-16,2026-09-24,1,1,1,200,no_data
2026-09-24 12:20:07,/history,BSE:SENSEX26SEP71800PE,5S,2026-08-17,2026-09-16,1,1,1,200,ok
2026-09-24 12:20:07,/history,BSE:SENSEX26SEP71800PE,60,2026-06-16,2026-09-24,1,1,1,200,ok
2026-09-24 12:20:07,/history,BSE:SENSEX26SEP71800PE,D,2026-06-16,2026-09-24,1,1,1,200,ok
2026-09-24 12:20:07,/history,BSE:SENSEX26SEP71800CE,5S,2026-08-17,2026-09-16,1,1,1,200,no_data
2026-09-24 12:20:07,/history,BSE:SENSEX26SEP71900PE,5S,2026-06-16,2026-07-16,1,1,1,200,no_data
2026-09-24 12:20:07,/history,BSE:SENSEX26SEP71800CE,5S,2026-09-17,2026-09-24,1,1,1,200,no_data
2026-09-24 12:20:08,/history,BSE:SENSEX26SEP71900CE,1,2026-06-16,2026-09-24,1,1,1,200,no_data
2026-09-24 12:20:08,/history,BSE:SENSEX26SEP71800PE,5S,2026-09-17,2026-09-24,1,1,1,200,ok
2026-09-24 12:20:08,/history,BSE:SENSEX26SEP71900PE,5S,2026-07-17,2026-08-16,1,1,1,200,no_data
2026-09-24 12:20:08,/history,BSE:SENSEX26SEP71900CE,5S,2026-06-16,2026-07-16,1,1,1,200,no_data
2026-09-24 12:20:08,/history,BSE:SENSEX26SEP71900CE,5,2026-06-16,2026-09-24,1,1,1,200,no_data
2026-09-24 12:20:08,/history,BSE:SENSEX26SEP71900PE,1,2026-06-16,2026-09-24,1,1,1,200,ok
2026-09-24 12:20:08,/history,BSE:SENSEX26SEP71900CE,5S,2026-07-17,2026-08-16,1,1,1,200,no_data
2026-09-24 12:20:08,/history,BSE:SENSEX26SEP71900PE,5S,2026-08-17,2026-09-16,1,1,1,200,ok
2026-09-24 12:20:08,/history,BSE:SENSEX26SEP71900PE,5,2026-06-16,2026-09-24,1,1,1,200,ok
2026-09-24 12:20:08,/history,BSE:SENSEX26SEP71900CE,60,2026-06-16,2026-09-24,1,1,1,200,no_data
2026-09-24 12:20:09,/history,BSE:SENSEX26SEP71900CE,5S,2026-08-17,2026-09-16,1,1,1,200,no_data
2026-09-24 12:20:09,/history,BSE:SENSEX26SEP71900PE,60,2026-06-16,2026-09-24,1,1,1,200,ok
2026-09-24 12:20:09,/history,BSE:SENSEX26SEP71900PE,D,2026-06-16,2026-09-24,1,1,1,200,ok
2026-09-24 12:20:09,/history,BSE:SENSEX26SEP71900CE,5S,2026-09-17,2026-09-24,1,1,1,200,no_data
2026-09-24 12:20:09,/history,BSE:SENSEX26SEP72000PE,5S,2026-06-16,2026-07-16,1,1,1,200,no_data
2026-09-24 12:20:09,/history,BSE:SENSEX26SEP71900CE,D,2026-06-16,2026-09-24,1,1,1,200,no_data
2026-09-24 12:20:09,/history,BSE:SENSEX26SEP72000CE,1,2026-06-16,2026-09-24,1,1,1,200,ok
2026-09-24 12:20:09,/history,BSE:SENSEX26SEP72000PE,5S,2026-07-17,2026-08-16,1,1,1,200,no_data
2026-09-24 12:20:10,/history,BSE:SENSEX26SEP72000CE,5S,2026-06-16,2026-07-16,1,1,1,200,no_data
2026-09-24 12:20:10,/history,BSE:SENSEX26SEP71900PE,5S,2026-09-17,2026-09-24,1,1,1,200,ok
2026-09-24 12:20:10,/history,BSE:SENSEX26SEP72000CE,5,2026-06-16,2026-09-24,1,1,1,200,ok
2026-09-24 12:20:10,/history,BSE:SENSEX26SEP72000CE,5S,2026-07-17,2026-08-16,1,1,1,200,no_data
2026-09-24 12:20:10,/history,BSE:SENSEX26SEP72000PE,1,2026-06-16,2026-09-24,1,1,1,200,ok
2026-09-24 12:20:11,/history,BSE:SENSEX26SEP72000PE,5,2026-06-16,2026-09-24,1,1,1,200,ok
2026-09-24 12:20:11,/history,BSE:SENSEX26SEP72000CE,5S,2026-08-17,2026-09-16,1,1,1,200,ok
2026-09-24 12:20:11,/history,BSE:SENSEX26SEP72000CE,60,2026-06-16,2026-09-24,1,1,1,200,ok
2026-09-24 12:20:11,/history,BSE:SENSEX26SEP72000PE,60,2026-06-16,2026-09-24,1,1,1,200,ok
2026-09-24 12:20:11,/history,BSE:SENSEX26SEP72000PE,5S,2026-08-17,2026-09-16,1,1,1,200,ok
2026-09-24 12:20:12,/history,BSE:SENSEX26SEP72000CE,D,2026-06-16,2026-09-24,1,1,1,200,ok
2026-09-24 12:20:12,/history,BSE:SENSEX26SEP72000PE,D,2026-06-16,2026-09-24,1,1,1,200,ok
2026-09-24 12:20:12,/history,BSE:SENSEX26SEP72100CE,5S,2026-06-16,2026-07-16,1,1,1,200,no_data
2026-09-24 12:20:12,/history,BSE:SENSEX26SEP72000CE,5S,2026-09-17,2026-09-24,1,1,1,200,ok
2026-09-24 12:20:12,/history,BSE:SENSEX26SEP72100CE,1,2026-06-16,2026-09-24,1,1,1,200,no_data
2026-09-24 12:20:12,/history,BSE:SENSEX26SEP72100PE,5S,2026-06-16,2026-07-16,1,1,1,200,no_data
2026-09-24 12:20:12,/history,BSE:SENSEX26SEP72100CE,5S,2026-07-17,2026-08-16,1,1,1,200,no_data
2026-09-24 12:20:13,/history,BSE:SENSEX26SEP72100CE,5S,2026-08-17,2026-09-16,1,1,1,200,no_data
2026-09-24 12:20:13,/history,BSE:SENSEX26SEP72100PE,5S,2026-07-17,2026-08-16,1,1,1,200,no_data
2026-09-24 12:20:13,/history,BSE:SENSEX26SEP72100PE,1,2026-06-16,2026-09-24,1,1,1,200,ok
2026-09-24 12:20:13,/history,BSE:SENSEX26SEP72000PE,5S,2026-09-17,2026-09-24,1,1,1,200,ok
2026-09-24 12:20:13,/history,BSE:SENSEX26SEP72100CE,5S,2026-09-17,2026-09-24,1,1,1,200,no_data
2026-09-24 12:20:13,/history,BSE:SENSEX26SEP72100PE,5S,2026-08-17,2026-09-16,1,1,1,200,ok
2026-09-24 12:20:23,/history,BSE:SENSEX26SEP72100PE,60,2026-06-16,2026-09-24,1,1,1,200,ok
2026-09-24 12:20:25,/history,BSE:SENSEX26SEP72100CE,5,2026-06-16,2026-09-24,1,1,1,200,no_data
2026-09-24 12:20:25,/history,BSE:SENSEX26SEP72100PE,5S,2026-09-17,2026-09-24,1,1,1,200,ok
2026-09-24 12:20:27,/history,BSE:SENSEX26SEP72200CE,5S,2026-06-16,2026-07-16,1,1,1,200,no_data
2026-09-24 12:20:31,/history,BSE:SENSEX26SEP72100CE,D,2026-06-16,2026-09-24,1,1,1,200,no_data
2026-09-24 12:20:33,/history,BSE:SENSEX26SEP72200CE,5S,2026-07-17,2026-08-16,1,1,1,200,no_data
2026-09-24 12:20:34,/history,BSE:SENSEX26SEP72100CE,60,2026-06-16,2026-09-24,1,1,1,200,no_data
2026-09-24 12:20:34,/history,BSE:SENSEX26SEP72100PE,D,2026-06-16,2026-09-24,1,1,1,200,ok
2026-09-24 12:20:34,/history,BSE:SENSEX26SEP72200PE,1,2026-06-16,2026-09-24,1,1,1,200,ok
2026-09-24 12:20:37,/history,BSE:SENSEX26SEP72200PE,5S,2026-06-16,2026-07-16,1,1,1,200,no_data
2026-09-24 12:20:40,/history,BSE:SENSEX26SEP72200CE,5,2026-06-16,2026-09-24,1,1,1,200,ok
2026-09-24 12:20:42,/history,BSE:SENSEX26SEP72200CE,5S,2026-08-17,2026-09-16,1,1,1,200,no_data
2026-09-24 12:20:48,/history,BSE:SENSEX26SEP72200CE,1,2026-06-16,2026-09-24,1,1,1,200,ok
2026-09-24 12:20:50,/history,BSE:SENSEX26SEP72200CE,5S,2026-09-17,2026-09-24,1,1,1,200,ok
2026-09-24 12:20:50,/history,BSE:SENSEX26SEP72100PE,5,2026-06-16,2026-09-24,1,1,1,200,ok
2026-09-24 12:20:50,/history,BSE:SENSEX26SEP72200PE,5S,2026-07-17,2026-08-16,1,1,1,200,no_data
2026-09-24 12:20:51,/history,BSE:SENSEX26SEP72200PE,60,2026-06-16,2026-09-24,1,1,1,200,ok
2026-09-24 12:20:51,/history,BSE:SENSEX26SEP72200PE,5,2026-06-16,2026-09-24,1,1,1,200,ok
2026-09-24 12:20:51,/history,BSE:SENSEX26SEP72200PE,D,2026-06-16,2026-09-24,1,1,1,200,ok
2026-09-24 12:20:51,/history,BSE:SENSEX26SEP72300CE,5S,2026-06-16,2026-07-16,1,1,1,200,no_data
2026-09-24 12:20:51,/history,BSE:SENSEX26SEP72300PE,5S,2026-06-16,2026-07-16,1,1,1,200,no_data
2026-09-24 12:20:52,/history,BSE:SENSEX26SEP72200CE,60,2026-06-16,2026-09-24,1,1,1,200,ok
2026-09-24 12:20:52,/history,BSE:SENSEX26SEP72300CE,5S,2026-07-17,2026-08-16,1,1,1,200,no_data
2026-09-24 12:20:52,/history,BSE:SENSEX26SEP72300PE,5S,2026-07-17,2026-08-16,1,1,1,200,no_data
2026-09-24 12:20:52,/history,BSE:SENSEX26SEP72200PE,5S,2026-08-17,2026-09-16,1,1,1,200,ok
2026-09-24 12:20:52,/history,BSE:SENSEX26SEP72300CE,1,2026-06-16,2026-09-24,1,1,1,200,ok
2026-09-24 12:20:53,/history,BSE:SENSEX26SEP72300CE,5S,2026-08-17,2026-09-16,1,1,1,200,no_data
2026-09-24 12:20:53,/history,BSE:SENSEX26SEP72300PE,1,2026-06-16,2026-09-24,1,1,1,200,ok
2026-09-24 12:20:53,/history,BSE:SENSEX26SEP72300PE,5S,2026-08-17,2026-09-16,1,1,1,200,ok
2026-09-24 12:20:53,/history,BSE:SENSEX26SEP72300CE,5S,2026-09-17,2026-09-24,1,1,1,200,ok
2026-09-24 12:20:53,/history,BSE:SENSEX26SEP72200CE,D,2026-06-16,2026-09-24,1,1,1,200,ok
2026-09-24 12:20:53,/history,BSE:SENSEX26SEP72200PE,5S,2026-09-17,2026-09-24,1,1,1,200,ok
2026-09-24 12:20:53,/history,BSE:SENSEX26SEP72300CE,5,2026-06-16,2026-09-24,1,1,1,200,ok
2026-09-24 12:20:54,/history,BSE:SENSEX26SEP72300CE,60,2026-06-16,2026-09-24,1,1,1,200,ok
2026-09-24 12:20:54,/history,BSE:SENSEX26SEP72300PE,5,2026-06-16,2026-09-24,1,1,1,200,ok
2026-09-24 12:20:54,/history,BSE:SENSEX26SEP72300CE,D,2026-06-16,2026-09-24,1,1,1,200,no_data
2026-09-24 12:20:54,/history,BSE:SENSEX26SEP72300PE,5S,2026-09-17,2026-09-24,1,1,1,200,ok
2026-09-24 12:20:54,/history,BSE:SENSEX26SEP72300PE,D,2026-06-16,2026-09-24,1,1,1,200,ok
2026-09-24 12:20:54,/history,BSE:SENSEX26SEP72400CE,5S,2026-06-16,2026-07-16,1,1,1,200,no_data
2026-09-24 12:20:54,/history,BSE:SENSEX26SEP72400PE,5S,2026-06-16,2026-07-16,1,1,1,200,no_data
2026-09-24 12:20:55,/history,BSE:SENSEX26SEP72400CE,1,2026-06-16,2026-09-24,1,1,1,200,ok
2026-09-24 12:20:55,/history,BSE:SENSEX26SEP72400CE,5S,2026-07-17,2026-08-16,1,1,1,200,no_data
2026-09-24 12:20:55,/history,BSE:SENSEX26SEP72400PE,5S,2026-07-17,2026-08-16,1,1,1,200,no_data
2026-09-24 12:20:55,/history,BSE:SENSEX26SEP72400CE,5,2026-06-16,2026-09-24,1,1,1,200,ok
2026-09-24 12:20:55,/history,BSE:SENSEX26SEP72400PE,1,2026-06-16,2026-09-24,1,1,1,200,ok
2026-09-24 12:20:55,/history,BSE:SENSEX26SEP72400CE,5S,2026-08-17,2026-09-16,1,1,1,200,no_data
2026-09-24 12:20:55,/history,BSE:SENSEX26SEP72400PE,5S,2026-08-17,2026-09-16,1,1,1,200,ok
2026-09-24 12:20:55,/history,BSE:SENSEX26SEP72300PE,60,2026-06-16,2026-09-24,1,1,1,200,ok
2026-09-24 12:20:56,/history,BSE:SENSEX26SEP72400PE,60,2026-06-16,2026-09-24,1,1,1,200,ok
2026-09-24 12:20:56,/history,BSE:SENSEX26SEP72400PE,5,2026-06-16,2026-09-24,1,1,1,200,ok
2026-09-24 12:20:56,/history,BSE:SENSEX26SEP72400CE,5S,2026-09-17,2026-09-24,1,1,1,200,ok
2026-09-24 12:20:56,/history,BSE:SENSEX26SEP72400PE,D,2026-06-16,2026-09-24,1,1,1,200,ok
2026-09-24 12:20:56,/history,BSE:SENSEX26SEP72400CE,D,2026-06-16,2026-09-24,1,1,1,200,no_data
2026-09-24 12:20:56,/history,BSE:SENSEX26SEP72400CE,60,2026-06-16,2026-09-24,1,1,1,200,ok
2026-09-24 12:20:56,/history,BSE:SENSEX26SEP72500CE,5S,2026-06-16,2026-07-16,1,1,1,200,no_data
2026-09-24 12:20:56,/history,BSE:SENSEX26SEP72400PE,5S,2026-09-17,2026-09-24,1,1,1,200,ok
2026-09-24 12:20:56,/history,BSE:SENSEX26SEP72500PE,5S,2026-06-16,2026-07-16,1,1,1,200,no_data
2026-09-24 12:20:57,/history,BSE:SENSEX26SEP72500CE,1,2026-06-16,2026-09-24,1,1,1,200,ok
2026-09-24 12:20:57,/history,BSE:SENSEX26SEP72500CE,5S,2026-07-17,2026-08-16,1,1,1,200,no_data
2026-09-24 12:20:57,/history,BSE:SENSEX26SEP72500PE,1,2026-06-16,2026-09-24,1,1,1,200,ok
2026-09-24 12:20:57,/history,BSE:SENSEX26SEP72500CE,5,2026-06-16,2026-09-24,1,1,1,200,ok
2026-09-24 12:20:57,/history,BSE:SENSEX26SEP72500CE,5S,2026-08-17,2026-09-16,1,1,1,200,no_data
2026-09-24 12:20:57,/history,BSE:SENSEX26SEP72500PE,5S,2026-07-17,2026-08-16,1,1,1,200,no_data
2026-09-24 12:20:57,/history,BSE:SENSEX26SEP72500PE,5,2026-06-16,2026-09-24,1,1,1,200,ok
2026-09-24 12:20:57,/history,BSE:SENSEX26SEP72500PE,60,2026-06-16,2026-09-24,1,1,1,200,ok
2026-09-24 12:20:58,/history,BSE:SENSEX26SEP72500PE,D,2026-06-16,2026-09-24,1,1,1,200,ok
2026-09-24 12:20:58,/history,BSE:SENSEX26SEP72500CE,D,2026-06-16,2026-09-24,1,1,1,200,ok
2026-09-24 12:20:58,/history,BSE:SENSEX26SEP72500CE,5S,2026-09-17,2026-09-24,1,1,1,200,ok
2026-09-24 12:20:58,/history,BSE:SENSEX26SEP72500CE,60,2026-06-16,2026-09-24,1,1,1,200,ok
2026-09-24 12:20:58,/history,BSE:SENSEX26SEP72600CE,5S,2026-06-16,2026-07-16,1,1,1,200,no_data
2026-09-24 12:20:58,/history,BSE:SENSEX26SEP72600PE,5S,2026-06-16,2026-07-16,1,1,1,200,no_data
2026-09-24 12:20:58,/history,BSE:SENSEX26SEP72500PE,5S,2026-08-17,2026-09-16,1,1,1,200,ok
2026-09-24 12:20:58,/history,BSE:SENSEX26SEP72600CE,1,2026-06-16,2026-09-24,1,1,1,200,ok
2026-09-24 12:20:58,/history,BSE:SENSEX26SEP72600CE,5S,2026-07-17,2026-08-16,1,1,1,200,no_data
2026-09-24 12:20:58,/history,BSE:SENSEX26SEP72600PE,5S,2026-07-17,2026-08-16,1,1,1,200,no_data
2026-09-24 12:20:59,/history,BSE:SENSEX26SEP72600PE,1,2026-06-16,2026-09-24,1,1,1,200,ok
2026-09-24 12:20:59,/history,BSE:SENSEX26SEP72600CE,5,2026-06-16,2026-09-24,1,1,1,200,ok
2026-09-24 12:20:59,/history,BSE:SENSEX26SEP72600CE,5S,2026-08-17,2026-09-16,1,1,1,200,ok
2026-09-24 12:20:59,/history,BSE:SENSEX26SEP72600CE,60,2026-06-16,2026-09-24,1,1,1,200,ok
2026-09-24 12:20:59,/history,BSE:SENSEX26SEP72600PE,5S,2026-08-17,2026-09-16,1,1,1,200,ok
2026-09-24 12:20:59,/history,BSE:SENSEX26SEP72500PE,5S,2026-09-17,2026-09-24,1,1,1,200,ok
2026-09-24 12:20:59,/history,BSE:SENSEX26SEP72600PE,5,2026-06-16,2026-09-24,1,1,1,200,ok
2026-09-24 12:21:00,/history,BSE:SENSEX26SEP72600PE,60,2026-06-16,2026-09-24,1,1,1,200,ok
2026-09-24 12:21:00,/history,BSE:SENSEX26SEP72600CE,5S,2026-09-17,2026-09-24,1,1,1,200,ok
2026-09-24 12:21:00,/history,BSE:SENSEX26SEP72600CE,D,2026-06-16,2026-09-24,1,1,1,200,ok
2026-09-24 12:21:00,/history,BSE:SENSEX26SEP72600PE,D,2026-06-16,2026-09-24,1,1,1,200,ok
2026-09-24 12:21:00,/history,BSE:SENSEX26SEP72700CE,5S,2026-06-16,2026-07-16,1,1,1,200,no_data
2026-09-24 12:21:00,/history,BSE:SENSEX26SEP72700PE,5S,2026-06-16,2026-07-16,1,1,1,200,no_data
2026-09-24 12:21:00,/history,BSE:SENSEX26SEP72600PE,5S,2026-09-17,2026-09-24,1,1,1,200,ok
2026-09-24 12:21:00,/history,BSE:SENSEX26SEP72700CE,1,2026-06-16,2026-09-24,1,1,1,200,ok
2026-09-24 12:21:01,/history,BSE:SENSEX26SEP72700CE,5S,2026-07-17,2026-08-16,1,1,1,200,no_data
2026-09-24 12:21:01,/history,BSE:SENSEX26SEP72700PE,5S,2026-07-17,2026-08-16,1,1,1,200,no_data
2026-09-24 12:21:01,/history,BSE:SENSEX26SEP72700CE,5,2026-06-16,2026-09-24,1,1,1,200,ok
2026-09-24 12:21:01,/history,BSE:SENSEX26SEP72700PE,1,2026-06-16,2026-09-24,1,1,1,200,ok
2026-09-24 12:21:01,/history,BSE:SENSEX26SEP72700CE,5S,2026-08-17,2026-09-16,1,1,1,200,no_data
2026-09-24 12:21:01,/history,BSE:SENSEX26SEP72700PE,5,2026-06-16,2026-09-24,1,1,1,200,ok
2026-09-24 12:21:01,/history,BSE:SENSEX26SEP72700PE,5S,2026-08-17,2026-09-16,1,1,1,200,ok
2026-09-24 12:21:01,/history,BSE:SENSEX26SEP72700CE,5S,2026-09-17,2026-09-24,1,1,1,200,ok
2026-09-24 12:21:01,/history,BSE:SENSEX26SEP72700CE,60,2026-06-16,2026-09-24,1,1,1,200,ok
2026-09-24 12:21:02,/history,BSE:SENSEX26SEP72700PE,60,2026-06-16,2026-09-24,1,1,1,200,ok
2026-09-24 12:21:02,/history,BSE:SENSEX26SEP72700PE,D,2026-06-16,2026-09-24,1,1,1,200,ok
2026-09-24 12:21:02,/history,BSE:SENSEX26SEP72800PE,5S,2026-06-16,2026-07-16,1,1,1,200,no_data
2026-09-24 12:21:02,/history,BSE:SENSEX26SEP72700CE,D,2026-06-16,2026-09-24,1,1,1,200,ok
2026-09-24 12:21:02,/history,BSE:SENSEX26SEP72800CE,5S,2026-06-16,2026-07-16,1,1,1,200,no_data
2026-09-24 12:21:02,/history,BSE:SENSEX26SEP72800CE,1,2026-06-16,2026-09-24,1,1,1,200,ok
2026-09-24 12:21:02,/history,BSE:SENSEX26SEP72800PE,5S,2026-07-17,2026-08-16,1,1,1,200,no_data
2026-09-24 12:21:02,/history,BSE:SENSEX26SEP72800CE,5S,2026-07-17,2026-08-16,1,1,1,200,no_data
2026-09-24 12:21:03,/history,BSE:SENSEX26SEP72700PE,5S,2026-09-17,2026-09-24,1,1,1,200,ok
2026-09-24 12:21:03,/history,BSE:SENSEX26SEP72800PE,1,2026-06-16,2026-09-24,1,1,1,200,ok
2026-09-24 12:21:03,/history,BSE:SENSEX26SEP72800CE,5,2026-06-16,2026-09-24,1,1,1,200,ok
2026-09-24 12:21:03,/history,BSE:SENSEX26SEP72800CE,5S,2026-08-17,2026-09-16,1,1,1,200,no_data
2026-09-24 12:21:03,/history,BSE:SENSEX26SEP72800CE,60,2026-06-16,2026-09-24,1,1,1,200,ok
2026-09-24 12:21:03,/history,BSE:SENSEX26SEP72800PE,5,2026-06-16,2026-09-24,1,1,1,200,ok
2026-09-24 12:21:03,/history,BSE:SENSEX26SEP72800PE,5S,2026-08-17,2026-09-16,1,1,1,200,ok
2026-09-24 12:21:04,/history,BSE:SENSEX26SEP72800CE,D,2026-06-16,2026-09-24,1,1,1,200,ok
2026-09-24 12:21:04,/history,BSE:SENSEX26SEP72800PE,60,2026-06-16,2026-09-24,1,1,1,200,ok
2026-09-24 12:21:04,/history,BSE:SENSEX26SEP72800CE,5S,2026-09-17,2026-09-24,1,1,1,200,ok
2026-09-24 12:21:04,/history,BSE:SENSEX26SEP72800PE,D,2026-06-16,2026-09-24,1,1,1,200,ok
2026-09-24 12:21:04,/history,BSE:SENSEX26SEP72900CE,5S,2026-06-16,2026-07-16,1,1,1,200,no_data
2026-09-24 12:21:04,/history,BSE:SENSEX26SEP72900PE,5S,2026-06-16,2026-07-16,1,1,1,200,no_data
2026-09-24 12:21:04,/history,BSE:SENSEX26SEP72900CE,5S,2026-07-17,2026-08-16,1,1,1,200,no_data
2026-09-24 12:21:04,/history,BSE:SENSEX26SEP72900CE,1,2026-06-16,2026-09-24,1,1,1,200,ok
2026-09-24 12:21:04,/history,BSE:SENSEX26SEP72900PE,1,2026-06-16,2026-09-24,1,1,1,200,ok
2026-09-24 12:21:05,/history,BSE:SENSEX26SEP72900PE,5S,2026-07-17,2026-08-16,1,1,1,200,no_data
2026-09-24 12:21:05,/history,BSE:SENSEX26SEP72900CE,5S,2026-08-17,2026-09-16,1,1,1,200,no_data
2026-09-24 12:21:05,/history,BSE:SENSEX26SEP72800PE,5S,2026-09-17,2026-09-24,1,1,1,200,ok
2026-09-24 12:21:05,/history,BSE:SENSEX26SEP72900CE,5,2026-06-16,2026-09-24,1,1,1,200,ok
2026-09-24 12:21:05,/history,BSE:SENSEX26SEP72900PE,5,2026-06-16,2026-09-24,1,1,1,200,ok
2026-09-24 12:21:05,/history,BSE:SENSEX26SEP72900CE,60,2026-06-16,2026-09-24,1,1,1,200,ok
2026-09-24 12:21:05,/history,BSE:SENSEX26SEP72900PE,5S,2026-08-17,2026-09-16,1,1,1,200,ok
2026-09-24 12:21:06,/history,BSE:SENSEX26SEP72900PE,60,2026-06-16,2026-09-24,1,1,1,200,ok
2026-09-24 12:21:06,/history,BSE:SENSEX26SEP72900CE,D,2026-06-16,2026-09-24,1,1,1,200,ok
2026-09-24 12:21:06,/history,BSE:SENSEX26SEP72900PE,D,2026-06-16,2026-09-24,1,1,1,200,ok
2026-09-24 12:21:06,/history,BSE:SENSEX26SEP72900CE,5S,2026-09-17,2026-09-24,1,1,1,200,ok
2026-09-24 12:21:06,/history,BSE:SENSEX26SEP73000CE,5S,2026-06-16,2026-07-16,1,1,1,200,no_data
2026-09-24 12:21:06,/history,BSE:SENSEX26SEP73000PE,5S,2026-06-16,2026-07-16,1,1,1,200,no_data
2026-09-24 12:21:07,/history,BSE:SENSEX26SEP73000CE,5S,2026-07-17,2026-08-16,1,1,1,200,no_data
2026-09-24 12:21:07,/history,BSE:SENSEX26SEP73000PE,5S,2026-07-17,2026-08-16,1,1,1,200,no_data
2026-09-24 12:21:07,/history,BSE:SENSEX26SEP72900PE,5S,2026-09-17,2026-09-24,1,1,1,200,ok
2026-09-24 12:21:08,/history,BSE:SENSEX26SEP73000CE,1,2026-06-16,2026-09-24,1,1,1,200,ok
2026-09-24 12:21:08,/history,BSE:SENSEX26SEP73000CE,5S,2026-08-17,2026-09-16,1,1,1,200,ok
2026-09-24 12:21:09,/history,BSE:SENSEX26SEP73000PE,5S,2026-08-17,2026-09-16,1,1,1,200,ok
2026-09-24 12:21:09,/history,BSE:SENSEX26SEP73000CE,5,2026-06-16,2026-09-24,1,1,1,200,ok
2026-09-24 12:21:09,/history,BSE:SENSEX26SEP73000PE,1,2026-06-16,2026-09-24,1,1,1,200,ok
2026-09-24 12:21:09,/history,BSE:SENSEX26SEP73000PE,5,2026-06-16,2026-09-24,1,1,1,200,ok
2026-09-24 12:21:09,/history,BSE:SENSEX26SEP73000CE,5S,2026-09-17,2026-09-24,1,1,1,200,ok
2026-09-24 12:21:10,/history,BSE:SENSEX26SEP73000CE,60,2026-06-16,2026-09-24,1,1,1,200,ok
2026-09-24 12:21:10,/history,BSE:SENSEX26SEP73000PE,60,2026-06-16,2026-09-24,1,1,1,200,ok
2026-09-24 12:21:10,/history,BSE:SENSEX26SEP73000PE,5S,2026-09-17,2026-09-24,1,1,1,200,ok
2026-09-24 12:21:10,/history,BSE:SENSEX26SEP73000CE,D,2026-06-16,2026-09-24,1,1,1,200,ok
2026-09-24 12:21:10,/history,BSE:SENSEX26SEP73100CE,5S,2026-06-16,2026-07-16,1,1,1,200,no_data
2026-09-24 12:21:10,/history,BSE:SENSEX26SEP73000PE,D,2026-06-16,2026-09-24,1,1,1,200,ok
2026-09-24 12:21:11,/history,BSE:SENSEX26SEP73100PE,5S,2026-06-16,2026-07-16,1,1,1,200,no_data
2026-09-24 12:21:11,/history,BSE:SENSEX26SEP73100CE,5S,2026-07-17,2026-08-16,1,1,1,200,no_data
2026-09-24 12:21:11,/history,BSE:SENSEX26SEP73100CE,1,2026-06-16,2026-09-24,1,1,1,200,ok
2026-09-24 12:21:11,/history,BSE:SENSEX26SEP73100PE,5S,2026-07-17,2026-08-16,1,1,1,200,no_data
2026-09-24 12:21:11,/history,BSE:SENSEX26SEP73100CE,5S,2026-08-17,2026-09-16,1,1,1,200,ok
2026-09-24 12:21:11,/history,BSE:SENSEX26SEP73100PE,1,2026-06-16,2026-09-24,1,1,1,200,ok
2026-09-24 12:21:11,/history,BSE:SENSEX26SEP73100CE,5,2026-06-16,2026-09-24,1,1,1,200,ok
2026-09-24 12:21:12,/history,BSE:SENSEX26SEP73100CE,60,2026-06-16,2026-09-24,1,1,1,200,ok
2026-09-24 12:21:12,/history,BSE:SENSEX26SEP73100PE,5,2026-06-16,2026-09-24,1,1,1,200,ok
2026-09-24 12:21:12,/history,BSE:SENSEX26SEP73100PE,60,2026-06-16,2026-09-24,1,1,1,200,ok
2026-09-24 12:21:12,/history,BSE:SENSEX26SEP73100PE,5S,2026-08-17,2026-09-16,1,1,1,200,ok
2026-09-24 12:21:12,/history,BSE:SENSEX26SEP73100CE,5S,2026-09-17,2026-09-24,1,1,1,200,ok
2026-09-24 12:21:12,/history,BSE:SENSEX26SEP73100CE,D,2026-06-16,2026-09-24,1,1,1,200,ok
2026-09-24 12:21:12,/history,BSE:SENSEX26SEP73100PE,D,2026-06-16,2026-09-24,1,1,1,200,ok
2026-09-24 12:21:12,/history,BSE:SENSEX26SEP73200CE,5S,2026-06-16,2026-07-16,1,1,1,200,no_data
2026-09-24 12:21:13,/history,BSE:SENSEX26SEP73200PE,5S,2026-06-16,2026-07-16,1,1,1,200,no_data
2026-09-24 12:21:13,/history,BSE:SENSEX26SEP73200CE,5S,2026-07-17,2026-08-16,1,1,1,200,no_data
2026-09-24 12:21:13,/history,BSE:SENSEX26SEP73200CE,1,2026-06-16,2026-09-24,1,1,1,200,ok
2026-09-24 12:21:13,/history,BSE:SENSEX26SEP73200PE,5S,2026-07-17,2026-08-16,1,1,1,200,no_data
2026-09-24 12:21:13,/history,BSE:SENSEX26SEP73200PE,1,2026-06-16,2026-09-24,1,1,1,200,ok
2026-09-24 12:21:13,/history,BSE:SENSEX26SEP73100PE,5S,2026-09-17,2026-09-24,1,1,1,200,ok
2026-09-24 12:21:13,/history,BSE:SENSEX26SEP73200CE,5,2026-06-16,2026-09-24,1,1,1,200,ok
2026-09-24 12:21:14,/history,BSE:SENSEX26SEP73200CE,5S,2026-08-17,2026-09-16,1,1,1,200,ok
2026-09-24 12:21:14,/history,BSE:SENSEX26SEP73200PE,5,2026-06-16,2026-09-24,1,1,1,200,ok
2026-09-24 12:21:14,/history,BSE:SENSEX26SEP73200CE,60,2026-06-16,2026-09-24,1,1,1,200,ok
2026-09-24 12:21:14,/history,BSE:SENSEX26SEP73200PE,5S,2026-08-17,2026-09-16,1,1,1,200,ok
2026-09-24 12:21:14,/history,BSE:SENSEX26SEP73200PE,60,2026-06-16,2026-09-24,1,1,1,200,ok
2026-09-24 12:21:14,/history,BSE:SENSEX26SEP73200CE,D,2026-06-16,2026-09-24,1,1,1,200,ok
2026-09-24 12:21:14,/history,BSE:SENSEX26SEP73200PE,D,2026-06-16,2026-09-24,1,1,1,200,ok
2026-09-24 12:21:14,/history,BSE:SENSEX26SEP73200CE,5S,2026-09-17,2026-09-24,1,1,1,200,ok
2026-09-24 12:21:15,/history,BSE:SENSEX26SEP73300CE,5S,2026-06-16,2026-07-16,1,1,1,200,no_data
2026-09-24 12:21:15,/history,BSE:SENSEX26SEP73300PE,5S,2026-06-16,2026-07-16,1,1,1,200,no_data
2026-09-24 12:21:15,/history,BSE:SENSEX26SEP73300CE,5S,2026-07-17,2026-08-16,1,1,1,200,no_data
2026-09-24 12:21:15,/history,BSE:SENSEX26SEP73300CE,1,2026-06-16,2026-09-24,1,1,1,200,ok
2026-09-24 12:21:15,/history,BSE:SENSEX26SEP73300PE,5S,2026-07-17,2026-08-16,1,1,1,200,no_data
2026-09-24 12:21:15,/history,BSE:SENSEX26SEP73200PE,5S,2026-09-17,2026-09-24,1,1,1,200,ok
2026-09-24 12:21:15,/history,BSE:SENSEX26SEP73300CE,5S,2026-08-17,2026-09-16,1,1,1,200,ok
2026-09-24 12:21:16,/history,BSE:SENSEX26SEP73300CE,5,2026-06-16,2026-09-24,1,1,1,200,ok
2026-09-24 12:21:16,/history,BSE:SENSEX26SEP73300PE,1,2026-06-16,2026-09-24,1,1,1,200,ok
2026-09-24 12:21:16,/history,BSE:SENSEX26SEP73300PE,5S,2026-08-17,2026-09-16,1,1,1,200,ok
2026-09-24 12:21:16,/history,BSE:SENSEX26SEP73300PE,5,2026-06-16,2026-09-24,1,1,1,200,ok
2026-09-24 12:21:16,/history,BSE:SENSEX26SEP73300CE,5S,2026-09-17,2026-09-24,1,1,1,200,ok
2026-09-24 12:21:17,/history,BSE:SENSEX26SEP73300PE,5S,2026-09-17,2026-09-24,1,1,1,200,ok
2026-09-24 12:21:24,/history,BSE:SENSEX26SEP73300PE,60,2026-06-16,2026-09-24,1,1,1,200,ok
2026-09-24 12:21:24,/history,BSE:SENSEX26SEP73400CE,5S,2026-06-16,2026-07-16,1,1,1,200,no_data
2026-09-24 12:21:25,/history,BSE:SENSEX26SEP73300CE,D,2026-06-16,2026-09-24,1,1,1,200,ok
2026-09-24 12:21:27,/history,BSE:SENSEX26SEP73400PE,5S,2026-06-16,2026-07-16,1,1,1,200,no_data
2026-09-24 12:21:31,/history,BSE:SENSEX26SEP73300PE,D,2026-06-16,2026-09-24,1,1,1,200,ok
2026-09-24 12:21:33,/history,BSE:SENSEX26SEP73400CE,1,2026-06-16,2026-09-24,1,1,1,200,ok
2026-09-24 12:21:34,/history,BSE:SENSEX26SEP73400CE,5S,2026-07-17,2026-08-16,1,1,1,200,no_data
2026-09-24 12:21:34,/history,BSE:SENSEX26SEP73400PE,5S,2026-07-17,2026-08-16,1,1,1,200,no_data
2026-09-24 12:21:35,/history,BSE:SENSEX26SEP73400CE,5,2026-06-16,2026-09-24,1,1,1,200,ok
2026-09-24 12:21:38,/history,BSE:SENSEX26SEP73400PE,1,2026-06-16,2026-09-24,1,1,1,200,ok
2026-09-24 12:21:40,/history,BSE:SENSEX26SEP73400PE,5,2026-06-16,2026-09-24,1,1,1,200,ok
2026-09-24 12:21:42,/history,BSE:SENSEX26SEP73300CE,60,2026-06-16,2026-09-24,1,1,1,200,ok
2026-09-24 12:21:49,/history,BSE:SENSEX26SEP73400CE,5S,2026-08-17,2026-09-16,1,1,1,200,ok
2026-09-24 12:21:50,/history,BSE:SENSEX26SEP73400PE,5S,2026-08-17,2026-09-16,1,1,1,200,ok
2026-09-24 12:21:50,/history,BSE:SENSEX26SEP73400CE,60,2026-06-16,2026-09-24,1,1,1,200,ok
2026-09-24 12:21:51,/history,BSE:SENSEX26SEP73400CE,D,2026-06-16,2026-09-24,1,1,1,200,ok
2026-09-24 12:21:51,/history,BSE:SENSEX26SEP73400PE,D,2026-06-16,2026-09-24,1,1,1,200,ok
2026-09-24 12:21:52,/history,BSE:SENSEX26SEP73400CE,5S,2026-09-17,2026-09-24,1,1,1,200,ok
2026-09-24 12:21:52,/history,BSE:SENSEX26SEP73500PE,5S,2026-06-16,2026-07-16,1,1,1,200,no_data
2026-09-24 12:21:52,/history,BSE:SENSEX26SEP73400PE,5S,2026-09-17,2026-09-24,1,1,1,200,ok
2026-09-24 12:21:52,/history,BSE:SENSEX26SEP73500PE,5S,2026-07-17,2026-08-16,1,1,1,200,no_data
2026-09-24 12:21:52,/history,BSE:SENSEX26SEP73500CE,5S,2026-06-16,2026-07-16,1,1,1,200,no_data
2026-09-24 12:21:52,/history,BSE:SENSEX26SEP73400PE,60,2026-06-16,2026-09-24,1,1,1,200,ok
2026-09-24 12:21:52,/history,BSE:SENSEX26SEP73500CE,5S,2026-07-17,2026-08-16,1,1,1,200,no_data
2026-09-24 12:21:53,/history,BSE:SENSEX26SEP73500CE,1,2026-06-16,2026-09-24,1,1,1,200,ok
2026-09-24 12:21:53,/history,BSE:SENSEX26SEP73500CE,5,2026-06-16,2026-09-24,1,1,1,200,ok
2026-09-24 12:21:53,/history,BSE:SENSEX26SEP73500PE,5,2026-06-16,2026-09-24,1,1,1,200,ok
2026-09-24 12:21:53,/history,BSE:SENSEX26SEP73500PE,1,2026-06-16,2026-09-24,1,1,1,200,ok
2026-09-24 12:21:53,/history,BSE:SENSEX26SEP73500CE,5S,2026-08-17,2026-09-16,1,1,1,200,ok
2026-09-24 12:21:54,/history,BSE:SENSEX26SEP73500CE,60,2026-06-16,2026-09-24,1,1,1,200,ok
2026-09-24 12:21:54,/history,BSE:SENSEX26SEP73500PE,5S,2026-08-17,2026-09-16,1,1,1,200,ok
2026-09-24 12:21:54,/history,BSE:SENSEX26SEP73500PE,60,2026-06-16,2026-09-24,1,1,1,200,ok
2026-09-24 12:21:54,/history,BSE:SENSEX26SEP73500CE,D,2026-06-16,2026-09-24,1,1,1,200,ok
2026-09-24 12:21:54,/history,BSE:SENSEX26SEP73600CE,5S,2026-06-16,2026-07-16,1,1,1,200,no_data
2026-09-24 12:21:54,/history,BSE:SENSEX26SEP73500PE,D,2026-06-16,2026-09-24,1,1,1,200,ok
2026-09-24 12:21:54,/history,BSE:SENSEX26SEP73500CE,5S,2026-09-17,2026-09-24,1,1,1,200,ok
2026-09-24 12:21:55,/history,BSE:SENSEX26SEP73600PE,5S,2026-06-16,2026-07-16,1,1,1,200,no_data
2026-09-24 12:21:55,/history,BSE:SENSEX26SEP73600CE,5S,2026-07-17,2026-08-16,1,1,1,200,no_data
2026-09-24 12:21:55,/history,BSE:SENSEX26SEP73600PE,5S,2026-07-17,2026-08-16,1,1,1,200,no_data
2026-09-24 12:21:55,/history,BSE:SENSEX26SEP73600CE,1,2026-06-16,2026-09-24,1,1,1,200,ok
2026-09-24 12:21:55,/history,BSE:SENSEX26SEP73500PE,5S,2026-09-17,2026-09-24,1,1,1,200,ok
2026-09-24 12:21:55,/history,BSE:SENSEX26SEP73600CE,5S,2026-08-17,2026-09-16,1,1,1,200,ok
2026-09-24 12:21:56,/history,BSE:SENSEX26SEP73600PE,1,2026-06-16,2026-09-24,1,1,1,200,ok
2026-09-24 12:21:56,/history,BSE:SENSEX26SEP73600PE,5S,2026-08-17,2026-09-16,1,1,1,200,ok
2026-09-24 12:21:56,/history,BSE:SENSEX26SEP73600CE,5S,2026-09-17,2026-09-24,1,1,1,200,ok
2026-09-24 12:21:56,/history,BSE:SENSEX26SEP73600CE,5,2026-06-16,2026-09-24,1,1,1,200,ok
2026-09-24 12:21:57,/history,BSE:SENSEX26SEP73600PE,5,2026-06-16,2026-09-24,1,1,1,200,ok
2026-09-24 12:21:57,/history,BSE:SENSEX26SEP73600CE,60,2026-06-16,2026-09-24,1,1,1,200,ok
2026-09-24 12:21:57,/history,BSE:SENSEX26SEP73600PE,5S,2026-09-17,2026-09-24,1,1,1,200,ok
2026-09-24 12:21:57,/history,BSE:SENSEX26SEP73600PE,60,2026-06-16,2026-09-24,1,1,1,200,ok
2026-09-24 12:21:58,/history,BSE:SENSEX26SEP73600CE,D,2026-06-16,2026-09-24,1,1,1,200,ok
2026-09-24 12:21:58,/history,BSE:SENSEX26SEP73700CE,5S,2026-06-16,2026-07-16,1,1,1,200,no_data
2026-09-24 12:21:58,/history,BSE:SENSEX26SEP73600PE,D,2026-06-16,2026-09-24,1,1,1,200,ok
2026-09-24 12:21:58,/history,BSE:SENSEX26SEP73700CE,5S,2026-07-17,2026-08-16,1,1,1,200,no_data
2026-09-24 12:21:58,/history,BSE:SENSEX26SEP73700PE,5S,2026-06-16,2026-07-16,1,1,1,200,no_data
2026-09-24 12:21:59,/history,BSE:SENSEX26SEP73700CE,1,2026-06-16,2026-09-24,1,1,1,200,ok
2026-09-24 12:21:59,/history,BSE:SENSEX26SEP73700PE,5S,2026-07-17,2026-08-16,1,1,1,200,no_data
2026-09-24 12:21:59,/history,BSE:SENSEX26SEP73700CE,5,2026-06-16,2026-09-24,1,1,1,200,ok
2026-09-24 12:21:59,/history,BSE:SENSEX26SEP73700PE,1,2026-06-16,2026-09-24,1,1,1,200,ok
2026-09-24 12:22:00,/history,BSE:SENSEX26SEP73700CE,5S,2026-08-17,2026-09-16,1,1,1,200,ok
2026-09-24 12:22:00,/history,BSE:SENSEX26SEP73700PE,5,2026-06-16,2026-09-24,1,1,1,200,ok
2026-09-24 12:22:00,/history,BSE:SENSEX26SEP73700PE,5S,2026-08-17,2026-09-16,1,1,1,200,ok
2026-09-24 12:22:00,/history,BSE:SENSEX26SEP73700CE,60,2026-06-16,2026-09-24,1,1,1,200,ok
2026-09-24 12:22:00,/history,BSE:SENSEX26SEP73700CE,D,2026-06-16,2026-09-24,1,1,1,200,ok
2026-09-24 12:22:00,/history,BSE:SENSEX26SEP73700PE,60,2026-06-16,2026-09-24,1,1,1,200,ok
2026-09-24 12:22:00,/history,BSE:SENSEX26SEP73700PE,D,2026-06-16,2026-09-24,1,1,1,200,ok
2026-09-24 12:22:01,/history,BSE:SENSEX26SEP73800CE,5S,2026-06-16,2026-07-16,1,1,1,200,no_data
2026-09-24 12:22:01,/history,BSE:SENSEX26SEP73800PE,5S,2026-06-16,2026-07-16,1,1,1,200,no_data
2026-09-24 12:22:01,/history,BSE:SENSEX26SEP73800CE,1,2026-06-16,2026-09-24,1,1,1,200,ok
2026-09-24 12:22:01,/history,BSE:SENSEX26SEP73800CE,5S,2026-07-17,2026-08-16,1,1,1,200,no_data
2026-09-24 12:22:01,/history,BSE:SENSEX26SEP73800PE,5S,2026-07-17,2026-08-16,1,1,1,200,no_data
2026-09-24 12:22:02,/history,BSE:SENSEX26SEP73700CE,5S,2026-09-17,2026-09-24,1,1,1,200,ok
2026-09-24 12:22:02,/history,BSE:SENSEX26SEP73700PE,5S,2026-09-17,2026-09-24,1,1,1,200,ok
2026-09-24 12:22:02,/history,BSE:SENSEX26SEP73800PE,1,2026-06-16,2026-09-24,1,1,1,200,ok
2026-09-24 12:22:02,/history,BSE:SENSEX26SEP73800CE,5S,2026-08-17,2026-09-16,1,1,1,200,ok
2026-09-24 12:22:03,/history,BSE:SENSEX26SEP73800PE,5S,2026-08-17,2026-09-16,1,1,1,200,ok
2026-09-24 12:22:03,/history,BSE:SENSEX26SEP73800CE,5,2026-06-16,2026-09-24,1,1,1,200,ok
2026-09-24 12:22:03,/history,BSE:SENSEX26SEP73800PE,5,2026-06-16,2026-09-24,1,1,1,200,ok
2026-09-24 12:22:03,/history,BSE:SENSEX26SEP73800CE,60,2026-06-16,2026-09-24,1,1,1,200,ok
2026-09-24 12:22:03,/history,BSE:SENSEX26SEP73800PE,60,2026-06-16,2026-09-24,1,1,1,200,ok
2026-09-24 12:22:04,/history,BSE:SENSEX26SEP73800CE,5S,2026-09-17,2026-09-24,1,1,1,200,ok
2026-09-24 12:22:04,/history,BSE:SENSEX26SEP73800CE,D,2026-06-16,2026-09-24,1,1,1,200,ok
2026-09-24 12:22:04,/history,BSE:SENSEX26SEP73800PE,D,2026-06-16,2026-09-24,1,1,1,200,ok
2026-09-24 12:22:04,/history,BSE:SENSEX26SEP73800PE,5S,2026-09-17,2026-09-24,1,1,1,200,ok
2026-09-24 12:22:04,/history,BSE:SENSEX26SEP73900CE,5S,2026-06-16,2026-07-16,1,1,1,200,no_data
2026-09-24 12:22:04,/history,BSE:SENSEX26SEP73900PE,5S,2026-06-16,2026-07-16,1,1,1,200,no_data
2026-09-24 12:22:04,/history,BSE:SENSEX26SEP73900CE,5S,2026-07-17,2026-08-16,1,1,1,200,no_data
2026-09-24 12:22:05,/history,BSE:SENSEX26SEP73900CE,1,2026-06-16,2026-09-24,1,1,1,200,ok
2026-09-24 12:22:05,/history,BSE:SENSEX26SEP73900PE,5S,2026-07-17,2026-08-16,1,1,1,200,no_data
2026-09-24 12:22:05,/history,BSE:SENSEX26SEP73900CE,5S,2026-08-17,2026-09-16,1,1,1,200,ok
2026-09-24 12:22:05,/history,BSE:SENSEX26SEP73900CE,5,2026-06-16,2026-09-24,1,1,1,200,ok
2026-09-24 12:22:05,/history,BSE:SENSEX26SEP73900PE,1,2026-06-16,2026-09-24,1,1,1,200,ok
2026-09-24 12:22:05,/history,BSE:SENSEX26SEP73900PE,5S,2026-08-17,2026-09-16,1,1,1,200,ok
2026-09-24 12:22:05,/history,BSE:SENSEX26SEP73900PE,5,2026-06-16,2026-09-24,1,1,1,200,ok
2026-09-24 12:22:06,/history,BSE:SENSEX26SEP73900CE,60,2026-06-16,2026-09-24,1,1,1,200,ok
2026-09-24 12:22:06,/history,BSE:SENSEX26SEP73900CE,D,2026-06-16,2026-09-24,1,1,1,200,ok
2026-09-24 12:22:06,/history,BSE:SENSEX26SEP73900PE,60,2026-06-16,2026-09-24,1,1,1,200,ok
2026-09-24 12:22:06,/history,BSE:SENSEX26SEP73900CE,5S,2026-09-17,2026-09-24,1,1,1,200,ok
2026-09-24 12:22:06,/history,BSE:SENSEX26SEP74000CE,5S,2026-06-16,2026-07-16,1,1,1,200,no_data
2026-09-24 12:22:06,/history,BSE:SENSEX26SEP73900PE,D,2026-06-16,2026-09-24,1,1,1,200,ok
2026-09-24 12:22:06,/history,BSE:SENSEX26SEP74000PE,5S,2026-06-16,2026-07-16,1,1,1,200,no_data
2026-09-24 12:22:07,/history,BSE:SENSEX26SEP74000CE,5S,2026-07-17,2026-08-16,1,1,1,200,no_data
2026-09-24 12:22:07,/history,BSE:SENSEX26SEP73900PE,5S,2026-09-17,2026-09-24,1,1,1,200,ok
2026-09-24 12:22:07,/history,BSE:SENSEX26SEP74000PE,5S,2026-07-17,2026-08-16,1,1,1,200,no_data
2026-09-24 12:22:07,/history,BSE:SENSEX26SEP74000CE,1,2026-06-16,2026-09-24,1,1,1,200,ok
2026-09-24 12:22:08,/history,BSE:SENSEX26SEP74000CE,5,2026-06-16,2026-09-24,1,1,1,200,ok
2026-09-24 12:22:08,/history,BSE:SENSEX26SEP74000PE,5,2026-06-16,2026-09-24,1,1,1,200,ok
2026-09-24 12:22:08,/history,BSE:SENSEX26SEP74000PE,1,2026-06-16,2026-09-24,1,1,1,200,ok
2026-09-24 12:22:08,/history,BSE:SENSEX26SEP74000CE,5S,2026-08-17,2026-09-16,1,1,1,200,ok
2026-09-24 12:22:08,/history,BSE:SENSEX26SEP74000CE,D,2026-06-16,2026-09-24,1,1,1,200,ok
2026-09-24 12:22:08,/history,BSE:SENSEX26SEP74000CE,60,2026-06-16,2026-09-24,1,1,1,200,ok
2026-09-24 12:22:08,/history,BSE:SENSEX26SEP74000PE,60,2026-06-16,2026-09-24,1,1,1,200,ok
2026-09-24 12:22:09,/history,BSE:SENSEX26SEP74100CE,5S,2026-06-16,2026-07-16,1,1,1,200,no_data
2026-09-24 12:22:09,/history,BSE:SENSEX26SEP74000PE,D,2026-06-16,2026-09-24,1,1,1,200,ok
2026-09-24 12:22:09,/history,BSE:SENSEX26SEP74100PE,5S,2026-06-16,2026-07-16,1,1,1,200,no_data
2026-09-24 12:22:09,/history,BSE:SENSEX26SEP74000PE,5S,2026-08-17,2026-09-16,1,1,1,200,ok
2026-09-24 12:22:09,/history,BSE:SENSEX26SEP74100CE,5S,2026-07-17,2026-08-16,1,1,1,200,no_data
2026-09-24 12:22:09,/history,BSE:SENSEX26SEP74100PE,5S,2026-07-17,2026-08-16,1,1,1,200,no_data
2026-09-24 12:22:09,/history,BSE:SENSEX26SEP74100CE,1,2026-06-16,2026-09-24,1,1,1,200,ok
2026-09-24 12:22:10,/history,BSE:SENSEX26SEP74000CE,5S,2026-09-17,2026-09-24,1,1,1,200,ok
2026-09-24 12:22:10,/history,BSE:SENSEX26SEP74100CE,5S,2026-08-17,2026-09-16,1,1,1,200,ok
2026-09-24 12:22:10,/history,BSE:SENSEX26SEP74100PE,1,2026-06-16,2026-09-24,1,1,1,200,ok
2026-09-24 12:22:10,/history,BSE:SENSEX26SEP74100PE,5S,2026-08-17,2026-09-16,1,1,1,200,ok
2026-09-24 12:22:11,/history,BSE:SENSEX26SEP74000PE,5S,2026-09-17,2026-09-24,1,1,1,200,ok
2026-09-24 12:22:11,/history,BSE:SENSEX26SEP74100CE,5,2026-06-16,2026-09-24,1,1,1,200,ok
2026-09-24 12:22:11,/history,BSE:SENSEX26SEP74100CE,5S,2026-09-17,2026-09-24,1,1,1,200,ok
2026-09-24 12:22:12,/history,BSE:SENSEX26SEP74100PE,5,2026-06-16,2026-09-24,1,1,1,200,ok
2026-09-24 12:22:12,/history,BSE:SENSEX26SEP74100CE,60,2026-06-16,2026-09-24,1,1,1,200,ok
2026-09-24 12:22:12,/history,BSE:SENSEX26SEP74100PE,5S,2026-09-17,2026-09-24,1,1,1,200,ok
2026-09-24 12:22:13,/history,BSE:SENSEX26SEP74100PE,60,2026-06-16,2026-09-24,1,1,1,200,ok
2026-09-24 12:22:13,/history,BSE:SENSEX26SEP74100CE,D,2026-06-16,2026-09-24,1,1,1,200,ok
2026-09-24 12:22:14,/history,BSE:SENSEX26SEP74100PE,D,2026-06-16,2026-09-24,1,1,1,200,ok
2026-09-24 12:22:14,/history,BSE:SENSEX26SEP74200CE,5S,2026-06-16,2026-07-16,1,1,1,200,no_data
2026-09-24 12:22:15,/history,BSE:SENSEX26SEP74200PE,5S,2026-06-16,2026-07-16,1,1,1,200,no_data
2026-09-24 12:22:15,/history,BSE:SENSEX26SEP74200CE,5S,2026-07-17,2026-08-16,1,1,1,200,no_data
2026-09-24 12:22:15,/history,BSE:SENSEX26SEP74200CE,1,2026-06-16,2026-09-24,1,1,1,200,ok
2026-09-24 12:22:15,/history,BSE:SENSEX26SEP74200PE,5S,2026-07-17,2026-08-16,1,1,1,200,no_data
2026-09-24 12:22:16,/history,BSE:SENSEX26SEP74200CE,5,2026-06-16,2026-09-24,1,1,1,200,ok
2026-09-24 12:22:16,/history,BSE:SENSEX26SEP74200CE,5S,2026-08-17,2026-09-16,1,1,1,200,ok
2026-09-24 12:22:16,/history,BSE:SENSEX26SEP74200PE,1,2026-06-16,2026-09-24,1,1,1,200,ok
2026-09-24 12:22:16,/history,BSE:SENSEX26SEP74200PE,5,2026-06-16,2026-09-24,1,1,1,200,ok
2026-09-24 12:22:17,/history,BSE:SENSEX26SEP74200PE,5S,2026-08-17,2026-09-16,1,1,1,200,ok
2026-09-24 12:22:17,/history,BSE:SENSEX26SEP74200PE,60,2026-06-16,2026-09-24,1,1,1,200,ok
2026-09-24 12:22:17,/history,BSE:SENSEX26SEP74200CE,60,2026-06-16,2026-09-24,1,1,1,200,ok
2026-09-24 12:22:17,/history,BSE:SENSEX26SEP74200CE,5S,2026-09-17,2026-09-24,1,1,1,200,ok
2026-09-24 12:22:17,/history,BSE:SENSEX26SEP74200PE,D,2026-06-16,2026-09-24,1,1,1,200,ok
2026-09-24 12:22:17,/history,BSE:SENSEX26SEP74200CE,D,2026-06-16,2026-09-24,1,1,1,200,ok
2026-09-24 12:22:18,/history,BSE:SENSEX26SEP74300PE,5S,2026-06-16,2026-07-16,1,1,1,200,no_data
2026-09-24 12:22:18,/history,BSE:SENSEX26SEP74300CE,5S,2026-06-16,2026-07-16,1,1,1,200,no_data
2026-09-24 12:22:18,/history,BSE:SENSEX26SEP74300CE,1,2026-06-16,2026-09-24,1,1,1,200,ok
2026-09-24 12:22:18,/history,BSE:SENSEX26SEP74200PE,5S,2026-09-17,2026-09-24,1,1,1,200,ok
2026-09-24 12:22:18,/history,BSE:SENSEX26SEP74300CE,5S,2026-07-17,2026-08-16,1,1,1,200,no_data
2026-09-24 12:22:18,/history,BSE:SENSEX26SEP74300PE,5S,2026-07-17,2026-08-16,1,1,1,200,no_data
2026-09-24 12:22:19,/history,BSE:SENSEX26SEP74300PE,1,2026-06-16,2026-09-24,1,1,1,200,ok
2026-09-24 12:22:19,/history,BSE:SENSEX26SEP74300CE,5,2026-06-16,2026-09-24,1,1,1,200,ok
2026-09-24 12:22:19,/history,BSE:SENSEX26SEP74300CE,5S,2026-08-17,2026-09-16,1,1,1,200,ok
2026-09-24 12:22:19,/history,BSE:SENSEX26SEP74300PE,5S,2026-08-17,2026-09-16,1,1,1,200,ok
2026-09-24 12:22:20,/history,BSE:SENSEX26SEP74300PE,5,2026-06-16,2026-09-24,1,1,1,200,ok
2026-09-24 12:22:20,/history,BSE:SENSEX26SEP74300CE,60,2026-06-16,2026-09-24,1,1,1,200,ok
2026-09-24 12:22:20,/history,BSE:SENSEX26SEP74300PE,60,2026-06-16,2026-09-24,1,1,1,200,ok
2026-09-24 12:22:20,/history,BSE:SENSEX26SEP74300CE,D,2026-06-16,2026-09-24,1,1,1,200,ok
2026-09-24 12:22:20,/history,BSE:SENSEX26SEP74300PE,D,2026-06-16,2026-09-24,1,1,1,200,ok
2026-09-24 12:22:20,/history,BSE:SENSEX26SEP74400CE,5S,2026-06-16,2026-07-16,1,1,1,200,no_data
2026-09-24 12:22:20,/history,BSE:SENSEX26SEP74400PE,5S,2026-06-16,2026-07-16,1,1,1,200,no_data
2026-09-24 12:22:20,/history,BSE:SENSEX26SEP74300CE,5S,2026-09-17,2026-09-24,1,1,1,200,ok
2026-09-24 12:22:21,/history,BSE:SENSEX26SEP74400PE,5S,2026-07-17,2026-08-16,1,1,1,200,no_data
2026-09-24 12:22:21,/history,BSE:SENSEX26SEP74400CE,1,2026-06-16,2026-09-24,1,1,1,200,ok
2026-09-24 12:22:21,/history,BSE:SENSEX26SEP74400CE,5S,2026-07-17,2026-08-16,1,1,1,200,no_data
2026-09-24 12:22:21,/history,BSE:SENSEX26SEP74300PE,5S,2026-09-17,2026-09-24,1,1,1,200,ok
2026-09-24 12:22:21,/history,BSE:SENSEX26SEP74400PE,1,2026-06-16,2026-09-24,1,1,1,200,ok
2026-09-24 12:22:22,/history,BSE:SENSEX26SEP74400CE,5S,2026-08-17,2026-09-16,1,1,1,200,ok
2026-09-24 12:22:22,/history,BSE:SENSEX26SEP74400PE,5S,2026-08-17,2026-09-16,1,1,1,200,ok
2026-09-24 12:22:22,/history,BSE:SENSEX26SEP74400CE,5,2026-06-16,2026-09-24,1,1,1,200,ok
2026-09-24 12:22:23,/history,BSE:SENSEX26SEP74400PE,5,2026-06-16,2026-09-24,1,1,1,200,ok
2026-09-24 12:22:23,/history,BSE:SENSEX26SEP74400CE,60,2026-06-16,2026-09-24,1,1,1,200,ok
2026-09-24 12:22:23,/history,BSE:SENSEX26SEP74400PE,60,2026-06-16,2026-09-24,1,1,1,200,ok
2026-09-24 12:22:23,/history,BSE:SENSEX26SEP74400CE,5S,2026-09-17,2026-09-24,1,1,1,200,ok
2026-09-24 12:22:23,/history,BSE:SENSEX26SEP74400CE,D,2026-06-16,2026-09-24,1,1,1,200,ok
2026-09-24 12:22:23,/history,BSE:SENSEX26SEP74500CE,5S,2026-06-16,2026-07-16,1,1,1,200,no_data
2026-09-24 12:22:23,/history,BSE:SENSEX26SEP74400PE,D,2026-06-16,2026-09-24,1,1,1,200,ok
2026-09-24 12:22:23,/history,BSE:SENSEX26SEP74400PE,5S,2026-09-17,2026-09-24,1,1,1,200,ok
2026-09-24 12:22:24,/history,BSE:SENSEX26SEP74500CE,5S,2026-07-17,2026-08-16,1,1,1,200,no_data
2026-09-24 12:22:24,/history,BSE:SENSEX26SEP74500PE,5S,2026-06-16,2026-07-16,1,1,1,200,no_data
2026-09-24 12:22:24,/history,BSE:SENSEX26SEP74500CE,1,2026-06-16,2026-09-24,1,1,1,200,ok
2026-09-24 12:22:24,/history,BSE:SENSEX26SEP74500PE,5S,2026-07-17,2026-08-16,1,1,1,200,ok
2026-09-24 12:22:25,/history,BSE:SENSEX26SEP74500CE,5S,2026-08-17,2026-09-16,1,1,1,200,ok
2026-09-24 12:22:25,/history,BSE:SENSEX26SEP74500PE,1,2026-06-16,2026-09-24,1,1,1,200,ok
2026-09-24 12:22:25,/history,BSE:SENSEX26SEP74500CE,5,2026-06-16,2026-09-24,1,1,1,200,ok
2026-09-24 12:22:26,/history,BSE:SENSEX26SEP74500PE,5,2026-06-16,2026-09-24,1,1,1,200,ok
2026-09-24 12:22:26,/history,BSE:SENSEX26SEP74500CE,60,2026-06-16,2026-09-24,1,1,1,200,ok
2026-09-24 12:22:26,/history,BSE:SENSEX26SEP74500PE,60,2026-06-16,2026-09-24,1,1,1,200,ok
2026-09-24 12:22:26,/history,BSE:SENSEX26SEP74500CE,5S,2026-09-17,2026-09-24,1,1,1,200,ok
2026-09-24 12:22:26,/history,BSE:SENSEX26SEP74500PE,5S,2026-08-17,2026-09-16,1,1,1,200,ok
2026-09-24 12:22:26,/history,BSE:SENSEX26SEP74500CE,D,2026-06-16,2026-09-24,1,1,1,200,ok
2026-09-24 12:22:27,/history,BSE:SENSEX26SEP74500PE,D,2026-06-16,2026-09-24,1,1,1,200,ok
2026-09-24 12:22:27,/history,BSE:SENSEX26SEP74600CE,5S,2026-06-16,2026-07-16,1,1,1,200,no_data
2026-09-24 12:22:27,/history,BSE:SENSEX26SEP74600PE,5S,2026-06-16,2026-07-16,1,1,1,200,no_data
2026-09-24 12:22:27,/history,BSE:SENSEX26SEP74600CE,5S,2026-07-17,2026-08-16,1,1,1,200,no_data
2026-09-24 12:22:28,/history,BSE:SENSEX26SEP74500PE,5S,2026-09-17,2026-09-24,1,1,1,200,ok
2026-09-24 12:22:31,/history,BSE:SENSEX26SEP74600PE,1,2026-06-16,2026-09-24,1,1,1,200,ok
2026-09-24 12:22:33,/history,BSE:SENSEX26SEP74600PE,5S,2026-07-17,2026-08-16,1,1,1,200,no_data
2026-09-24 12:22:35,/history,BSE:SENSEX26SEP74600CE,5S,2026-08-17,2026-09-16,1,1,1,200,ok
2026-09-24 12:22:35,/history,BSE:SENSEX26SEP74600PE,5,2026-06-16,2026-09-24,1,1,1,200,ok
2026-09-24 12:22:36,/history,BSE:SENSEX26SEP74600PE,5S,2026-08-17,2026-09-16,1,1,1,200,ok
2026-09-24 12:22:38,/history,BSE:SENSEX26SEP74600CE,5,2026-06-16,2026-09-24,1,1,1,200,ok
2026-09-24 12:22:40,/history,BSE:SENSEX26SEP74600CE,1,2026-06-16,2026-09-24,1,1,1,200,ok
2026-09-24 12:22:42,/history,BSE:SENSEX26SEP74600CE,D,2026-06-16,2026-09-24,1,1,1,200,ok
2026-09-24 12:22:49,/history,BSE:SENSEX26SEP74600PE,D,2026-06-16,2026-09-24,1,1,1,200,ok
2026-09-24 12:22:51,/history,BSE:SENSEX26SEP74600CE,5S,2026-09-17,2026-09-24,1,1,1,200,ok
2026-09-24 12:22:51,/history,BSE:SENSEX26SEP74700CE,5S,2026-06-16,2026-07-16,1,1,1,200,no_data
2026-09-24 12:22:51,/history,BSE:SENSEX26SEP74600PE,5S,2026-09-17,2026-09-24,1,1,1,200,ok
2026-09-24 12:22:51,/history,BSE:SENSEX26SEP74600PE,60,2026-06-16,2026-09-24,1,1,1,200,ok
2026-09-24 12:22:51,/history,BSE:SENSEX26SEP74600CE,60,2026-06-16,2026-09-24,1,1,1,200,ok
2026-09-24 12:22:51,/history,BSE:SENSEX26SEP74700CE,5S,2026-07-17,2026-08-16,1,1,1,200,no_data
2026-09-24 12:22:52,/history,BSE:SENSEX26SEP74700PE,5S,2026-06-16,2026-07-16,1,1,1,200,no_data
2026-09-24 12:22:52,/history,BSE:SENSEX26SEP74700PE,1,2026-06-16,2026-09-24,1,1,1,200,ok
2026-09-24 12:22:52,/history,BSE:SENSEX26SEP74700CE,5,2026-06-16,2026-09-24,1,1,1,200,ok
2026-09-24 12:22:53,/history,BSE:SENSEX26SEP74700CE,60,2026-06-16,2026-09-24,1,1,1,200,ok
2026-09-24 12:22:53,/history,BSE:SENSEX26SEP74700PE,5,2026-06-16,2026-09-24,1,1,1,200,ok
2026-09-24 12:22:53,/history,BSE:SENSEX26SEP74700CE,1,2026-06-16,2026-09-24,1,1,1,200,ok
2026-09-24 12:22:53,/history,BSE:SENSEX26SEP74700PE,5S,2026-07-17,2026-08-16,1,1,1,200,no_data
2026-09-24 12:22:53,/history,BSE:SENSEX26SEP74700PE,60,2026-06-16,2026-09-24,1,1,1,200,ok
2026-09-24 12:22:53,/history,BSE:SENSEX26SEP74700CE,D,2026-06-16,2026-09-24,1,1,1,200,ok
2026-09-24 12:22:53,/history,BSE:SENSEX26SEP74700CE,5S,2026-08-17,2026-09-16,1,1,1,200,ok
2026-09-24 12:22:53,/history,BSE:SENSEX26SEP74700PE,D,2026-06-16,2026-09-24,1,1,1,200,ok
2026-09-24 12:22:54,/history,BSE:SENSEX26SEP74800CE,1,2026-06-16,2026-09-24,1,1,1,200,ok
2026-09-24 12:22:54,/history,BSE:SENSEX26SEP74800PE,1,2026-06-16,2026-09-24,1,1,1,200,ok
2026-09-24 12:22:54,/history,BSE:SENSEX26SEP74800CE,5S,2026-06-16,2026-07-16,1,1,1,200,no_data
2026-09-24 12:22:54,/history,BSE:SENSEX26SEP74800PE,5S,2026-06-16,2026-07-16,1,1,1,200,no_data
2026-09-24 12:22:55,/history,BSE:SENSEX26SEP74800CE,5,2026-06-16,2026-09-24,1,1,1,200,ok
2026-09-24 12:22:55,/history,BSE:SENSEX26SEP74800CE,5S,2026-07-17,2026-08-16,1,1,1,200,no_data
2026-09-24 12:22:55,/history,BSE:SENSEX26SEP74800PE,5S,2026-07-17,2026-08-16,1,1,1,200,no_data
2026-09-24 12:22:55,/history,BSE:SENSEX26SEP74800PE,5,2026-06-16,2026-09-24,1,1,1,200,ok
2026-09-24 12:22:56,/history,BSE:SENSEX26SEP74800CE,60,2026-06-16,2026-09-24,1,1,1,200,ok
2026-09-24 12:22:57,/history,BSE:SENSEX26SEP74700CE,5S,2026-09-17,2026-09-24,1,1,1,200,ok
2026-09-24 12:22:57,/history,BSE:SENSEX26SEP74800PE,60,2026-06-16,2026-09-24,1,1,1,200,ok
2026-09-24 12:22:57,/history,BSE:SENSEX26SEP74800CE,5S,2026-08-17,2026-09-16,1,1,1,200,ok
2026-09-24 12:22:57,/history,BSE:SENSEX26SEP74700PE,5S,2026-08-17,2026-09-16,1,1,1,200,ok
2026-09-24 12:22:57,/history,BSE:SENSEX26SEP74800PE,5S,2026-08-17,2026-09-16,1,1,1,200,ok
2026-09-24 12:22:57,/history,BSE:SENSEX26SEP74800CE,D,2026-06-16,2026-09-24,1,1,1,200,ok
2026-09-24 12:22:58,/history,BSE:SENSEX26SEP74800PE,D,2026-06-16,2026-09-24,1,1,1,200,ok
2026-09-24 12:22:58,/history,BSE:SENSEX26SEP74900CE,5S,2026-06-16,2026-07-16,1,1,1,200,no_data
2026-09-24 12:22:59,/history,BSE:SENSEX26SEP74900CE,5S,2026-07-17,2026-08-16,1,1,1,200,no_data
2026-09-24 12:22:59,/history,BSE:SENSEX26SEP74800PE,5S,2026-09-17,2026-09-24,1,1,1,200,ok
2026-09-24 12:22:59,/history,BSE:SENSEX26SEP74700PE,5S,2026-09-17,2026-09-24,1,1,1,200,ok
2026-09-24 12:22:59,/history,BSE:SENSEX26SEP74800CE,5S,2026-09-17,2026-09-24,1,1,1,200,ok
2026-09-24 12:23:00,/history,BSE:SENSEX26SEP74900PE,5S,2026-06-16,2026-07-16,1,1,1,200,no_data
2026-09-24 12:23:00,/history,BSE:SENSEX26SEP74900CE,5S,2026-08-17,2026-09-16,1,1,1,200,ok
2026-09-24 12:23:00,/history,BSE:SENSEX26SEP74900PE,5S,2026-07-17,2026-08-16,1,1,1,200,no_data
2026-09-24 12:23:01,/history,BSE:SENSEX26SEP74900CE,5S,2026-09-17,2026-09-24,1,1,1,200,ok
2026-09-24 12:23:02,/history,BSE:SENSEX26SEP74900PE,5S,2026-08-17,2026-09-16,1,1,1,200,ok
2026-09-24 12:23:02,/history,BSE:SENSEX26SEP74900CE,1,2026-06-16,2026-09-24,1,1,1,200,ok
2026-09-24 12:23:02,/history,BSE:SENSEX26SEP74900PE,1,2026-06-16,2026-09-24,1,1,1,200,ok
2026-09-24 12:23:02,/history,BSE:SENSEX26SEP74900CE,5,2026-06-16,2026-09-24,1,1,1,200,ok
2026-09-24 12:23:03,/history,BSE:SENSEX26SEP74900PE,5,2026-06-16,2026-09-24,1,1,1,200,ok
2026-09-24 12:23:03,/history,BSE:SENSEX26SEP74900PE,5S,2026-09-17,2026-09-24,1,1,1,200,ok
2026-09-24 12:23:03,/history,BSE:SENSEX26SEP74900CE,60,2026-06-16,2026-09-24,1,1,1,200,ok
2026-09-24 12:23:03,/history,BSE:SENSEX26SEP74900PE,60,2026-06-16,2026-09-24,1,1,1,200,ok
2026-09-24 12:23:03,/history,BSE:SENSEX26SEP74900CE,D,2026-06-16,2026-09-24,1,1,1,200,ok
2026-09-24 12:23:03,/history,BSE:SENSEX26SEP74900PE,D,2026-06-16,2026-09-24,1,1,1,200,ok
2026-09-24 12:23:03,/history,BSE:SENSEX26SEP75000CE,5S,2026-06-16,2026-07-16,1,1,1,200,no_data
2026-09-24 12:23:03,/history,BSE:SENSEX26SEP75000PE,5S,2026-06-16,2026-07-16,1,1,1,200,no_data
2026-09-24 12:23:04,/history,BSE:SENSEX26SEP75000CE,1,2026-06-16,2026-09-24,1,1,1,200,ok
2026-09-24 12:23:04,/history,BSE:SENSEX26SEP75000CE,5S,2026-07-17,2026-08-16,1,1,1,200,no_data
2026-09-24 12:23:04,/history,BSE:SENSEX26SEP75000PE,1,2026-06-16,2026-09-24,1,1,1,200,ok
2026-09-24 12:23:04,/history,BSE:SENSEX26SEP75000CE,5,2026-06-16,2026-09-24,1,1,1,200,ok
2026-09-24 12:23:04,/history,BSE:SENSEX26SEP75000PE,5S,2026-07-17,2026-08-16,1,1,1,200,ok
2026-09-24 12:23:04,/history,BSE:SENSEX26SEP75000PE,5,2026-06-16,2026-09-24,1,1,1,200,ok
2026-09-24 12:23:04,/history,BSE:SENSEX26SEP75000CE,60,2026-06-16,2026-09-24,1,1,1,200,ok
2026-09-24 12:23:05,/history,BSE:SENSEX26SEP75000PE,60,2026-06-16,2026-09-24,1,1,1,200,ok
2026-09-24 12:23:05,/history,BSE:SENSEX26SEP75000CE,D,2026-06-16,2026-09-24,1,1,1,200,ok
2026-09-24 12:23:05,/history,BSE:SENSEX26SEP75000PE,D,2026-06-16,2026-09-24,1,1,1,200,ok
2026-09-24 12:23:05,/history,BSE:SENSEX26SEP75000CE,5S,2026-08-17,2026-09-16,1,1,1,200,ok
2026-09-24 12:23:05,/history,BSE:SENSEX26SEP75100CE,5S,2026-06-16,2026-07-16,1,1,1,200,no_data
2026-09-24 12:23:05,/history,BSE:SENSEX26SEP75100PE,5S,2026-06-16,2026-07-16,1,1,1,200,no_data
2026-09-24 12:23:05,/history,BSE:SENSEX26SEP75100CE,1,2026-06-16,2026-09-24,1,1,1,200,ok
2026-09-24 12:23:06,/history,BSE:SENSEX26SEP75100PE,5S,2026-07-17,2026-08-16,1,1,1,200,no_data
2026-09-24 12:23:06,/history,BSE:SENSEX26SEP75100CE,5S,2026-07-17,2026-08-16,1,1,1,200,no_data
2026-09-24 12:23:06,/history,BSE:SENSEX26SEP75100PE,1,2026-06-16,2026-09-24,1,1,1,200,ok
2026-09-24 12:23:07,/history,BSE:SENSEX26SEP75000CE,5S,2026-09-17,2026-09-24,1,1,1,200,ok
2026-09-24 12:23:07,/history,BSE:SENSEX26SEP75100CE,5,2026-06-16,2026-09-24,1,1,1,200,ok
2026-09-24 12:23:08,/history,BSE:SENSEX26SEP75100PE,5S,2026-08-17,2026-09-16,1,1,1,200,ok
2026-09-24 12:23:08,/history,BSE:SENSEX26SEP75000PE,5S,2026-08-17,2026-09-16,1,1,1,200,ok
2026-09-24 12:23:08,/history,BSE:SENSEX26SEP75100CE,5S,2026-08-17,2026-09-16,1,1,1,200,ok
2026-09-24 12:23:08,/history,BSE:SENSEX26SEP75100PE,5,2026-06-16,2026-09-24,1,1,1,200,ok
2026-09-24 12:23:08,/history,BSE:SENSEX26SEP75100CE,60,2026-06-16,2026-09-24,1,1,1,200,ok
2026-09-24 12:23:08,/history,BSE:SENSEX26SEP75100PE,60,2026-06-16,2026-09-24,1,1,1,200,ok
2026-09-24 12:23:09,/history,BSE:SENSEX26SEP75100CE,D,2026-06-16,2026-09-24,1,1,1,200,ok
2026-09-24 12:23:09,/history,BSE:SENSEX26SEP75100PE,D,2026-06-16,2026-09-24,1,1,1,200,ok
2026-09-24 12:23:09,/history,BSE:SENSEX26SEP75200CE,5S,2026-06-16,2026-07-16,1,1,1,200,no_data
2026-09-24 12:23:10,/history,BSE:SENSEX26SEP75200CE,5S,2026-07-17,2026-08-16,1,1,1,200,no_data
2026-09-24 12:23:10,/history,BSE:SENSEX26SEP75100PE,5S,2026-09-17,2026-09-24,1,1,1,200,ok
2026-09-24 12:23:10,/history,BSE:SENSEX26SEP75200PE,5S,2026-06-16,2026-07-16,1,1,1,200,no_data
2026-09-24 12:23:10,/history,BSE:SENSEX26SEP75000PE,5S,2026-09-17,2026-09-24,1,1,1,200,ok
2026-09-24 12:23:10,/history,BSE:SENSEX26SEP75100CE,5S,2026-09-17,2026-09-24,1,1,1,200,ok
2026-09-24 12:23:10,/history,BSE:SENSEX26SEP75200PE,5S,2026-07-17,2026-08-16,1,1,1,200,no_data
2026-09-24 12:23:13,/history,BSE:SENSEX26SEP75200CE,5S,2026-08-17,2026-09-16,1,1,1,200,ok
2026-09-24 12:23:14,/history,BSE:SENSEX26SEP75200PE,5S,2026-08-17,2026-09-16,1,1,1,200,ok
2026-09-24 12:23:14,/history,BSE:SENSEX26SEP75200CE,5S,2026-09-17,2026-09-24,1,1,1,200,ok
2026-09-24 12:23:15,/history,BSE:SENSEX26SEP75200CE,1,2026-06-16,2026-09-24,1,1,1,200,ok
2026-09-24 12:23:16,/history,BSE:SENSEX26SEP75200PE,5S,2026-09-17,2026-09-24,1,1,1,200,ok
2026-09-24 12:23:16,/history,BSE:SENSEX26SEP75200PE,1,2026-06-16,2026-09-24,1,1,1,200,ok
2026-09-24 12:23:16,/history,BSE:SENSEX26SEP75200CE,5,2026-06-16,2026-09-24,1,1,1,200,ok
2026-09-24 12:23:17,/history,BSE:SENSEX26SEP75200PE,5,2026-06-16,2026-09-24,1,1,1,200,ok
2026-09-24 12:23:17,/history,BSE:SENSEX26SEP75200CE,60,2026-06-16,2026-09-24,1,1,1,200,ok
2026-09-24 12:23:17,/history,BSE:SENSEX26SEP75200PE,60,2026-06-16,2026-09-24,1,1,1,200,ok
2026-09-24 12:23:17,/history,BSE:SENSEX26SEP75200CE,D,2026-06-16,2026-09-24,1,1,1,200,ok
2026-09-24 12:23:17,/history,BSE:SENSEX26SEP75200PE,D,2026-06-16,2026-09-24,1,1,1,200,ok
2026-09-24 12:23:17,/history,BSE:SENSEX26SEP75300CE,5S,2026-06-16,2026-07-16,1,1,1,200,no_data
2026-09-24 12:23:17,/history,BSE:SENSEX26SEP75300PE,5S,2026-06-16,2026-07-16,1,1,1,200,no_data
2026-09-24 12:23:18,/history,BSE:SENSEX26SEP75300CE,1,2026-06-16,2026-09-24,1,1,1,200,ok
2026-09-24 12:23:18,/history,BSE:SENSEX26SEP75300CE,5S,2026-07-17,2026-08-16,1,1,1,200,no_data
2026-09-24 12:23:18,/history,BSE:SENSEX26SEP75300PE,5S,2026-07-17,2026-08-16,1,1,1,200,no_data
2026-09-24 12:23:18,/history,BSE:SENSEX26SEP75300PE,1,2026-06-16,2026-09-24,1,1,1,200,ok
2026-09-24 12:23:18,/history,BSE:SENSEX26SEP75300CE,5,2026-06-16,2026-09-24,1,1,1,200,ok
2026-09-24 12:23:18,/history,BSE:SENSEX26SEP75300PE,5,2026-06-16,2026-09-24,1,1,1,200,ok
2026-09-24 12:23:18,/history,BSE:SENSEX26SEP75300CE,60,2026-06-16,2026-09-24,1,1,1,200,ok
2026-09-24 12:23:18,/history,BSE:SENSEX26SEP75300CE,5S,2026-08-17,2026-09-16,1,1,1,200,ok
2026-09-24 12:23:19,/history,BSE:SENSEX26SEP75300CE,D,2026-06-16,2026-09-24,1,1,1,200,ok
2026-09-24 12:23:19,/history,BSE:SENSEX26SEP75300PE,D,2026-06-16,2026-09-24,1,1,1,200,ok
2026-09-24 12:23:19,/history,BSE:SENSEX26SEP75300PE,60,2026-06-16,2026-09-24,1,1,1,200,ok
2026-09-24 12:23:19,/history,BSE:SENSEX26SEP75300PE,5S,2026-08-17,2026-09-16,1,1,1,200,ok
2026-09-24 12:23:19,/history,BSE:SENSEX26SEP75400CE,5S,2026-06-16,2026-07-16,1,1,1,200,no_data
2026-09-24 12:23:19,/history,BSE:SENSEX26SEP75400PE,5S,2026-06-16,2026-07-16,1,1,1,200,no_data
2026-09-24 12:23:19,/history,BSE:SENSEX26SEP75400CE,1,2026-06-16,2026-09-24,1,1,1,200,ok
2026-09-24 12:23:19,/history,BSE:SENSEX26SEP75400CE,5S,2026-07-17,2026-08-16,1,1,1,200,no_data
2026-09-24 12:23:20,/history,BSE:SENSEX26SEP75400PE,5S,2026-07-17,2026-08-16,1,1,1,200,no_data
2026-09-24 12:23:20,/history,BSE:SENSEX26SEP75300CE,5S,2026-09-17,2026-09-24,1,1,1,200,ok
2026-09-24 12:23:20,/history,BSE:SENSEX26SEP75400PE,1,2026-06-16,2026-09-24,1,1,1,200,ok
2026-09-24 12:23:20,/history,BSE:SENSEX26SEP75300PE,5S,2026-09-17,2026-09-24,1,1,1,200,ok
2026-09-24 12:23:21,/history,BSE:SENSEX26SEP75400CE,5S,2026-08-17,2026-09-16,1,1,1,200,ok
2026-09-24 12:23:21,/history,BSE:SENSEX26SEP75400PE,5S,2026-08-17,2026-09-16,1,1,1,200,ok
2026-09-24 12:23:21,/history,BSE:SENSEX26SEP75400CE,5,2026-06-16,2026-09-24,1,1,1,200,ok
2026-09-24 12:23:22,/history,BSE:SENSEX26SEP75400CE,5S,2026-09-17,2026-09-24,1,1,1,200,ok
2026-09-24 12:23:22,/history,BSE:SENSEX26SEP75400PE,5,2026-06-16,2026-09-24,1,1,1,200,ok
2026-09-24 12:23:22,/history,BSE:SENSEX26SEP75400PE,5S,2026-09-17,2026-09-24,1,1,1,200,ok
2026-09-24 12:23:23,/history,BSE:SENSEX26SEP75400CE,60,2026-06-16,2026-09-24,1,1,1,200,ok
2026-09-24 12:23:23,/history,BSE:SENSEX26SEP75400PE,60,2026-06-16,2026-09-24,1,1,1,200,ok
2026-09-24 12:23:23,/history,BSE:SENSEX26SEP75400CE,D,2026-06-16,2026-09-24,1,1,1,200,ok
2026-09-24 12:23:23,/history,BSE:SENSEX26SEP75400PE,D,2026-06-16,2026-09-24,1,1,1,200,ok
2026-09-24 12:23:24,/history,BSE:SENSEX26SEP75500CE,5S,2026-06-16,2026-07-16,1,1,1,200,no_data
2026-09-24 12:23:24,/history,BSE:SENSEX26SEP75500PE,5S,2026-06-16,2026-07-16,1,1,1,200,no_data
2026-09-24 12:23:24,/history,BSE:SENSEX26SEP75500CE,5S,2026-07-17,2026-08-16,1,1,1,200,no_data
2026-09-24 12:23:24,/history,BSE:SENSEX26SEP75500CE,1,2026-06-16,2026-09-24,1,1,1,200,ok
2026-09-24 12:23:24,/history,BSE:SENSEX26SEP75500CE,5,2026-06-16,2026-09-24,1,1,1,200,ok
2026-09-24 12:23:24,/history,BSE:SENSEX26SEP75500PE,5S,2026-07-17,2026-08-16,1,1,1,200,ok
2026-09-24 12:23:24,/history,BSE:SENSEX26SEP75500PE,1,2026-06-16,2026-09-24,1,1,1,200,ok
2026-09-24 12:23:25,/history,BSE:SENSEX26SEP75500PE,5,2026-06-16,2026-09-24,1,1,1,200,ok
2026-09-24 12:23:25,/history,BSE:SENSEX26SEP75500CE,60,2026-06-16,2026-09-24,1,1,1,200,ok
2026-09-24 12:23:25,/history,BSE:SENSEX26SEP75500PE,60,2026-06-16,2026-09-24,1,1,1,200,ok
2026-09-24 12:23:26,/history,BSE:SENSEX26SEP75500CE,D,2026-06-16,2026-09-24,1,1,1,200,ok
2026-09-24 12:23:26,/history,BSE:SENSEX26SEP75500PE,D,2026-06-16,2026-09-24,1,1,1,200,ok
2026-09-24 12:23:26,/history,BSE:SENSEX26SEP75600CE,5S,2026-06-16,2026-07-16,1,1,1,200,no_data
2026-09-24 12:23:26,/history,BSE:SENSEX26SEP75600CE,5S,2026-07-17,2026-08-16,1,1,1,200,no_data
2026-09-24 12:23:26,/history,BSE:SENSEX26SEP75600PE,5S,2026-06-16,2026-07-16,1,1,1,200,no_data
2026-09-24 12:23:26,/history,BSE:SENSEX26SEP75500CE,5S,2026-08-17,2026-09-16,1,1,1,200,ok
2026-09-24 12:23:27,/history,BSE:SENSEX26SEP75600CE,1,2026-06-16,2026-09-24,1,1,1,200,ok
2026-09-24 12:23:27,/history,BSE:SENSEX26SEP75600PE,5S,2026-07-17,2026-08-16,1,1,1,200,no_data
2026-09-24 12:23:28,/history,BSE:SENSEX26SEP75600PE,1,2026-06-16,2026-09-24,1,1,1,200,ok
2026-09-24 12:23:29,/history,BSE:SENSEX26SEP75500CE,5S,2026-09-17,2026-09-24,1,1,1,200,ok
2026-09-24 12:23:29,/history,BSE:SENSEX26SEP75600CE,5S,2026-08-17,2026-09-16,1,1,1,200,ok
2026-09-24 12:23:30,/history,BSE:SENSEX26SEP75600PE,5S,2026-08-17,2026-09-16,1,1,1,200,ok
2026-09-24 12:23:30,/history,BSE:SENSEX26SEP75600CE,5,2026-06-16,2026-09-24,1,1,1,200,ok
2026-09-24 12:23:30,/history,BSE:SENSEX26SEP75500PE,5S,2026-08-17,2026-09-16,1,1,1,200,ok
2026-09-24 12:23:30,/history,BSE:SENSEX26SEP75600PE,5,2026-06-16,2026-09-24,1,1,1,200,ok
2026-09-24 12:23:30,/history,BSE:SENSEX26SEP75600CE,5S,2026-09-17,2026-09-24,1,1,1,200,ok
2026-09-24 12:23:31,/history,BSE:SENSEX26SEP75600CE,60,2026-06-16,2026-09-24,1,1,1,200,ok
2026-09-24 12:23:31,/history,BSE:SENSEX26SEP75600PE,5S,2026-09-17,2026-09-24,1,1,1,200,ok
2026-09-24 12:23:31,/history,BSE:SENSEX26SEP75500PE,5S,2026-09-17,2026-09-24,1,1,1,200,ok
2026-09-24 12:23:31,/history,BSE:SENSEX26SEP75600PE,60,2026-06-16,2026-09-24,1,1,1,200,ok
2026-09-24 12:23:32,/history,BSE:SENSEX26SEP75600CE,D,2026-06-16,2026-09-24,1,1,1,200,ok
2026-09-24 12:23:32,/history,BSE:SENSEX26SEP75600PE,D,2026-06-16,2026-09-24,1,1,1,200,ok
2026-09-24 12:23:32,/history,BSE:SENSEX26SEP75700CE,5S,2026-06-16,2026-07-16,1,1,1,200,no_data
2026-09-24 12:23:33,/history,BSE:SENSEX26SEP75700PE,5S,2026-06-16,2026-07-16,1,1,1,200,no_data
2026-09-24 12:23:33,/history,BSE:SENSEX26SEP75700CE,5S,2026-07-17,2026-08-16,1,1,1,200,no_data
2026-09-24 12:23:33,/history,BSE:SENSEX26SEP75700PE,5S,2026-07-17,2026-08-16,1,1,1,200,no_data
2026-09-24 12:23:34,/history,BSE:SENSEX26SEP75700CE,1,2026-06-16,2026-09-24,1,1,1,200,ok
2026-09-24 12:23:34,/history,BSE:SENSEX26SEP75700PE,1,2026-06-16,2026-09-24,1,1,1,200,ok
2026-09-24 12:23:34,/history,BSE:SENSEX26SEP75700CE,5S,2026-08-17,2026-09-16,1,1,1,200,ok
2026-09-24 12:23:35,/history,BSE:SENSEX26SEP75700PE,5S,2026-08-17,2026-09-16,1,1,1,200,ok
2026-09-24 12:23:35,/history,BSE:SENSEX26SEP75700CE,5,2026-06-16,2026-09-24,1,1,1,200,ok
2026-09-24 12:23:35,/history,BSE:SENSEX26SEP75700PE,5,2026-06-16,2026-09-24,1,1,1,200,ok
2026-09-24 12:23:35,/history,BSE:SENSEX26SEP75700CE,60,2026-06-16,2026-09-24,1,1,1,200,ok
2026-09-24 12:23:35,/history,BSE:SENSEX26SEP75700CE,5S,2026-09-17,2026-09-24,1,1,1,200,ok
2026-09-24 12:23:35,/history,BSE:SENSEX26SEP75700PE,60,2026-06-16,2026-09-24,1,1,1,200,ok
2026-09-24 12:23:35,/history,BSE:SENSEX26SEP75700CE,D,2026-06-16,2026-09-24,1,1,1,200,ok
2026-09-24 12:23:36,/history,BSE:SENSEX26SEP75700PE,5S,2026-09-17,2026-09-24,1,1,1,200,ok
2026-09-24 12:23:36,/history,BSE:SENSEX26SEP75800CE,5S,2026-06-16,2026-07-16,1,1,1,200,no_data
2026-09-24 12:23:36,/history,BSE:SENSEX26SEP75800PE,5S,2026-06-16,2026-07-16,1,1,1,200,no_data
2026-09-24 12:23:36,/history,BSE:SENSEX26SEP75700PE,D,2026-06-16,2026-09-24,1,1,1,200,ok
2026-09-24 12:23:36,/history,BSE:SENSEX26SEP75800CE,5S,2026-07-17,2026-08-16,1,1,1,200,no_data
2026-09-24 12:23:36,/history,BSE:SENSEX26SEP75800PE,5S,2026-07-17,2026-08-16,1,1,1,200,no_data
2026-09-24 12:23:37,/history,BSE:SENSEX26SEP75800CE,1,2026-06-16,2026-09-24,1,1,1,200,ok
2026-09-24 12:23:37,/history,BSE:SENSEX26SEP75800PE,1,2026-06-16,2026-09-24,1,1,1,200,ok
2026-09-24 12:23:37,/history,BSE:SENSEX26SEP75800CE,5,2026-06-16,2026-09-24,1,1,1,200,ok
2026-09-24 12:23:38,/history,BSE:SENSEX26SEP75800CE,5S,2026-08-17,2026-09-16,1,1,1,200,ok
2026-09-24 12:23:38,/history,BSE:SENSEX26SEP75800PE,5S,2026-08-17,2026-09-16,1,1,1,200,ok
2026-09-24 12:23:38,/history,BSE:SENSEX26SEP75800PE,5,2026-06-16,2026-09-24,1,1,1,200,ok
2026-09-24 12:23:38,/history,BSE:SENSEX26SEP75800CE,60,2026-06-16,2026-09-24,1,1,1,200,ok
2026-09-24 12:23:39,/history,BSE:SENSEX26SEP75800CE,5S,2026-09-17,2026-09-24,1,1,1,200,ok
2026-09-24 12:23:40,/history,BSE:SENSEX26SEP75900CE,5S,2026-06-16,2026-07-16,1,1,1,200,no_data
2026-09-24 12:23:42,/history,BSE:SENSEX26SEP75800PE,D,2026-06-16,2026-09-24,1,1,1,200,ok
2026-09-24 12:23:49,/history,BSE:SENSEX26SEP75900PE,5S,2026-06-16,2026-07-16,1,1,1,200,no_data
2026-09-24 12:23:50,/history,BSE:SENSEX26SEP75900PE,5S,2026-07-17,2026-08-16,1,1,1,200,no_data
2026-09-24 12:23:50,/history,BSE:SENSEX26SEP75800PE,60,2026-06-16,2026-09-24,1,1,1,200,ok
2026-09-24 12:23:51,/history,BSE:SENSEX26SEP75900CE,5S,2026-07-17,2026-08-16,1,1,1,200,no_data
2026-09-24 12:23:52,/history,BSE:SENSEX26SEP75900CE,1,2026-06-16,2026-09-24,1,1,1,200,ok
2026-09-24 12:23:52,/history,BSE:SENSEX26SEP75800CE,D,2026-06-16,2026-09-24,1,1,1,200,ok
2026-09-24 12:23:53,/history,BSE:SENSEX26SEP75800PE,5S,2026-09-17,2026-09-24,1,1,1,200,ok
2026-09-24 12:23:53,/history,BSE:SENSEX26SEP75900CE,5,2026-06-16,2026-09-24,1,1,1,200,ok
2026-09-24 12:23:54,/history,BSE:SENSEX26SEP75900PE,1,2026-06-16,2026-09-24,1,1,1,200,ok
2026-09-24 12:23:54,/history,BSE:SENSEX26SEP75900PE,5,2026-06-16,2026-09-24,1,1,1,200,ok
2026-09-24 12:23:54,/history,BSE:SENSEX26SEP75900PE,5S,2026-08-17,2026-09-16,1,1,1,200,ok
2026-09-24 12:23:55,/history,BSE:SENSEX26SEP75900CE,5S,2026-08-17,2026-09-16,1,1,1,200,ok
2026-09-24 12:23:55,/history,BSE:SENSEX26SEP75900CE,60,2026-06-16,2026-09-24,1,1,1,200,ok
2026-09-24 12:23:55,/history,BSE:SENSEX26SEP75900PE,60,2026-06-16,2026-09-24,1,1,1,200,ok
2026-09-24 12:23:55,/history,BSE:SENSEX26SEP75900PE,D,2026-06-16,2026-09-24,1,1,1,200,ok
2026-09-24 12:23:55,/history,BSE:SENSEX26SEP75900CE,D,2026-06-16,2026-09-24,1,1,1,200,ok
2026-09-24 12:23:56,/history,BSE:SENSEX26SEP76000CE,5S,2026-06-16,2026-07-16,1,1,1,200,no_data
2026-09-24 12:23:56,/history,BSE:SENSEX26SEP76000PE,5S,2026-06-16,2026-07-16,1,1,1,200,no_data
2026-09-24 12:23:56,/history,BSE:SENSEX26SEP76000CE,5S,2026-07-17,2026-08-16,1,1,1,200,ok
2026-09-24 12:23:57,/history,BSE:SENSEX26SEP75900PE,5S,2026-09-17,2026-09-24,1,1,1,200,ok
2026-09-24 12:23:57,/history,BSE:SENSEX26SEP75900CE,5S,2026-09-17,2026-09-24,1,1,1,200,ok
2026-09-24 12:23:57,/history,BSE:SENSEX26SEP76000PE,5S,2026-07-17,2026-08-16,1,1,1,200,ok
2026-09-24 12:23:58,/history,BSE:SENSEX26SEP76000CE,1,2026-06-16,2026-09-24,1,1,1,200,ok
2026-09-24 12:23:59,/history,BSE:SENSEX26SEP76000CE,5S,2026-08-17,2026-09-16,1,1,1,200,ok
2026-09-24 12:24:00,/history,BSE:SENSEX26SEP76000PE,1,2026-06-16,2026-09-24,1,1,1,200,ok
2026-09-24 12:24:01,/history,BSE:SENSEX26SEP76000CE,5S,2026-09-17,2026-09-24,1,1,1,200,ok
2026-09-24 12:24:01,/history,BSE:SENSEX26SEP76000PE,5S,2026-08-17,2026-09-16,1,1,1,200,ok
2026-09-24 12:24:02,/history,BSE:SENSEX26SEP76000CE,5,2026-06-16,2026-09-24,1,1,1,200,ok
2026-09-24 12:24:02,/history,BSE:SENSEX26SEP76000PE,5,2026-06-16,2026-09-24,1,1,1,200,ok
2026-09-24 12:24:02,/history,BSE:SENSEX26SEP76000CE,60,2026-06-16,2026-09-24,1,1,1,200,ok
2026-09-24 12:24:02,/history,BSE:SENSEX26SEP76000CE,D,2026-06-16,2026-09-24,1,1,1,200,ok
2026-09-24 12:24:02,/history,BSE:SENSEX26SEP76000PE,60,2026-06-16,2026-09-24,1,1,1,200,ok
2026-09-24 12:24:02,/history,BSE:SENSEX26SEP76000PE,5S,2026-09-17,2026-09-24,1,1,1,200,ok
2026-09-24 12:24:03,/history,BSE:SENSEX26SEP76100CE,5S,2026-06-16,2026-07-16,1,1,1,200,no_data
2026-09-24 12:24:03,/history,BSE:SENSEX26SEP76000PE,D,2026-06-16,2026-09-24,1,1,1,200,ok
2026-09-24 12:24:03,/history,BSE:SENSEX26SEP76100PE,5S,2026-06-16,2026-07-16,1,1,1,200,no_data
2026-09-24 12:24:03,/history,BSE:SENSEX26SEP76100CE,5S,2026-07-17,2026-08-16,1,1,1,200,no_data
2026-09-24 12:24:03,/history,BSE:SENSEX26SEP76100PE,5S,2026-07-17,2026-08-16,1,1,1,200,no_data
2026-09-24 12:24:03,/history,BSE:SENSEX26SEP76100CE,1,2026-06-16,2026-09-24,1,1,1,200,ok
2026-09-24 12:24:04,/history,BSE:SENSEX26SEP76100PE,1,2026-06-16,2026-09-24,1,1,1,200,ok
2026-09-24 12:24:05,/history,BSE:SENSEX26SEP76100CE,5S,2026-08-17,2026-09-16,1,1,1,200,ok
2026-09-24 12:24:05,/history,BSE:SENSEX26SEP76100PE,5S,2026-08-17,2026-09-16,1,1,1,200,ok
2026-09-24 12:24:05,/history,BSE:SENSEX26SEP76100CE,5,2026-06-16,2026-09-24,1,1,1,200,ok
2026-09-24 12:24:06,/history,BSE:SENSEX26SEP76100PE,5,2026-06-16,2026-09-24,1,1,1,200,ok
2026-09-24 12:24:06,/history,BSE:SENSEX26SEP76100CE,60,2026-06-16,2026-09-24,1,1,1,200,ok
2026-09-24 12:24:06,/history,BSE:SENSEX26SEP76100PE,60,2026-06-16,2026-09-24,1,1,1,200,ok
2026-09-24 12:24:06,/history,BSE:SENSEX26SEP76100CE,5S,2026-09-17,2026-09-24,1,1,1,200,ok
2026-09-24 12:24:07,/history,BSE:SENSEX26SEP76100CE,D,2026-06-16,2026-09-24,1,1,1,200,ok
2026-09-24 12:24:07,/history,BSE:SENSEX26SEP76100PE,5S,2026-09-17,2026-09-24,1,1,1,200,ok
2026-09-24 12:24:07,/history,BSE:SENSEX26SEP76100PE,D,2026-06-16,2026-09-24,1,1,1,200,ok
2026-09-24 12:24:07,/history,BSE:SENSEX26SEP76200CE,5S,2026-06-16,2026-07-16,1,1,1,200,no_data
2026-09-24 12:24:07,/history,BSE:SENSEX26SEP76200PE,5S,2026-06-16,2026-07-16,1,1,1,200,no_data
2026-09-24 12:24:07,/history,BSE:SENSEX26SEP76200CE,5S,2026-07-17,2026-08-16,1,1,1,200,no_data
2026-09-24 12:24:08,/history,BSE:SENSEX26SEP76200PE,5S,2026-07-17,2026-08-16,1,1,1,200,no_data
2026-09-24 12:24:08,/history,BSE:SENSEX26SEP76200CE,1,2026-06-16,2026-09-24,1,1,1,200,ok
2026-09-24 12:24:10,/history,BSE:SENSEX26SEP76200PE,1,2026-06-16,2026-09-24,1,1,1,200,ok
2026-09-24 12:24:11,/history,BSE:SENSEX26SEP76200CE,5S,2026-08-17,2026-09-16,1,1,1,200,ok
2026-09-24 12:24:11,/history,BSE:SENSEX26SEP76200CE,5,2026-06-16,2026-09-24,1,1,1,200,ok
2026-09-24 12:24:12,/history,BSE:SENSEX26SEP76200PE,5S,2026-08-17,2026-09-16,1,1,1,200,ok
2026-09-24 12:24:12,/history,BSE:SENSEX26SEP76200CE,60,2026-06-16,2026-09-24,1,1,1,200,ok
2026-09-24 12:24:12,/history,BSE:SENSEX26SEP76200PE,5,2026-06-16,2026-09-24,1,1,1,200,ok
2026-09-24 12:24:12,/history,BSE:SENSEX26SEP76200CE,5S,2026-09-17,2026-09-24,1,1,1,200,ok
2026-09-24 12:24:12,/history,BSE:SENSEX26SEP76200PE,60,2026-06-16,2026-09-24,1,1,1,200,ok
2026-09-24 12:24:13,/history,BSE:SENSEX26SEP76200CE,D,2026-06-16,2026-09-24,1,1,1,200,ok
2026-09-24 12:24:13,/history,BSE:SENSEX26SEP76200PE,D,2026-06-16,2026-09-24,1,1,1,200,ok
2026-09-24 12:24:13,/history,BSE:SENSEX26SEP76200PE,5S,2026-09-17,2026-09-24,1,1,1,200,ok
2026-09-24 12:24:13,/history,BSE:SENSEX26SEP76300PE,5S,2026-06-16,2026-07-16,1,1,1,200,no_data
2026-09-24 12:24:13,/history,BSE:SENSEX26SEP76300CE,5S,2026-06-16,2026-07-16,1,1,1,200,no_data
2026-09-24 12:24:13,/history,BSE:SENSEX26SEP76300CE,1,2026-06-16,2026-09-24,1,1,1,200,ok
2026-09-24 12:24:14,/history,BSE:SENSEX26SEP76300PE,5S,2026-07-17,2026-08-16,1,1,1,200,ok
2026-09-24 12:24:13,/history,BSE:SENSEX26SEP76300CE,5S,2026-07-17,2026-08-16,1,1,1,200,no_data
2026-09-24 12:24:14,/history,BSE:SENSEX26SEP76300PE,1,2026-06-16,2026-09-24,1,1,1,200,ok
2026-09-24 12:24:15,/history,BSE:SENSEX26SEP76300CE,5,2026-06-16,2026-09-24,1,1,1,200,ok
2026-09-24 12:24:15,/history,BSE:SENSEX26SEP76300PE,5,2026-06-16,2026-09-24,1,1,1,200,ok
2026-09-24 12:24:15,/history,BSE:SENSEX26SEP76300CE,60,2026-06-16,2026-09-24,1,1,1,200,ok
2026-09-24 12:24:16,/history,BSE:SENSEX26SEP76300PE,5S,2026-08-17,2026-09-16,1,1,1,200,ok
2026-09-24 12:24:16,/history,BSE:SENSEX26SEP76300PE,60,2026-06-16,2026-09-24,1,1,1,200,ok
2026-09-24 12:24:16,/history,BSE:SENSEX26SEP76300CE,5S,2026-08-17,2026-09-16,1,1,1,200,ok
2026-09-24 12:24:16,/history,BSE:SENSEX26SEP76300CE,D,2026-06-16,2026-09-24,1,1,1,200,ok
2026-09-24 12:24:16,/history,BSE:SENSEX26SEP76300PE,D,2026-06-16,2026-09-24,1,1,1,200,ok
2026-09-24 12:24:16,/history,BSE:SENSEX26SEP76400CE,5S,2026-06-16,2026-07-16,1,1,1,200,no_data
2026-09-24 12:24:16,/history,BSE:SENSEX26SEP76400PE,5S,2026-06-16,2026-07-16,1,1,1,200,no_data
2026-09-24 12:24:16,/history,BSE:SENSEX26SEP76300PE,5S,2026-09-17,2026-09-24,1,1,1,200,ok
2026-09-24 12:24:16,/history,BSE:SENSEX26SEP76400CE,1,2026-06-16,2026-09-24,1,1,1,200,ok
2026-09-24 12:24:16,/history,BSE:SENSEX26SEP76400CE,5S,2026-07-17,2026-08-16,1,1,1,200,no_data
2026-09-24 12:24:17,/history,BSE:SENSEX26SEP76400PE,5S,2026-07-17,2026-08-16,1,1,1,200,no_data
2026-09-24 12:24:17,/history,BSE:SENSEX26SEP76300CE,5S,2026-09-17,2026-09-24,1,1,1,200,ok
2026-09-24 12:24:18,/history,BSE:SENSEX26SEP76400PE,1,2026-06-16,2026-09-24,1,1,1,200,ok
2026-09-24 12:24:19,/history,BSE:SENSEX26SEP76400CE,5S,2026-08-17,2026-09-16,1,1,1,200,ok
2026-09-24 12:24:19,/history,BSE:SENSEX26SEP76400CE,5,2026-06-16,2026-09-24,1,1,1,200,ok
2026-09-24 12:24:19,/history,BSE:SENSEX26SEP76400PE,5S,2026-08-17,2026-09-16,1,1,1,200,ok
2026-09-24 12:24:20,/history,BSE:SENSEX26SEP76400PE,5,2026-06-16,2026-09-24,1,1,1,200,ok
2026-09-24 12:24:20,/history,BSE:SENSEX26SEP76400CE,5S,2026-09-17,2026-09-24,1,1,1,200,ok
2026-09-24 12:24:20,/history,BSE:SENSEX26SEP76400CE,60,2026-06-16,2026-09-24,1,1,1,200,ok
2026-09-24 12:24:20,/history,BSE:SENSEX26SEP76400PE,5S,2026-09-17,2026-09-24,1,1,1,200,ok
2026-09-24 12:24:21,/history,BSE:SENSEX26SEP76400PE,60,2026-06-16,2026-09-24,1,1,1,200,ok
2026-09-24 12:24:21,/history,BSE:SENSEX26SEP76400CE,D,2026-06-16,2026-09-24,1,1,1,200,ok
2026-09-24 12:24:21,/history,BSE:SENSEX26SEP76400PE,D,2026-06-16,2026-09-24,1,1,1,200,ok
2026-09-24 12:24:21,/history,BSE:SENSEX26SEP76500PE,5S,2026-06-16,2026-07-16,1,1,1,200,no_data
2026-09-24 12:24:21,/history,BSE:SENSEX26SEP76500CE,5S,2026-06-16,2026-07-16,1,1,1,200,no_data
2026-09-24 12:24:22,/history,BSE:SENSEX26SEP76500PE,5S,2026-07-17,2026-08-16,1,1,1,200,no_data
2026-09-24 12:24:22,/history,BSE:SENSEX26SEP76500CE,5S,2026-07-17,2026-08-16,1,1,1,200,no_data
2026-09-24 12:24:22,/history,BSE:SENSEX26SEP76500CE,1,2026-06-16,2026-09-24,1,1,1,200,ok
2026-09-24 12:24:23,/history,BSE:SENSEX26SEP76500CE,5,2026-06-16,2026-09-24,1,1,1,200,ok
2026-09-24 12:24:24,/history,BSE:SENSEX26SEP76500PE,5,2026-06-16,2026-09-24,1,1,1,200,ok
2026-09-24 12:24:24,/history,BSE:SENSEX26SEP76500PE,1,2026-06-16,2026-09-24,1,1,1,200,ok
2026-09-24 12:24:24,/history,BSE:SENSEX26SEP76500CE,60,2026-06-16,2026-09-24,1,1,1,200,ok
2026-09-24 12:24:25,/history,BSE:SENSEX26SEP76500CE,D,2026-06-16,2026-09-24,1,1,1,200,ok
2026-09-24 12:24:25,/history,BSE:SENSEX26SEP76500PE,60,2026-06-16,2026-09-24,1,1,1,200,ok
2026-09-24 12:24:25,/history,BSE:SENSEX26SEP76500PE,D,2026-06-16,2026-09-24,1,1,1,200,ok
2026-09-24 12:24:26,/history,BSE:SENSEX26SEP76600PE,5S,2026-06-16,2026-07-16,1,1,1,200,no_data
2026-09-24 12:24:26,/history,BSE:SENSEX26SEP76600CE,5S,2026-06-16,2026-07-16,1,1,1,200,no_data
2026-09-24 12:24:26,/history,BSE:SENSEX26SEP76600PE,5S,2026-07-17,2026-08-16,1,1,1,200,no_data
2026-09-24 12:24:26,/history,BSE:SENSEX26SEP76600CE,5S,2026-07-17,2026-08-16,1,1,1,200,no_data
2026-09-24 12:24:26,/history,BSE:SENSEX26SEP76600CE,1,2026-06-16,2026-09-24,1,1,1,200,ok
2026-09-24 12:24:28,/history,BSE:SENSEX26SEP76500CE,5S,2026-08-17,2026-09-16,1,1,1,200,ok
2026-09-24 12:24:28,/history,BSE:SENSEX26SEP76500PE,5S,2026-08-17,2026-09-16,1,1,1,200,ok
2026-09-24 12:24:29,/history,BSE:SENSEX26SEP76600PE,5S,2026-08-17,2026-09-16,1,1,1,200,ok
2026-09-24 12:24:29,/history,BSE:SENSEX26SEP76600PE,1,2026-06-16,2026-09-24,1,1,1,200,ok
2026-09-24 12:24:29,/history,BSE:SENSEX26SEP76600CE,5S,2026-08-17,2026-09-16,1,1,1,200,ok
2026-09-24 12:24:29,/history,BSE:SENSEX26SEP76600PE,5S,2026-09-17,2026-09-24,1,1,1,200,ok
2026-09-24 12:24:29,/history,BSE:SENSEX26SEP76500CE,5S,2026-09-17,2026-09-24,1,1,1,200,ok
2026-09-24 12:24:30,/history,BSE:SENSEX26SEP76600CE,5,2026-06-16,2026-09-24,1,1,1,200,ok
2026-09-24 12:24:30,/history,BSE:SENSEX26SEP76500PE,5S,2026-09-17,2026-09-24,1,1,1,200,ok
2026-09-24 12:24:30,/history,BSE:SENSEX26SEP76600PE,5,2026-06-16,2026-09-24,1,1,1,200,ok
2026-09-24 12:24:31,/history,BSE:SENSEX26SEP76600CE,5S,2026-09-17,2026-09-24,1,1,1,200,ok
2026-09-24 12:24:31,/history,BSE:SENSEX26SEP76600CE,60,2026-06-16,2026-09-24,1,1,1,200,ok
2026-09-24 12:24:31,/history,BSE:SENSEX26SEP76600PE,60,2026-06-16,2026-09-24,1,1,1,200,ok
2026-09-24 12:24:32,/history,BSE:SENSEX26SEP76600CE,D,2026-06-16,2026-09-24,1,1,1,200,ok
2026-09-24 12:24:32,/history,BSE:SENSEX26SEP76600PE,D,2026-06-16,2026-09-24,1,1,1,200,ok
2026-09-24 12:24:32,/history,BSE:SENSEX26SEP76700CE,5S,2026-06-16,2026-07-16,1,1,1,200,no_data
2026-09-24 12:24:33,/history,BSE:SENSEX26SEP76700PE,5S,2026-06-16,2026-07-16,1,1,1,200,no_data
2026-09-24 12:24:33,/history,BSE:SENSEX26SEP76700CE,5S,2026-07-17,2026-08-16,1,1,1,200,no_data
2026-09-24 12:24:33,/history,BSE:SENSEX26SEP76700PE,5S,2026-07-17,2026-08-16,1,1,1,200,no_data
2026-09-24 12:24:34,/history,BSE:SENSEX26SEP76700CE,1,2026-06-16,2026-09-24,1,1,1,200,ok
2026-09-24 12:24:34,/history,BSE:SENSEX26SEP76700PE,1,2026-06-16,2026-09-24,1,1,1,200,ok
2026-09-24 12:24:35,/history,BSE:SENSEX26SEP76700CE,5,2026-06-16,2026-09-24,1,1,1,200,ok
2026-09-24 12:24:35,/history,BSE:SENSEX26SEP76700CE,5S,2026-08-17,2026-09-16,1,1,1,200,ok
2026-09-24 12:24:35,/history,BSE:SENSEX26SEP76700PE,5,2026-06-16,2026-09-24,1,1,1,200,ok
2026-09-24 12:24:35,/history,BSE:SENSEX26SEP76700PE,5S,2026-08-17,2026-09-16,1,1,1,200,ok
2026-09-24 12:24:35,/history,BSE:SENSEX26SEP76700CE,60,2026-06-16,2026-09-24,1,1,1,200,ok
2026-09-24 12:24:35,/history,BSE:SENSEX26SEP76700PE,60,2026-06-16,2026-09-24,1,1,1,200,ok
2026-09-24 12:24:36,/history,BSE:SENSEX26SEP76700PE,D,2026-06-16,2026-09-24,1,1,1,200,ok
2026-09-24 12:24:36,/history,BSE:SENSEX26SEP76700CE,D,2026-06-16,2026-09-24,1,1,1,200,ok
2026-09-24 12:24:36,/history,BSE:SENSEX26SEP76700CE,5S,2026-09-17,2026-09-24,1,1,1,200,ok
2026-09-24 12:24:36,/history,BSE:SENSEX26SEP76800CE,5S,2026-06-16,2026-07-16,1,1,1,200,no_data
2026-09-24 12:24:36,/history,BSE:SENSEX26SEP76800PE,5S,2026-06-16,2026-07-16,1,1,1,200,no_data
2026-09-24 12:24:36,/history,BSE:SENSEX26SEP76700PE,5S,2026-09-17,2026-09-24,1,1,1,200,ok
2026-09-24 12:24:36,/history,BSE:SENSEX26SEP76800CE,5S,2026-07-17,2026-08-16,1,1,1,200,no_data
2026-09-24 12:24:36,/history,BSE:SENSEX26SEP76800PE,5S,2026-07-17,2026-08-16,1,1,1,200,no_data
2026-09-24 12:24:36,/history,BSE:SENSEX26SEP76800CE,1,2026-06-16,2026-09-24,1,1,1,200,ok
2026-09-24 12:24:37,/history,BSE:SENSEX26SEP76800PE,1,2026-06-16,2026-09-24,1,1,1,200,ok
2026-09-24 12:24:39,/history,BSE:SENSEX26SEP76800CE,5,2026-06-16,2026-09-24,1,1,1,200,ok
2026-09-24 12:24:40,/history,BSE:SENSEX26SEP76800PE,5,2026-06-16,2026-09-24,1,1,1,200,ok
2026-09-24 12:24:41,/history,BSE:SENSEX26SEP76800PE,5S,2026-08-17,2026-09-16,1,1,1,200,ok
2026-09-24 12:24:41,/history,BSE:SENSEX26SEP76800CE,60,2026-06-16,2026-09-24,1,1,1,200,ok
2026-09-24 12:24:41,/history,BSE:SENSEX26SEP76800CE,5S,2026-08-17,2026-09-16,1,1,1,200,ok
2026-09-24 12:24:41,/history,BSE:SENSEX26SEP76800PE,60,2026-06-16,2026-09-24,1,1,1,200,ok
2026-09-24 12:24:41,/history,BSE:SENSEX26SEP76800CE,D,2026-06-16,2026-09-24,1,1,1,200,ok
2026-09-24 12:24:41,/history,BSE:SENSEX26SEP76800PE,D,2026-06-16,2026-09-24,1,1,1,200,ok
2026-09-24 12:24:41,/history,BSE:SENSEX26SEP76900CE,5S,2026-06-16,2026-07-16,1,1,1,200,no_data
2026-09-24 12:24:41,/history,BSE:SENSEX26SEP76900PE,5S,2026-06-16,2026-07-16,1,1,1,200,no_data
2026-09-24 12:24:42,/history,BSE:SENSEX26SEP76900CE,5S,2026-07-17,2026-08-16,1,1,1,200,no_data
2026-09-24 12:24:42,/history,BSE:SENSEX26SEP76800PE,5S,2026-09-17,2026-09-24,1,1,1,200,ok
2026-09-24 12:24:42,/history,BSE:SENSEX26SEP76900PE,5S,2026-07-17,2026-08-16,1,1,1,200,no_data
2026-09-24 12:24:42,/history,BSE:SENSEX26SEP76900CE,1,2026-06-16,2026-09-24,1,1,1,200,ok
2026-09-24 12:24:42,/history,BSE:SENSEX26SEP76800CE,5S,2026-09-17,2026-09-24,1,1,1,200,ok
2026-09-24 12:24:43,/history,BSE:SENSEX26SEP76900PE,1,2026-06-16,2026-09-24,1,1,1,200,ok
2026-09-24 12:24:44,/history,BSE:SENSEX26SEP76900CE,5S,2026-08-17,2026-09-16,1,1,1,200,ok
2026-09-24 12:24:45,/history,BSE:SENSEX26SEP76900PE,5S,2026-08-17,2026-09-16,1,1,1,200,ok
2026-09-24 12:24:45,/history,BSE:SENSEX26SEP76900CE,5,2026-06-16,2026-09-24,1,1,1,200,ok
2026-09-24 12:24:45,/history,BSE:SENSEX26SEP76900PE,5S,2026-09-17,2026-09-24,1,1,1,200,ok
2026-09-24 12:24:45,/history,BSE:SENSEX26SEP76900PE,5,2026-06-16,2026-09-24,1,1,1,200,ok
2026-09-24 12:24:46,/history,BSE:SENSEX26SEP76900CE,5S,2026-09-17,2026-09-24,1,1,1,200,ok
2026-09-24 12:24:46,/history,BSE:SENSEX26SEP76900CE,60,2026-06-16,2026-09-24,1,1,1,200,ok
2026-09-24 12:24:46,/history,BSE:SENSEX26SEP76900PE,60,2026-06-16,2026-09-24,1,1,1,200,ok
2026-09-24 12:24:47,/history,BSE:SENSEX26SEP76900CE,D,2026-06-16,2026-09-24,1,1,1,200,ok
2026-09-24 12:24:47,/history,BSE:SENSEX26SEP76900PE,D,2026-06-16,2026-09-24,1,1,1,200,ok
2026-09-24 12:24:47,/history,BSE:SENSEX26SEP77000CE,5S,2026-06-16,2026-07-16,1,1,1,200,no_data
2026-09-24 12:24:47,/history,BSE:SENSEX26SEP77000PE,5S,2026-06-16,2026-07-16,1,1,1,200,no_data
2026-09-24 12:24:48,/history,BSE:SENSEX26SEP77000CE,5S,2026-07-17,2026-08-16,1,1,1,200,ok
2026-09-24 12:24:48,/history,BSE:SENSEX26SEP77000CE,1,2026-06-16,2026-09-24,1,1,1,200,ok
2026-09-24 12:24:48,/history,BSE:SENSEX26SEP77000PE,5S,2026-07-17,2026-08-16,1,1,1,200,ok
2026-09-24 12:24:48,/history,BSE:SENSEX26SEP77000PE,1,2026-06-16,2026-09-24,1,1,1,200,ok
2026-09-24 12:24:49,/history,BSE:SENSEX26SEP77000CE,5,2026-06-16,2026-09-24,1,1,1,200,ok
2026-09-24 12:24:49,/history,BSE:SENSEX26SEP77000PE,5,2026-06-16,2026-09-24,1,1,1,200,ok
2026-09-24 12:24:49,/history,BSE:SENSEX26SEP77000CE,60,2026-06-16,2026-09-24,1,1,1,200,ok
2026-09-24 12:24:49,/history,BSE:SENSEX26SEP77000PE,60,2026-06-16,2026-09-24,1,1,1,200,ok
2026-09-24 12:24:49,/history,BSE:SENSEX26SEP77000PE,D,2026-06-16,2026-09-24,1,1,1,200,ok
2026-09-24 12:24:49,/history,BSE:SENSEX26SEP77000CE,D,2026-06-16,2026-09-24,1,1,1,200,ok
2026-09-24 12:24:49,/history,BSE:SENSEX26SEP77100CE,5S,2026-06-16,2026-07-16,1,1,1,200,no_data
2026-09-24 12:24:50,/history,BSE:SENSEX26SEP77100CE,5S,2026-07-17,2026-08-16,1,1,1,200,no_data
2026-09-24 12:24:50,/history,BSE:SENSEX26SEP77100PE,5S,2026-06-16,2026-07-16,1,1,1,200,no_data
2026-09-24 12:24:51,/history,BSE:SENSEX26SEP77100CE,1,2026-06-16,2026-09-24,1,1,1,200,ok
2026-09-24 12:24:51,/history,BSE:SENSEX26SEP77100PE,5S,2026-07-17,2026-08-16,1,1,1,200,no_data
2026-09-24 12:24:51,/history,BSE:SENSEX26SEP77000PE,5S,2026-08-17,2026-09-16,1,1,1,200,ok
2026-09-24 12:24:51,/history,BSE:SENSEX26SEP77000CE,5S,2026-08-17,2026-09-16,1,1,1,200,ok
2026-09-24 12:24:52,/history,BSE:SENSEX26SEP77100PE,1,2026-06-16,2026-09-24,1,1,1,200,ok
2026-09-24 12:24:54,/history,BSE:SENSEX26SEP77100CE,5,2026-06-16,2026-09-24,1,1,1,200,ok
2026-09-24 12:24:54,/history,BSE:SENSEX26SEP77000PE,5S,2026-09-17,2026-09-24,1,1,1,200,ok
2026-09-24 12:24:54,/history,BSE:SENSEX26SEP77100CE,5S,2026-08-17,2026-09-16,1,1,1,200,ok
2026-09-24 12:24:55,/history,BSE:SENSEX26SEP77000CE,5S,2026-09-17,2026-09-24,1,1,1,200,ok
2026-09-24 12:24:55,/history,BSE:SENSEX26SEP77100PE,5,2026-06-16,2026-09-24,1,1,1,200,ok
2026-09-24 12:24:56,/history,BSE:SENSEX26SEP77100PE,5S,2026-08-17,2026-09-16,1,1,1,200,ok
2026-09-24 12:24:56,/history,BSE:SENSEX26SEP77100CE,60,2026-06-16,2026-09-24,1,1,1,200,ok
2026-09-24 12:24:57,/history,BSE:SENSEX26SEP77100CE,5S,2026-09-17,2026-09-24,1,1,1,200,ok
2026-09-24 12:24:57,/history,BSE:SENSEX26SEP77100PE,60,2026-06-16,2026-09-24,1,1,1,200,ok
2026-09-24 12:24:57,/history,BSE:SENSEX26SEP77100PE,5S,2026-09-17,2026-09-24,1,1,1,200,ok
2026-09-24 12:24:58,/history,BSE:SENSEX26SEP77100CE,D,2026-06-16,2026-09-24,1,1,1,200,ok
2026-09-24 12:24:58,/history,BSE:SENSEX26SEP77100PE,D,2026-06-16,2026-09-24,1,1,1,200,ok
2026-09-24 12:24:59,/history,BSE:SENSEX26SEP77200CE,5S,2026-06-16,2026-07-16,1,1,1,200,no_data
2026-09-24 12:24:59,/history,BSE:SENSEX26SEP77200CE,5S,2026-07-17,2026-08-16,1,1,1,200,no_data
2026-09-24 12:25:00,/history,BSE:SENSEX26SEP77200PE,5S,2026-06-16,2026-07-16,1,1,1,200,no_data
2026-09-24 12:25:01,/history,BSE:SENSEX26SEP77200PE,5S,2026-07-17,2026-08-16,1,1,1,200,no_data
2026-09-24 12:25:01,/history,BSE:SENSEX26SEP77200CE,1,2026-06-16,2026-09-24,1,1,1,200,ok
2026-09-24 12:25:02,/history,BSE:SENSEX26SEP77200CE,5S,2026-08-17,2026-09-16,1,1,1,200,ok
2026-09-24 12:25:02,/history,BSE:SENSEX26SEP77200PE,1,2026-06-16,2026-09-24,1,1,1,200,ok
2026-09-24 12:25:03,/history,BSE:SENSEX26SEP77200CE,5,2026-06-16,2026-09-24,1,1,1,200,ok
2026-09-24 12:25:03,/history,BSE:SENSEX26SEP77200PE,5S,2026-08-17,2026-09-16,1,1,1,200,ok
2026-09-24 12:25:03,/history,BSE:SENSEX26SEP77200PE,5,2026-06-16,2026-09-24,1,1,1,200,ok
2026-09-24 12:25:03,/history,BSE:SENSEX26SEP77200CE,5S,2026-09-17,2026-09-24,1,1,1,200,ok
2026-09-24 12:25:03,/history,BSE:SENSEX26SEP77200CE,60,2026-06-16,2026-09-24,1,1,1,200,ok
2026-09-24 12:25:03,/history,BSE:SENSEX26SEP77200PE,60,2026-06-16,2026-09-24,1,1,1,200,ok
2026-09-24 12:25:03,/history,BSE:SENSEX26SEP77200PE,5S,2026-09-17,2026-09-24,1,1,1,200,ok
2026-09-24 12:25:03,/history,BSE:SENSEX26SEP77200CE,D,2026-06-16,2026-09-24,1,1,1,200,ok
2026-09-24 12:25:04,/history,BSE:SENSEX26SEP77200PE,D,2026-06-16,2026-09-24,1,1,1,200,ok
2026-09-24 12:25:04,/history,BSE:SENSEX26SEP77300CE,5S,2026-06-16,2026-07-16,1,1,1,200,no_data
2026-09-24 12:25:04,/history,BSE:SENSEX26SEP77300PE,5S,2026-06-16,2026-07-16,1,1,1,200,no_data
2026-09-24 12:25:04,/history,BSE:SENSEX26SEP77300CE,5S,2026-07-17,2026-08-16,1,1,1,200,no_data
2026-09-24 12:25:04,/history,BSE:SENSEX26SEP77300CE,1,2026-06-16,2026-09-24,1,1,1,200,ok
2026-09-24 12:25:04,/history,BSE:SENSEX26SEP77300PE,5S,2026-07-17,2026-08-16,1,1,1,200,no_data
2026-09-24 12:25:05,/history,BSE:SENSEX26SEP77300PE,1,2026-06-16,2026-09-24,1,1,1,200,ok
2026-09-24 12:25:05,/history,BSE:SENSEX26SEP77300CE,5,2026-06-16,2026-09-24,1,1,1,200,ok
2026-09-24 12:25:06,/history,BSE:SENSEX26SEP77300PE,5,2026-06-16,2026-09-24,1,1,1,200,ok
2026-09-24 12:25:06,/history,BSE:SENSEX26SEP77300CE,60,2026-06-16,2026-09-24,1,1,1,200,ok
2026-09-24 12:25:06,/history,BSE:SENSEX26SEP77300PE,60,2026-06-16,2026-09-24,1,1,1,200,ok
2026-09-24 12:25:06,/history,BSE:SENSEX26SEP77300CE,D,2026-06-16,2026-09-24,1,1,1,200,ok
2026-09-24 12:25:06,/history,BSE:SENSEX26SEP77300PE,5S,2026-08-17,2026-09-16,1,1,1,200,ok
2026-09-24 12:25:06,/history,BSE:SENSEX26SEP77300PE,D,2026-06-16,2026-09-24,1,1,1,200,ok
2026-09-24 12:25:07,/history,BSE:SENSEX26SEP77300CE,5S,2026-08-17,2026-09-16,1,1,1,200,ok
2026-09-24 12:25:07,/history,BSE:SENSEX26SEP77400CE,5S,2026-06-16,2026-07-16,1,1,1,200,no_data
2026-09-24 12:25:07,/history,BSE:SENSEX26SEP77400PE,5S,2026-06-16,2026-07-16,1,1,1,200,no_data
2026-09-24 12:25:07,/history,BSE:SENSEX26SEP77300PE,5S,2026-09-17,2026-09-24,1,1,1,200,ok
2026-09-24 12:25:07,/history,BSE:SENSEX26SEP77400CE,1,2026-06-16,2026-09-24,1,1,1,200,ok
2026-09-24 12:25:08,/history,BSE:SENSEX26SEP77400CE,5S,2026-07-17,2026-08-16,1,1,1,200,no_data
2026-09-24 12:25:08,/history,BSE:SENSEX26SEP77400PE,5S,2026-07-17,2026-08-16,1,1,1,200,no_data
2026-09-24 12:25:08,/history,BSE:SENSEX26SEP77300CE,5S,2026-09-17,2026-09-24,1,1,1,200,ok
2026-09-24 12:25:08,/history,BSE:SENSEX26SEP77400PE,1,2026-06-16,2026-09-24,1,1,1,200,ok
2026-09-24 12:25:10,/history,BSE:SENSEX26SEP77400CE,5,2026-06-16,2026-09-24,1,1,1,200,ok
2026-09-24 12:25:11,/history,BSE:SENSEX26SEP77400PE,5S,2026-08-17,2026-09-16,1,1,1,200,ok
2026-09-24 12:25:11,/history,BSE:SENSEX26SEP77400PE,5,2026-06-16,2026-09-24,1,1,1,200,ok
2026-09-24 12:25:12,/history,BSE:SENSEX26SEP77400CE,60,2026-06-16,2026-09-24,1,1,1,200,ok
2026-09-24 12:25:12,/history,BSE:SENSEX26SEP77400PE,5S,2026-09-17,2026-09-24,1,1,1,200,ok
2026-09-24 12:25:12,/history,BSE:SENSEX26SEP77400CE,5S,2026-08-17,2026-09-16,1,1,1,200,ok
2026-09-24 12:25:12,/history,BSE:SENSEX26SEP77400PE,60,2026-06-16,2026-09-24,1,1,1,200,ok
2026-09-24 12:25:13,/history,BSE:SENSEX26SEP77400CE,D,2026-06-16,2026-09-24,1,1,1,200,ok
2026-09-24 12:25:13,/history,BSE:SENSEX26SEP77400PE,D,2026-06-16,2026-09-24,1,1,1,200,ok
2026-09-24 12:25:13,/history,BSE:SENSEX26SEP77500CE,5S,2026-06-16,2026-07-16,1,1,1,200,no_data
2026-09-24 12:25:13,/history,BSE:SENSEX26SEP77400CE,5S,2026-09-17,2026-09-24,1,1,1,200,ok
2026-09-24 12:25:13,/history,BSE:SENSEX26SEP77500PE,5S,2026-06-16,2026-07-16,1,1,1,200,no_data
2026-09-24 12:25:14,/history,BSE:SENSEX26SEP77500CE,5S,2026-07-17,2026-08-16,1,1,1,200,ok
2026-09-24 12:25:15,/history,BSE:SENSEX26SEP77500CE,1,2026-06-16,2026-09-24,1,1,1,200,ok
2026-09-24 12:25:15,/history,BSE:SENSEX26SEP77500PE,5S,2026-07-17,2026-08-16,1,1,1,200,ok
2026-09-24 12:25:15,/history,BSE:SENSEX26SEP77500PE,1,2026-06-16,2026-09-24,1,1,1,200,ok
2026-09-24 12:25:16,/history,BSE:SENSEX26SEP77500CE,5,2026-06-16,2026-09-24,1,1,1,200,ok
2026-09-24 12:25:16,/history,BSE:SENSEX26SEP77500PE,5,2026-06-16,2026-09-24,1,1,1,200,ok
2026-09-24 12:25:17,/history,BSE:SENSEX26SEP77500PE,60,2026-06-16,2026-09-24,1,1,1,200,ok
2026-09-24 12:25:17,/history,BSE:SENSEX26SEP77500CE,60,2026-06-16,2026-09-24,1,1,1,200,ok
2026-09-24 12:25:17,/history,BSE:SENSEX26SEP77500CE,D,2026-06-16,2026-09-24,1,1,1,200,ok
2026-09-24 12:25:18,/history,BSE:SENSEX26SEP77600CE,5S,2026-06-16,2026-07-16,1,1,1,200,no_data
2026-09-24 12:25:18,/history,BSE:SENSEX26SEP77500PE,D,2026-06-16,2026-09-24,1,1,1,200,ok
2026-09-24 12:25:18,/history,BSE:SENSEX26SEP77500CE,5S,2026-08-17,2026-09-16,1,1,1,200,ok
2026-09-24 12:25:18,/history,BSE:SENSEX26SEP77600PE,5S,2026-06-16,2026-07-16,1,1,1,200,no_data
2026-09-24 12:25:18,/history,BSE:SENSEX26SEP77600CE,5S,2026-07-17,2026-08-16,1,1,1,200,no_data
2026-09-24 12:25:18,/history,BSE:SENSEX26SEP77500PE,5S,2026-08-17,2026-09-16,1,1,1,200,ok
2026-09-24 12:25:18,/history,BSE:SENSEX26SEP77600PE,5S,2026-07-17,2026-08-16,1,1,1,200,no_data
2026-09-24 12:25:19,/history,BSE:SENSEX26SEP77600CE,1,2026-06-16,2026-09-24,1,1,1,200,ok
2026-09-24 12:25:19,/history,BSE:SENSEX26SEP77500CE,5S,2026-09-17,2026-09-24,1,1,1,200,ok
2026-09-24 12:25:20,/history,BSE:SENSEX26SEP77600PE,1,2026-06-16,2026-09-24,1,1,1,200,ok
2026-09-24 12:25:20,/history,BSE:SENSEX26SEP77500PE,5S,2026-09-17,2026-09-24,1,1,1,200,ok
2026-09-24 12:25:21,/history,BSE:SENSEX26SEP77600PE,5S,2026-08-17,2026-09-16,1,1,1,200,ok
2026-09-24 12:25:21,/history,BSE:SENSEX26SEP77600CE,5S,2026-08-17,2026-09-16,1,1,1,200,ok
2026-09-24 12:25:22,/history,BSE:SENSEX26SEP77600CE,5,2026-06-16,2026-09-24,1,1,1,200,ok
2026-09-24 12:25:22,/history,BSE:SENSEX26SEP77600PE,5S,2026-09-17,2026-09-24,1,1,1,200,ok
2026-09-24 12:25:22,/history,BSE:SENSEX26SEP77600PE,5,2026-06-16,2026-09-24,1,1,1,200,ok
2026-09-24 12:25:23,/history,BSE:SENSEX26SEP77600CE,60,2026-06-16,2026-09-24,1,1,1,200,ok
2026-09-24 12:25:23,/history,BSE:SENSEX26SEP77600PE,60,2026-06-16,2026-09-24,1,1,1,200,ok
2026-09-24 12:25:23,/history,BSE:SENSEX26SEP77600CE,5S,2026-09-17,2026-09-24,1,1,1,200,ok
2026-09-24 12:25:24,/history,BSE:SENSEX26SEP77600CE,D,2026-06-16,2026-09-24,1,1,1,200,ok
2026-09-24 12:25:24,/history,BSE:SENSEX26SEP77600PE,D,2026-06-16,2026-09-24,1,1,1,200,ok
2026-09-24 12:25:25,/history,BSE:SENSEX26SEP77700CE,5S,2026-06-16,2026-07-16,1,1,1,200,no_data
2026-09-24 12:25:25,/history,BSE:SENSEX26SEP77700CE,5S,2026-07-17,2026-08-16,1,1,1,200,no_data
2026-09-24 12:25:25,/history,BSE:SENSEX26SEP77700PE,5S,2026-06-16,2026-07-16,1,1,1,200,no_data
2026-09-24 12:25:26,/history,BSE:SENSEX26SEP77700PE,5S,2026-07-17,2026-08-16,1,1,1,200,no_data
2026-09-24 12:25:28,/history,BSE:SENSEX26SEP77700CE,5S,2026-08-17,2026-09-16,1,1,1,200,ok
2026-09-24 12:25:28,/history,BSE:SENSEX26SEP77700PE,5S,2026-08-17,2026-09-16,1,1,1,200,ok
2026-09-24 12:25:29,/history,BSE:SENSEX26SEP77700PE,5S,2026-09-17,2026-09-24,1,1,1,200,ok
2026-09-24 12:25:30,/history,BSE:SENSEX26SEP77700CE,5S,2026-09-17,2026-09-24,1,1,1,200,ok
2026-09-24 12:25:30,/history,BSE:SENSEX26SEP77700CE,1,2026-06-16,2026-09-24,1,1,1,200,ok
2026-09-24 12:25:31,/history,BSE:SENSEX26SEP77700PE,1,2026-06-16,2026-09-24,1,1,1,200,ok
2026-09-24 12:25:31,/history,BSE:SENSEX26SEP77700PE,5,2026-06-16,2026-09-24,1,1,1,200,ok
2026-09-24 12:25:31,/history,BSE:SENSEX26SEP77700CE,5,2026-06-16,2026-09-24,1,1,1,200,ok
2026-09-24 12:25:31,/history,BSE:SENSEX26SEP77700CE,60,2026-06-16,2026-09-24,1,1,1,200,ok
2026-09-24 12:25:32,/history,BSE:SENSEX26SEP77700CE,D,2026-06-16,2026-09-24,1,1,1,200,ok
2026-09-24 12:25:32,/history,BSE:SENSEX26SEP77700PE,D,2026-06-16,2026-09-24,1,1,1,200,ok
2026-09-24 12:25:32,/history,BSE:SENSEX26SEP77700PE,60,2026-06-16,2026-09-24,1,1,1,200,ok
2026-09-24 12:25:32,/history,BSE:SENSEX26SEP77800PE,5S,2026-06-16,2026-07-16,1,1,1,200,no_data
2026-09-24 12:25:32,/history,BSE:SENSEX26SEP77800CE,5S,2026-06-16,2026-07-16,1,1,1,200,no_data
2026-09-24 12:25:32,/history,BSE:SENSEX26SEP77800CE,1,2026-06-16,2026-09-24,1,1,1,200,ok
2026-09-24 12:25:32,/history,BSE:SENSEX26SEP77800PE,1,2026-06-16,2026-09-24,1,1,1,200,ok
2026-09-24 12:25:32,/history,BSE:SENSEX26SEP77800CE,5,2026-06-16,2026-09-24,1,1,1,200,ok
2026-09-24 12:25:32,/history,BSE:SENSEX26SEP77800PE,5S,2026-07-17,2026-08-16,1,1,1,200,ok
2026-09-24 12:25:33,/history,BSE:SENSEX26SEP77800PE,5,2026-06-16,2026-09-24,1,1,1,200,ok
2026-09-24 12:25:33,/history,BSE:SENSEX26SEP77800CE,60,2026-06-16,2026-09-24,1,1,1,200,ok
2026-09-24 12:25:33,/history,BSE:SENSEX26SEP77800CE,5S,2026-07-17,2026-08-16,1,1,1,200,no_data
2026-09-24 12:25:33,/history,BSE:SENSEX26SEP77800CE,D,2026-06-16,2026-09-24,1,1,1,200,ok
2026-09-24 12:25:33,/history,BSE:SENSEX26SEP77800PE,60,2026-06-16,2026-09-24,1,1,1,200,ok
2026-09-24 12:25:33,/history,BSE:SENSEX26SEP77800PE,D,2026-06-16,2026-09-24,1,1,1,200,ok
2026-09-24 12:25:33,/history,BSE:SENSEX26SEP77800PE,5S,2026-08-17,2026-09-16,1,1,1,200,ok
2026-09-24 12:25:33,/history,BSE:SENSEX26SEP77900CE,5S,2026-06-16,2026-07-16,1,1,1,200,no_data
2026-09-24 12:25:34,/history,BSE:SENSEX26SEP77900PE,5S,2026-06-16,2026-07-16,1,1,1,200,no_data
2026-09-24 12:25:34,/history,BSE:SENSEX26SEP77900CE,1,2026-06-16,2026-09-24,1,1,1,200,ok
2026-09-24 12:25:34,/history,BSE:SENSEX26SEP77800PE,5S,2026-09-17,2026-09-24,1,1,1,200,ok
2026-09-24 12:25:34,/history,BSE:SENSEX26SEP77900CE,5S,2026-07-17,2026-08-16,1,1,1,200,no_data
2026-09-24 12:25:34,/history,BSE:SENSEX26SEP77900PE,5S,2026-07-17,2026-08-16,1,1,1,200,no_data
2026-09-24 12:25:35,/history,BSE:SENSEX26SEP77800CE,5S,2026-08-17,2026-09-16,1,1,1,200,ok
2026-09-24 12:25:35,/history,BSE:SENSEX26SEP77900PE,1,2026-06-16,2026-09-24,1,1,1,200,ok
2026-09-24 12:25:36,/history,BSE:SENSEX26SEP77900PE,5S,2026-08-17,2026-09-16,1,1,1,200,ok
2026-09-24 12:25:36,/history,BSE:SENSEX26SEP77900CE,5,2026-06-16,2026-09-24,1,1,1,200,ok
2026-09-24 12:25:36,/history,BSE:SENSEX26SEP77800CE,5S,2026-09-17,2026-09-24,1,1,1,200,ok
2026-09-24 12:25:36,/history,BSE:SENSEX26SEP77900CE,5S,2026-08-17,2026-09-16,1,1,1,200,ok
2026-09-24 12:25:37,/history,BSE:SENSEX26SEP77900PE,5S,2026-09-17,2026-09-24,1,1,1,200,ok
2026-09-24 12:25:37,/history,BSE:SENSEX26SEP77900PE,5,2026-06-16,2026-09-24,1,1,1,200,ok
2026-09-24 12:25:37,/history,BSE:SENSEX26SEP77900CE,60,2026-06-16,2026-09-24,1,1,1,200,ok
2026-09-24 12:25:38,/history,BSE:SENSEX26SEP77900PE,60,2026-06-16,2026-09-24,1,1,1,200,ok
2026-09-24 12:25:38,/history,BSE:SENSEX26SEP77900CE,D,2026-06-16,2026-09-24,1,1,1,200,ok
2026-09-24 12:25:38,/history,BSE:SENSEX26SEP77900CE,5S,2026-09-17,2026-09-24,1,1,1,200,ok
2026-09-24 12:25:38,/history,BSE:SENSEX26SEP77900PE,D,2026-06-16,2026-09-24,1,1,1,200,ok
2026-09-24 12:25:39,/history,BSE:SENSEX26SEP78000CE,5S,2026-06-16,2026-07-16,1,1,1,200,no_data
2026-09-24 12:25:39,/history,BSE:SENSEX26SEP78000PE,5S,2026-06-16,2026-07-16,1,1,1,200,no_data
2026-09-24 12:25:40,/history,BSE:SENSEX26SEP78000CE,1,2026-06-16,2026-09-24,1,1,1,200,ok
2026-09-24 12:25:41,/history,BSE:SENSEX26SEP78000PE,5S,2026-07-17,2026-08-16,1,1,1,200,ok
2026-09-24 12:25:41,/history,BSE:SENSEX26SEP78000CE,5S,2026-07-17,2026-08-16,1,1,1,200,ok
2026-09-24 12:25:42,/history,BSE:SENSEX26SEP78000CE,5,2026-06-16,2026-09-24,1,1,1,200,ok
2026-09-24 12:25:42,/history,BSE:SENSEX26SEP78000PE,1,2026-06-16,2026-09-24,1,1,1,200,ok
2026-09-24 12:25:43,/history,BSE:SENSEX26SEP78000PE,5,2026-06-16,2026-09-24,1,1,1,200,ok
2026-09-24 12:25:44,/history,BSE:SENSEX26SEP78000CE,60,2026-06-16,2026-09-24,1,1,1,200,ok
2026-09-24 12:25:44,/history,BSE:SENSEX26SEP78000PE,60,2026-06-16,2026-09-24,1,1,1,200,ok
2026-09-24 12:25:44,/history,BSE:SENSEX26SEP78000CE,D,2026-06-16,2026-09-24,1,1,1,200,ok
2026-09-24 12:25:44,/history,BSE:SENSEX26SEP78000PE,D,2026-06-16,2026-09-24,1,1,1,200,ok
2026-09-24 12:25:44,/history,BSE:SENSEX26SEP78000PE,5S,2026-08-17,2026-09-16,1,1,1,200,ok
2026-09-24 12:25:45,/history,BSE:SENSEX26SEP78100CE,5S,2026-06-16,2026-07-16,1,1,1,200,no_data
2026-09-24 12:25:45,/history,BSE:SENSEX26SEP78100PE,5S,2026-06-16,2026-07-16,1,1,1,200,no_data
2026-09-24 12:25:45,/history,BSE:SENSEX26SEP78000CE,5S,2026-08-17,2026-09-16,1,1,1,200,ok
2026-09-24 12:25:45,/history,BSE:SENSEX26SEP78100CE,5S,2026-07-17,2026-08-16,1,1,1,200,no_data
2026-09-24 12:25:45,/history,BSE:SENSEX26SEP78100CE,1,2026-06-16,2026-09-24,1,1,1,200,ok
2026-09-24 12:25:45,/history,BSE:SENSEX26SEP78100PE,5S,2026-07-17,2026-08-16,1,1,1,200,no_data
2026-09-24 12:25:45,/history,BSE:SENSEX26SEP78000PE,5S,2026-09-17,2026-09-24,1,1,1,200,ok
2026-09-24 12:25:46,/history,BSE:SENSEX26SEP78100PE,1,2026-06-16,2026-09-24,1,1,1,200,ok
2026-09-24 12:25:46,/history,BSE:SENSEX26SEP78100PE,5S,2026-08-17,2026-09-16,1,1,1,200,ok
2026-09-24 12:25:46,/history,BSE:SENSEX26SEP78000CE,5S,2026-09-17,2026-09-24,1,1,1,200,ok
2026-09-24 12:25:46,/history,BSE:SENSEX26SEP78100PE,5S,2026-09-17,2026-09-24,1,1,1,200,no_data
2026-09-24 12:25:47,/history,BSE:SENSEX26SEP78100CE,5,2026-06-16,2026-09-24,1,1,1,200,ok
2026-09-24 12:25:47,/history,BSE:SENSEX26SEP78100CE,5S,2026-08-17,2026-09-16,1,1,1,200,ok
2026-09-24 12:25:47,/history,BSE:SENSEX26SEP78100PE,5,2026-06-16,2026-09-24,1,1,1,200,ok
2026-09-24 12:25:48,/history,BSE:SENSEX26SEP78100CE,60,2026-06-16,2026-09-24,1,1,1,200,ok
2026-09-24 12:25:48,/history,BSE:SENSEX26SEP78100PE,60,2026-06-16,2026-09-24,1,1,1,200,ok
2026-09-24 12:25:48,/history,BSE:SENSEX26SEP78100CE,D,2026-06-16,2026-09-24,1,1,1,200,ok
2026-09-24 12:25:48,/history,BSE:SENSEX26SEP78100PE,D,2026-06-16,2026-09-24,1,1,1,200,ok
2026-09-24 12:25:48,/history,BSE:SENSEX26SEP78100CE,5S,2026-09-17,2026-09-24,1,1,1,200,ok
2026-09-24 12:25:48,/history,BSE:SENSEX26SEP78200CE,5S,2026-06-16,2026-07-16,1,1,1,200,no_data
2026-09-24 12:25:49,/history,BSE:SENSEX26SEP78200PE,5S,2026-06-16,2026-07-16,1,1,1,200,no_data
2026-09-24 12:25:49,/history,BSE:SENSEX26SEP78200CE,5S,2026-07-17,2026-08-16,1,1,1,200,no_data
2026-09-24 12:25:49,/history,BSE:SENSEX26SEP78200PE,5S,2026-07-17,2026-08-16,1,1,1,200,no_data
2026-09-24 12:25:50,/history,BSE:SENSEX26SEP78200PE,5S,2026-08-17,2026-09-16,1,1,1,200,ok
2026-09-24 12:25:51,/history,BSE:SENSEX26SEP78200CE,5S,2026-08-17,2026-09-16,1,1,1,200,ok
2026-09-24 12:25:51,/history,BSE:SENSEX26SEP78200PE,5S,2026-09-17,2026-09-24,1,1,1,200,ok
2026-09-24 12:25:52,/history,BSE:SENSEX26SEP78200CE,5S,2026-09-17,2026-09-24,1,1,1,200,ok
2026-09-24 12:25:52,/history,BSE:SENSEX26SEP78200CE,1,2026-06-16,2026-09-24,1,1,1,200,ok
2026-09-24 12:25:53,/history,BSE:SENSEX26SEP78200PE,1,2026-06-16,2026-09-24,1,1,1,200,ok
2026-09-24 12:25:53,/history,BSE:SENSEX26SEP78200PE,5,2026-06-16,2026-09-24,1,1,1,200,ok
2026-09-24 12:25:53,/history,BSE:SENSEX26SEP78200CE,5,2026-06-16,2026-09-24,1,1,1,200,ok
2026-09-24 12:25:53,/history,BSE:SENSEX26SEP78200CE,60,2026-06-16,2026-09-24,1,1,1,200,ok
2026-09-24 12:25:54,/history,BSE:SENSEX26SEP78200PE,60,2026-06-16,2026-09-24,1,1,1,200,ok
2026-09-24 12:25:54,/history,BSE:SENSEX26SEP78300CE,5S,2026-06-16,2026-07-16,1,1,1,200,no_data
2026-09-24 12:25:54,/history,BSE:SENSEX26SEP78200CE,D,2026-06-16,2026-09-24,1,1,1,200,ok
2026-09-24 12:25:54,/history,BSE:SENSEX26SEP78200PE,D,2026-06-16,2026-09-24,1,1,1,200,ok
2026-09-24 12:25:54,/history,BSE:SENSEX26SEP78300PE,5S,2026-06-16,2026-07-16,1,1,1,200,no_data
2026-09-24 12:25:54,/history,BSE:SENSEX26SEP78300CE,5S,2026-07-17,2026-08-16,1,1,1,200,no_data
2026-09-24 12:25:54,/history,BSE:SENSEX26SEP78300PE,5S,2026-07-17,2026-08-16,1,1,1,200,no_data
2026-09-24 12:25:54,/history,BSE:SENSEX26SEP78300PE,1,2026-06-16,2026-09-24,1,1,1,200,ok
2026-09-24 12:25:54,/history,BSE:SENSEX26SEP78300CE,1,2026-06-16,2026-09-24,1,1,1,200,ok
2026-09-24 12:25:55,/history,BSE:SENSEX26SEP78300CE,5,2026-06-16,2026-09-24,1,1,1,200,ok
2026-09-24 12:25:55,/history,BSE:SENSEX26SEP78300PE,5,2026-06-16,2026-09-24,1,1,1,200,ok
2026-09-24 12:25:55,/history,BSE:SENSEX26SEP78300CE,60,2026-06-16,2026-09-24,1,1,1,200,ok
2026-09-24 12:25:55,/history,BSE:SENSEX26SEP78300PE,60,2026-06-16,2026-09-24,1,1,1,200,ok
2026-09-24 12:25:55,/history,BSE:SENSEX26SEP78300CE,D,2026-06-16,2026-09-24,1,1,1,200,ok
2026-09-24 12:25:56,/history,BSE:SENSEX26SEP78300PE,D,2026-06-16,2026-09-24,1,1,1,200,ok
2026-09-24 12:25:56,/history,BSE:SENSEX26SEP78300PE,5S,2026-08-17,2026-09-16,1,1,1,200,ok
2026-09-24 12:25:56,/history,BSE:SENSEX26SEP78300CE,5S,2026-08-17,2026-09-16,1,1,1,200,ok
2026-09-24 12:25:57,/history,BSE:SENSEX26SEP78300PE,5S,2026-09-17,2026-09-24,1,1,1,200,no_data
2026-09-24 12:25:57,/history,BSE:SENSEX26SEP78400CE,5S,2026-06-16,2026-07-16,1,1,1,200,no_data
2026-09-24 12:25:57,/history,BSE:SENSEX26SEP78400CE,1,2026-06-16,2026-09-24,1,1,1,200,ok
2026-09-24 12:25:58,/history,BSE:SENSEX26SEP78400PE,5S,2026-06-16,2026-07-16,1,1,1,200,no_data
2026-09-24 12:25:58,/history,BSE:SENSEX26SEP78400PE,1,2026-06-16,2026-09-24,1,1,1,200,ok
2026-09-24 12:25:59,/history,BSE:SENSEX26SEP78400PE,5S,2026-07-17,2026-08-16,1,1,1,200,no_data
2026-09-24 12:25:59,/history,BSE:SENSEX26SEP78300CE,5S,2026-09-17,2026-09-24,1,1,1,200,ok
2026-09-24 12:26:00,/history,BSE:SENSEX26SEP78400PE,5S,2026-08-17,2026-09-16,1,1,1,200,ok
2026-09-24 12:26:00,/history,BSE:SENSEX26SEP78400CE,60,2026-06-16,2026-09-24,1,1,1,200,ok
2026-09-24 12:26:01,/history,BSE:SENSEX26SEP78400PE,60,2026-06-16,2026-09-24,1,1,1,200,ok
2026-09-24 12:26:01,/history,BSE:SENSEX26SEP78400PE,5,2026-06-16,2026-09-24,1,1,1,200,ok
2026-09-24 12:26:02,/history,BSE:SENSEX26SEP78400CE,5,2026-06-16,2026-09-24,1,1,1,200,ok
2026-09-24 12:26:02,/history,BSE:SENSEX26SEP78400CE,5S,2026-07-17,2026-08-16,1,1,1,200,no_data
2026-09-24 12:26:02,/history,BSE:SENSEX26SEP78400PE,D,2026-06-16,2026-09-24,1,1,1,200,ok
2026-09-24 12:26:03,/history,BSE:SENSEX26SEP78500CE,5S,2026-06-16,2026-07-16,1,1,1,200,no_data
2026-09-24 12:26:03,/history,BSE:SENSEX26SEP78400CE,5S,2026-08-17,2026-09-16,1,1,1,200,ok
2026-09-24 12:26:04,/history,BSE:SENSEX26SEP78500PE,5S,2026-06-16,2026-07-16,1,1,1,200,no_data
2026-09-24 12:26:04,/history,BSE:SENSEX26SEP78500CE,5S,2026-07-17,2026-08-16,1,1,1,200,ok
2026-09-24 12:26:04,/history,BSE:SENSEX26SEP78400CE,5S,2026-09-17,2026-09-24,1,1,1,200,ok
2026-09-24 12:26:04,/history,BSE:SENSEX26SEP78400PE,5S,2026-09-17,2026-09-24,1,1,1,200,no_data
2026-09-24 12:26:04,/history,BSE:SENSEX26SEP78400CE,D,2026-06-16,2026-09-24,1,1,1,200,ok
2026-09-24 12:26:04,/history,BSE:SENSEX26SEP78500PE,5S,2026-07-17,2026-08-16,1,1,1,200,ok
2026-09-24 12:26:05,/history,BSE:SENSEX26SEP78500CE,1,2026-06-16,2026-09-24,1,1,1,200,ok
2026-09-24 12:26:05,/history,BSE:SENSEX26SEP78500PE,1,2026-06-16,2026-09-24,1,1,1,200,ok
2026-09-24 12:26:06,/history,BSE:SENSEX26SEP78500CE,5,2026-06-16,2026-09-24,1,1,1,200,ok
2026-09-24 12:26:06,/history,BSE:SENSEX26SEP78500CE,60,2026-06-16,2026-09-24,1,1,1,200,ok
2026-09-24 12:26:07,/history,BSE:SENSEX26SEP78500PE,60,2026-06-16,2026-09-24,1,1,1,200,ok
2026-09-24 12:26:07,/history,BSE:SENSEX26SEP78500PE,5,2026-06-16,2026-09-24,1,1,1,200,ok
2026-09-24 12:26:07,/history,BSE:SENSEX26SEP78500CE,D,2026-06-16,2026-09-24,1,1,1,200,ok
2026-09-24 12:26:07,/history,BSE:SENSEX26SEP78500PE,D,2026-06-16,2026-09-24,1,1,1,200,ok
2026-09-24 12:26:07,/history,BSE:SENSEX26SEP78600CE,5S,2026-06-16,2026-07-16,1,1,1,200,no_data
2026-09-24 12:26:08,/history,BSE:SENSEX26SEP78600PE,5S,2026-06-16,2026-07-16,1,1,1,200,no_data
2026-09-24 12:26:08,/history,BSE:SENSEX26SEP78600CE,5S,2026-07-17,2026-08-16,1,1,1,200,no_data
2026-09-24 12:26:08,/history,BSE:SENSEX26SEP78500CE,5S,2026-08-17,2026-09-16,1,1,1,200,ok
2026-09-24 12:26:08,/history,BSE:SENSEX26SEP78600PE,5S,2026-07-17,2026-08-16,1,1,1,200,no_data
2026-09-24 12:26:08,/history,BSE:SENSEX26SEP78600CE,1,2026-06-16,2026-09-24,1,1,1,200,ok
2026-09-24 12:26:09,/history,BSE:SENSEX26SEP78600PE,1,2026-06-16,2026-09-24,1,1,1,200,ok
2026-09-24 12:26:10,/history,BSE:SENSEX26SEP78500PE,5S,2026-08-17,2026-09-16,1,1,1,200,ok
2026-09-24 12:26:10,/history,BSE:SENSEX26SEP78600PE,5S,2026-08-17,2026-09-16,1,1,1,200,ok
2026-09-24 12:26:10,/history,BSE:SENSEX26SEP78600CE,5,2026-06-16,2026-09-24,1,1,1,200,ok
2026-09-24 12:26:10,/history,BSE:SENSEX26SEP78500CE,5S,2026-09-17,2026-09-24,1,1,1,200,ok
2026-09-24 12:26:11,/history,BSE:SENSEX26SEP78600PE,5S,2026-09-17,2026-09-24,1,1,1,200,ok
2026-09-24 12:26:11,/history,BSE:SENSEX26SEP78600PE,5,2026-06-16,2026-09-24,1,1,1,200,ok
2026-09-24 12:26:12,/history,BSE:SENSEX26SEP78600CE,60,2026-06-16,2026-09-24,1,1,1,200,ok
2026-09-24 12:26:12,/history,BSE:SENSEX26SEP78500PE,5S,2026-09-17,2026-09-24,1,1,1,200,ok
2026-09-24 12:26:12,/history,BSE:SENSEX26SEP78600CE,5S,2026-08-17,2026-09-16,1,1,1,200,ok
2026-09-24 12:26:12,/history,BSE:SENSEX26SEP78600PE,60,2026-06-16,2026-09-24,1,1,1,200,ok
2026-09-24 12:26:13,/history,BSE:SENSEX26SEP78600CE,D,2026-06-16,2026-09-24,1,1,1,200,ok
2026-09-24 12:26:13,/history,BSE:SENSEX26SEP78600PE,D,2026-06-16,2026-09-24,1,1,1,200,ok
2026-09-24 12:26:13,/history,BSE:SENSEX26SEP78600CE,5S,2026-09-17,2026-09-24,1,1,1,200,ok
